user_id,month,plan,monthly_price,payment_status,amount_paid,is_active
1,1,Plus,19.99,paid,19.99,True
2,1,Basic,9.99,paid,9.99,True
3,1,Premium,29.99,paid,29.99,True
4,1,Plus,19.99,paid,19.99,True
5,1,Basic,9.99,paid,9.99,True
6,1,Premium,29.99,paid,29.99,True
7,1,Plus,19.99,paid,19.99,True
8,1,Plus,19.99,paid,19.99,True
9,1,Basic,9.99,paid,9.99,True
10,1,Basic,9.99,paid,9.99,True
11,1,Basic,9.99,paid,9.99,True
12,1,Premium,29.99,paid,29.99,True
13,1,Plus,19.99,paid,19.99,True
14,1,Plus,19.99,paid,19.99,True
15,1,Basic,9.99,paid,9.99,True
16,1,Basic,9.99,paid,9.99,True
17,1,Plus,19.99,paid,19.99,True
18,1,Basic,9.99,paid,9.99,True
19,1,Plus,19.99,paid,19.99,True
20,1,Plus,19.99,paid,19.99,True
21,1,Plus,19.99,paid,19.99,True
22,1,Basic,9.99,paid,9.99,True
23,1,Premium,29.99,paid,29.99,True
24,1,Premium,29.99,paid,29.99,True
25,1,Plus,19.99,paid,19.99,True
26,1,Basic,9.99,paid,9.99,True
27,1,Basic,9.99,paid,9.99,True
28,1,Basic,9.99,paid,9.99,True
29,1,Basic,9.99,paid,9.99,True
30,1,Plus,19.99,paid,19.99,True
31,1,Plus,19.99,paid,19.99,True
32,1,Premium,29.99,paid,29.99,True
33,1,Basic,9.99,paid,9.99,True
34,1,Basic,9.99,paid,9.99,True
35,1,Basic,9.99,paid,9.99,True
36,1,Basic,9.99,paid,9.99,True
37,1,Basic,9.99,paid,9.99,True
38,1,Basic,9.99,paid,9.99,True
39,1,Basic,9.99,paid,9.99,True
40,1,Plus,19.99,paid,19.99,True
41,1,Basic,9.99,paid,9.99,True
42,1,Plus,19.99,paid,19.99,True
43,1,Plus,19.99,paid,19.99,True
44,1,Basic,9.99,paid,9.99,True
45,1,Plus,19.99,failed,0.0,True
46,1,Plus,19.99,paid,19.99,True
47,1,Basic,9.99,paid,9.99,True
48,1,Basic,9.99,paid,9.99,True
49,1,Plus,19.99,paid,19.99,True
50,1,Basic,9.99,paid,9.99,True
51,1,Basic,9.99,paid,9.99,True
52,1,Basic,9.99,paid,9.99,True
53,1,Plus,19.99,paid,19.99,True
54,1,Plus,19.99,paid,19.99,True
55,1,Plus,19.99,paid,19.99,True
56,1,Plus,19.99,paid,19.99,True
57,1,Basic,9.99,paid,9.99,True
58,1,Plus,19.99,paid,19.99,True
59,1,Basic,9.99,paid,9.99,True
60,1,Basic,9.99,paid,9.99,True
61,1,Plus,19.99,paid,19.99,True
62,1,Basic,9.99,paid,9.99,True
63,1,Plus,19.99,paid,19.99,True
64,1,Plus,19.99,paid,19.99,True
65,1,Plus,19.99,paid,19.99,True
66,1,Plus,19.99,paid,19.99,True
67,1,Plus,19.99,paid,19.99,True
68,1,Basic,9.99,paid,9.99,True
69,1,Basic,9.99,failed,0.0,True
70,1,Basic,9.99,paid,9.99,True
71,1,Basic,9.99,paid,9.99,True
72,1,Basic,9.99,paid,9.99,True
73,1,Premium,29.99,paid,29.99,True
74,1,Basic,9.99,paid,9.99,True
75,1,Basic,9.99,paid,9.99,True
76,1,Basic,9.99,paid,9.99,True
77,1,Basic,9.99,paid,9.99,True
78,1,Plus,19.99,paid,19.99,True
79,1,Plus,19.99,paid,19.99,True
80,1,Plus,19.99,paid,19.99,True
81,1,Plus,19.99,paid,19.99,True
82,1,Basic,9.99,paid,9.99,True
83,1,Plus,19.99,paid,19.99,True
84,1,Basic,9.99,paid,9.99,True
85,1,Basic,9.99,paid,9.99,True
86,1,Basic,9.99,paid,9.99,True
87,1,Plus,19.99,paid,19.99,True
88,1,Basic,9.99,paid,9.99,True
89,1,Basic,9.99,paid,9.99,True
90,1,Basic,9.99,paid,9.99,True
91,1,Basic,9.99,paid,9.99,True
92,1,Plus,19.99,paid,19.99,True
93,1,Basic,9.99,paid,9.99,True
94,1,Basic,9.99,paid,9.99,True
95,1,Basic,9.99,paid,9.99,True
96,1,Plus,19.99,paid,19.99,True
97,1,Basic,9.99,paid,9.99,True
98,1,Basic,9.99,paid,9.99,True
99,1,Basic,9.99,paid,9.99,True
100,1,Premium,29.99,paid,29.99,True
101,1,Premium,29.99,failed,0.0,True
102,1,Plus,19.99,paid,19.99,True
103,1,Basic,9.99,paid,9.99,True
104,1,Premium,29.99,paid,29.99,True
105,1,Plus,19.99,paid,19.99,True
106,1,Plus,19.99,paid,19.99,True
107,1,Basic,9.99,paid,9.99,True
108,1,Basic,9.99,paid,9.99,True
109,1,Basic,9.99,paid,9.99,True
110,1,Premium,29.99,paid,29.99,True
111,1,Basic,9.99,paid,9.99,True
112,1,Basic,9.99,paid,9.99,True
113,1,Basic,9.99,paid,9.99,True
114,1,Plus,19.99,paid,19.99,True
115,1,Basic,9.99,paid,9.99,True
116,1,Premium,29.99,paid,29.99,True
117,1,Plus,19.99,paid,19.99,True
118,1,Plus,19.99,paid,19.99,True
119,1,Basic,9.99,paid,9.99,True
120,1,Plus,19.99,paid,19.99,True
121,1,Plus,19.99,paid,19.99,True
122,1,Plus,19.99,paid,19.99,True
123,1,Basic,9.99,paid,9.99,True
124,1,Basic,9.99,paid,9.99,True
125,1,Basic,9.99,paid,9.99,True
126,1,Basic,9.99,paid,9.99,True
127,1,Basic,9.99,paid,9.99,True
128,1,Basic,9.99,paid,9.99,True
129,1,Basic,9.99,paid,9.99,True
130,1,Plus,19.99,paid,19.99,True
131,1,Basic,9.99,paid,9.99,True
132,1,Premium,29.99,paid,29.99,True
133,1,Plus,19.99,paid,19.99,True
134,1,Basic,9.99,paid,9.99,True
135,1,Plus,19.99,paid,19.99,True
136,1,Basic,9.99,paid,9.99,True
137,1,Premium,29.99,paid,29.99,True
138,1,Basic,9.99,paid,9.99,True
139,1,Plus,19.99,paid,19.99,True
140,1,Basic,9.99,paid,9.99,True
141,1,Basic,9.99,paid,9.99,True
142,1,Basic,9.99,paid,9.99,True
143,1,Premium,29.99,paid,29.99,True
144,1,Plus,19.99,paid,19.99,True
145,1,Basic,9.99,paid,9.99,True
146,1,Basic,9.99,paid,9.99,True
147,1,Basic,9.99,paid,9.99,True
148,1,Basic,9.99,paid,9.99,True
149,1,Basic,9.99,paid,9.99,True
150,1,Basic,9.99,paid,9.99,True
151,1,Plus,19.99,paid,19.99,True
152,1,Premium,29.99,paid,29.99,True
153,1,Basic,9.99,paid,9.99,True
154,1,Plus,19.99,paid,19.99,True
155,1,Basic,9.99,paid,9.99,True
156,1,Plus,19.99,paid,19.99,True
157,1,Basic,9.99,paid,9.99,True
158,1,Plus,19.99,failed,0.0,True
159,1,Plus,19.99,paid,19.99,True
160,1,Plus,19.99,paid,19.99,True
161,1,Basic,9.99,paid,9.99,True
162,1,Premium,29.99,paid,29.99,True
163,1,Basic,9.99,paid,9.99,True
164,1,Basic,9.99,paid,9.99,True
165,1,Plus,19.99,paid,19.99,True
166,1,Basic,9.99,paid,9.99,True
167,1,Plus,19.99,paid,19.99,True
168,1,Plus,19.99,paid,19.99,True
169,1,Basic,9.99,paid,9.99,True
170,1,Premium,29.99,paid,29.99,True
171,1,Basic,9.99,paid,9.99,True
172,1,Basic,9.99,paid,9.99,True
173,1,Basic,9.99,paid,9.99,True
174,1,Premium,29.99,paid,29.99,True
175,1,Basic,9.99,paid,9.99,True
176,1,Basic,9.99,paid,9.99,True
177,1,Basic,9.99,paid,9.99,True
178,1,Premium,29.99,paid,29.99,True
179,1,Premium,29.99,paid,29.99,True
180,1,Plus,19.99,paid,19.99,True
181,1,Premium,29.99,paid,29.99,True
182,1,Premium,29.99,paid,29.99,True
183,1,Basic,9.99,paid,9.99,True
184,1,Basic,9.99,paid,9.99,True
185,1,Plus,19.99,paid,19.99,True
186,1,Plus,19.99,paid,19.99,True
187,1,Basic,9.99,paid,9.99,True
188,1,Basic,9.99,paid,9.99,True
189,1,Plus,19.99,paid,19.99,True
190,1,Basic,9.99,paid,9.99,True
191,1,Premium,29.99,paid,29.99,True
192,1,Basic,9.99,paid,9.99,True
193,1,Basic,9.99,paid,9.99,True
194,1,Plus,19.99,paid,19.99,True
195,1,Basic,9.99,paid,9.99,True
196,1,Basic,9.99,paid,9.99,True
197,1,Plus,19.99,paid,19.99,True
198,1,Premium,29.99,paid,29.99,True
199,1,Basic,9.99,paid,9.99,True
200,1,Basic,9.99,paid,9.99,True
201,1,Plus,19.99,paid,19.99,True
202,1,Premium,29.99,paid,29.99,True
203,1,Basic,9.99,paid,9.99,True
204,1,Basic,9.99,paid,9.99,True
205,1,Basic,9.99,failed,0.0,True
206,1,Basic,9.99,paid,9.99,True
207,1,Basic,9.99,paid,9.99,True
208,1,Plus,19.99,paid,19.99,True
209,1,Basic,9.99,paid,9.99,True
210,1,Basic,9.99,paid,9.99,True
211,1,Plus,19.99,paid,19.99,True
212,1,Plus,19.99,paid,19.99,True
213,1,Basic,9.99,paid,9.99,True
214,1,Plus,19.99,paid,19.99,True
215,1,Plus,19.99,paid,19.99,True
216,1,Plus,19.99,paid,19.99,True
217,1,Basic,9.99,paid,9.99,True
218,1,Basic,9.99,paid,9.99,True
219,1,Premium,29.99,paid,29.99,True
220,1,Basic,9.99,paid,9.99,True
221,1,Basic,9.99,failed,0.0,True
222,1,Basic,9.99,paid,9.99,True
223,1,Plus,19.99,paid,19.99,True
224,1,Premium,29.99,paid,29.99,True
225,1,Basic,9.99,paid,9.99,True
226,1,Premium,29.99,paid,29.99,True
227,1,Basic,9.99,paid,9.99,True
228,1,Plus,19.99,paid,19.99,True
229,1,Plus,19.99,paid,19.99,True
230,1,Basic,9.99,paid,9.99,True
231,1,Basic,9.99,paid,9.99,True
232,1,Basic,9.99,paid,9.99,True
233,1,Premium,29.99,paid,29.99,True
234,1,Plus,19.99,paid,19.99,True
235,1,Premium,29.99,paid,29.99,True
236,1,Plus,19.99,paid,19.99,True
237,1,Basic,9.99,paid,9.99,True
238,1,Plus,19.99,paid,19.99,True
239,1,Basic,9.99,paid,9.99,True
240,1,Basic,9.99,paid,9.99,True
241,1,Plus,19.99,paid,19.99,True
242,1,Plus,19.99,paid,19.99,True
243,1,Basic,9.99,paid,9.99,True
244,1,Basic,9.99,paid,9.99,True
245,1,Plus,19.99,paid,19.99,True
246,1,Premium,29.99,paid,29.99,True
247,1,Plus,19.99,paid,19.99,True
248,1,Basic,9.99,paid,9.99,True
249,1,Basic,9.99,paid,9.99,True
250,1,Basic,9.99,paid,9.99,True
251,1,Plus,19.99,paid,19.99,True
252,1,Premium,29.99,paid,29.99,True
253,1,Basic,9.99,paid,9.99,True
254,1,Basic,9.99,paid,9.99,True
255,1,Basic,9.99,paid,9.99,True
256,1,Plus,19.99,paid,19.99,True
257,1,Plus,19.99,paid,19.99,True
258,1,Basic,9.99,paid,9.99,True
259,1,Basic,9.99,paid,9.99,True
260,1,Plus,19.99,paid,19.99,True
261,1,Basic,9.99,paid,9.99,True
262,1,Plus,19.99,paid,19.99,True
263,1,Basic,9.99,paid,9.99,True
264,1,Basic,9.99,paid,9.99,True
265,1,Premium,29.99,paid,29.99,True
266,1,Basic,9.99,paid,9.99,True
267,1,Basic,9.99,paid,9.99,True
268,1,Basic,9.99,paid,9.99,True
269,1,Basic,9.99,paid,9.99,True
270,1,Basic,9.99,paid,9.99,True
271,1,Basic,9.99,paid,9.99,True
272,1,Basic,9.99,paid,9.99,True
273,1,Basic,9.99,paid,9.99,True
274,1,Plus,19.99,paid,19.99,True
275,1,Plus,19.99,paid,19.99,True
276,1,Basic,9.99,paid,9.99,True
277,1,Basic,9.99,paid,9.99,True
278,1,Basic,9.99,paid,9.99,True
279,1,Premium,29.99,paid,29.99,True
280,1,Premium,29.99,paid,29.99,True
281,1,Basic,9.99,paid,9.99,True
282,1,Basic,9.99,paid,9.99,True
283,1,Basic,9.99,paid,9.99,True
284,1,Basic,9.99,paid,9.99,True
285,1,Plus,19.99,paid,19.99,True
286,1,Basic,9.99,paid,9.99,True
287,1,Basic,9.99,paid,9.99,True
288,1,Basic,9.99,paid,9.99,True
289,1,Basic,9.99,paid,9.99,True
290,1,Basic,9.99,paid,9.99,True
291,1,Plus,19.99,paid,19.99,True
292,1,Basic,9.99,paid,9.99,True
293,1,Premium,29.99,paid,29.99,True
294,1,Basic,9.99,paid,9.99,True
295,1,Plus,19.99,paid,19.99,True
296,1,Premium,29.99,paid,29.99,True
297,1,Premium,29.99,paid,29.99,True
298,1,Plus,19.99,paid,19.99,True
299,1,Plus,19.99,paid,19.99,True
300,1,Plus,19.99,paid,19.99,True
301,1,Plus,19.99,paid,19.99,True
302,1,Basic,9.99,paid,9.99,True
303,1,Basic,9.99,paid,9.99,True
304,1,Basic,9.99,paid,9.99,True
305,1,Premium,29.99,paid,29.99,True
306,1,Basic,9.99,paid,9.99,True
307,1,Basic,9.99,paid,9.99,True
308,1,Plus,19.99,paid,19.99,True
309,1,Basic,9.99,paid,9.99,True
310,1,Basic,9.99,paid,9.99,True
311,1,Basic,9.99,paid,9.99,True
312,1,Basic,9.99,paid,9.99,True
313,1,Basic,9.99,paid,9.99,True
314,1,Basic,9.99,failed,0.0,True
315,1,Basic,9.99,paid,9.99,True
316,1,Basic,9.99,paid,9.99,True
317,1,Basic,9.99,paid,9.99,True
318,1,Plus,19.99,failed,0.0,True
319,1,Basic,9.99,paid,9.99,True
320,1,Premium,29.99,paid,29.99,True
321,1,Premium,29.99,paid,29.99,True
322,1,Basic,9.99,paid,9.99,True
323,1,Basic,9.99,failed,0.0,True
324,1,Basic,9.99,paid,9.99,True
325,1,Plus,19.99,paid,19.99,True
326,1,Plus,19.99,paid,19.99,True
327,1,Plus,19.99,paid,19.99,True
328,1,Basic,9.99,paid,9.99,True
329,1,Plus,19.99,paid,19.99,True
330,1,Basic,9.99,paid,9.99,True
331,1,Plus,19.99,paid,19.99,True
332,1,Basic,9.99,paid,9.99,True
333,1,Plus,19.99,paid,19.99,True
334,1,Premium,29.99,paid,29.99,True
335,1,Basic,9.99,paid,9.99,True
336,1,Plus,19.99,paid,19.99,True
337,1,Basic,9.99,paid,9.99,True
338,1,Plus,19.99,paid,19.99,True
339,1,Basic,9.99,paid,9.99,True
340,1,Premium,29.99,paid,29.99,True
341,1,Basic,9.99,paid,9.99,True
342,1,Premium,29.99,paid,29.99,True
343,1,Plus,19.99,paid,19.99,True
344,1,Plus,19.99,paid,19.99,True
345,1,Plus,19.99,paid,19.99,True
346,1,Plus,19.99,paid,19.99,True
347,1,Premium,29.99,paid,29.99,True
348,1,Basic,9.99,paid,9.99,True
349,1,Plus,19.99,paid,19.99,True
350,1,Basic,9.99,paid,9.99,True
351,1,Plus,19.99,paid,19.99,True
352,1,Basic,9.99,paid,9.99,True
353,1,Plus,19.99,paid,19.99,True
354,1,Plus,19.99,paid,19.99,True
355,1,Basic,9.99,paid,9.99,True
356,1,Basic,9.99,failed,0.0,True
357,1,Plus,19.99,paid,19.99,True
358,1,Plus,19.99,paid,19.99,True
359,1,Basic,9.99,paid,9.99,True
360,1,Plus,19.99,paid,19.99,True
361,1,Premium,29.99,paid,29.99,True
362,1,Basic,9.99,paid,9.99,True
363,1,Basic,9.99,paid,9.99,True
364,1,Basic,9.99,paid,9.99,True
365,1,Plus,19.99,paid,19.99,True
366,1,Basic,9.99,paid,9.99,True
367,1,Plus,19.99,paid,19.99,True
368,1,Plus,19.99,paid,19.99,True
369,1,Basic,9.99,paid,9.99,True
370,1,Premium,29.99,paid,29.99,True
371,1,Plus,19.99,paid,19.99,True
372,1,Basic,9.99,paid,9.99,True
373,1,Basic,9.99,paid,9.99,True
374,1,Basic,9.99,paid,9.99,True
375,1,Basic,9.99,paid,9.99,True
376,1,Basic,9.99,paid,9.99,True
377,1,Premium,29.99,paid,29.99,True
378,1,Basic,9.99,paid,9.99,True
379,1,Basic,9.99,paid,9.99,True
380,1,Plus,19.99,paid,19.99,True
381,1,Plus,19.99,paid,19.99,True
382,1,Premium,29.99,paid,29.99,True
383,1,Plus,19.99,paid,19.99,True
384,1,Basic,9.99,paid,9.99,True
385,1,Basic,9.99,paid,9.99,True
386,1,Premium,29.99,paid,29.99,True
387,1,Plus,19.99,paid,19.99,True
388,1,Premium,29.99,paid,29.99,True
389,1,Basic,9.99,paid,9.99,True
390,1,Premium,29.99,paid,29.99,True
391,1,Plus,19.99,paid,19.99,True
392,1,Basic,9.99,paid,9.99,True
393,1,Plus,19.99,paid,19.99,True
394,1,Plus,19.99,paid,19.99,True
395,1,Basic,9.99,paid,9.99,True
396,1,Basic,9.99,paid,9.99,True
397,1,Plus,19.99,paid,19.99,True
398,1,Basic,9.99,paid,9.99,True
399,1,Basic,9.99,paid,9.99,True
400,1,Basic,9.99,paid,9.99,True
401,1,Basic,9.99,paid,9.99,True
402,1,Premium,29.99,paid,29.99,True
403,1,Plus,19.99,paid,19.99,True
404,1,Basic,9.99,paid,9.99,True
405,1,Premium,29.99,paid,29.99,True
406,1,Premium,29.99,paid,29.99,True
407,1,Basic,9.99,paid,9.99,True
408,1,Plus,19.99,paid,19.99,True
409,1,Basic,9.99,paid,9.99,True
410,1,Premium,29.99,paid,29.99,True
411,1,Plus,19.99,paid,19.99,True
412,1,Plus,19.99,paid,19.99,True
413,1,Basic,9.99,paid,9.99,True
414,1,Premium,29.99,paid,29.99,True
415,1,Basic,9.99,paid,9.99,True
416,1,Basic,9.99,paid,9.99,True
417,1,Basic,9.99,paid,9.99,True
418,1,Plus,19.99,paid,19.99,True
419,1,Basic,9.99,paid,9.99,True
420,1,Premium,29.99,paid,29.99,True
421,1,Plus,19.99,paid,19.99,True
422,1,Basic,9.99,paid,9.99,True
423,1,Basic,9.99,paid,9.99,True
424,1,Basic,9.99,paid,9.99,True
425,1,Plus,19.99,paid,19.99,True
426,1,Plus,19.99,paid,19.99,True
427,1,Basic,9.99,paid,9.99,True
428,1,Plus,19.99,paid,19.99,True
429,1,Basic,9.99,paid,9.99,True
430,1,Plus,19.99,paid,19.99,True
431,1,Premium,29.99,paid,29.99,True
432,1,Plus,19.99,paid,19.99,True
433,1,Plus,19.99,paid,19.99,True
434,1,Plus,19.99,paid,19.99,True
435,1,Basic,9.99,paid,9.99,True
436,1,Basic,9.99,paid,9.99,True
437,1,Basic,9.99,paid,9.99,True
438,1,Basic,9.99,paid,9.99,True
439,1,Plus,19.99,paid,19.99,True
440,1,Plus,19.99,paid,19.99,True
441,1,Premium,29.99,paid,29.99,True
442,1,Basic,9.99,paid,9.99,True
443,1,Plus,19.99,paid,19.99,True
444,1,Basic,9.99,paid,9.99,True
445,1,Basic,9.99,paid,9.99,True
446,1,Plus,19.99,paid,19.99,True
447,1,Premium,29.99,paid,29.99,True
448,1,Plus,19.99,paid,19.99,True
449,1,Basic,9.99,paid,9.99,True
450,1,Plus,19.99,paid,19.99,True
451,1,Basic,9.99,paid,9.99,True
452,1,Premium,29.99,paid,29.99,True
453,1,Plus,19.99,paid,19.99,True
454,1,Basic,9.99,paid,9.99,True
455,1,Basic,9.99,paid,9.99,True
456,1,Basic,9.99,paid,9.99,True
457,1,Premium,29.99,paid,29.99,True
458,1,Basic,9.99,paid,9.99,True
459,1,Plus,19.99,paid,19.99,True
460,1,Plus,19.99,paid,19.99,True
461,1,Plus,19.99,paid,19.99,True
462,1,Basic,9.99,paid,9.99,True
463,1,Premium,29.99,paid,29.99,True
464,1,Basic,9.99,paid,9.99,True
465,1,Plus,19.99,paid,19.99,True
466,1,Plus,19.99,paid,19.99,True
467,1,Plus,19.99,paid,19.99,True
468,1,Premium,29.99,paid,29.99,True
469,1,Basic,9.99,paid,9.99,True
470,1,Basic,9.99,paid,9.99,True
471,1,Basic,9.99,paid,9.99,True
472,1,Basic,9.99,paid,9.99,True
473,1,Basic,9.99,paid,9.99,True
474,1,Basic,9.99,paid,9.99,True
475,1,Basic,9.99,paid,9.99,True
476,1,Basic,9.99,paid,9.99,True
477,1,Basic,9.99,paid,9.99,True
478,1,Plus,19.99,paid,19.99,True
479,1,Plus,19.99,paid,19.99,True
480,1,Basic,9.99,paid,9.99,True
481,1,Basic,9.99,paid,9.99,True
482,1,Basic,9.99,paid,9.99,True
483,1,Plus,19.99,paid,19.99,True
484,1,Basic,9.99,paid,9.99,True
485,1,Basic,9.99,paid,9.99,True
486,1,Basic,9.99,paid,9.99,True
487,1,Basic,9.99,paid,9.99,True
488,1,Basic,9.99,paid,9.99,True
489,1,Plus,19.99,paid,19.99,True
490,1,Plus,19.99,paid,19.99,True
491,1,Plus,19.99,paid,19.99,True
492,1,Plus,19.99,paid,19.99,True
493,1,Plus,19.99,paid,19.99,True
494,1,Basic,9.99,paid,9.99,True
495,1,Plus,19.99,paid,19.99,True
496,1,Basic,9.99,paid,9.99,True
497,1,Basic,9.99,paid,9.99,True
498,1,Plus,19.99,paid,19.99,True
499,1,Basic,9.99,paid,9.99,True
500,1,Basic,9.99,paid,9.99,True
501,1,Plus,19.99,paid,19.99,True
502,1,Premium,29.99,paid,29.99,True
503,1,Premium,29.99,paid,29.99,True
504,1,Basic,9.99,paid,9.99,True
505,1,Basic,9.99,paid,9.99,True
506,1,Plus,19.99,paid,19.99,True
507,1,Basic,9.99,paid,9.99,True
508,1,Plus,19.99,paid,19.99,True
509,1,Basic,9.99,paid,9.99,True
510,1,Basic,9.99,paid,9.99,True
511,1,Basic,9.99,paid,9.99,True
512,1,Plus,19.99,paid,19.99,True
513,1,Basic,9.99,paid,9.99,True
514,1,Basic,9.99,paid,9.99,True
515,1,Basic,9.99,paid,9.99,True
516,1,Basic,9.99,paid,9.99,True
517,1,Basic,9.99,paid,9.99,True
518,1,Plus,19.99,paid,19.99,True
519,1,Basic,9.99,paid,9.99,True
520,1,Plus,19.99,paid,19.99,True
521,1,Premium,29.99,paid,29.99,True
522,1,Basic,9.99,paid,9.99,True
523,1,Basic,9.99,paid,9.99,True
524,1,Plus,19.99,paid,19.99,True
525,1,Basic,9.99,paid,9.99,True
526,1,Basic,9.99,paid,9.99,True
527,1,Premium,29.99,paid,29.99,True
528,1,Premium,29.99,paid,29.99,True
529,1,Plus,19.99,paid,19.99,True
530,1,Basic,9.99,paid,9.99,True
531,1,Plus,19.99,paid,19.99,True
532,1,Plus,19.99,paid,19.99,True
533,1,Basic,9.99,paid,9.99,True
534,1,Plus,19.99,paid,19.99,True
535,1,Basic,9.99,paid,9.99,True
536,1,Basic,9.99,paid,9.99,True
537,1,Basic,9.99,paid,9.99,True
538,1,Basic,9.99,paid,9.99,True
539,1,Basic,9.99,paid,9.99,True
540,1,Plus,19.99,paid,19.99,True
541,1,Premium,29.99,paid,29.99,True
542,1,Plus,19.99,paid,19.99,True
543,1,Plus,19.99,paid,19.99,True
544,1,Premium,29.99,paid,29.99,True
545,1,Basic,9.99,paid,9.99,True
546,1,Basic,9.99,paid,9.99,True
547,1,Basic,9.99,paid,9.99,True
548,1,Basic,9.99,paid,9.99,True
549,1,Plus,19.99,paid,19.99,True
550,1,Basic,9.99,paid,9.99,True
551,1,Basic,9.99,paid,9.99,True
552,1,Basic,9.99,paid,9.99,True
553,1,Basic,9.99,paid,9.99,True
554,1,Premium,29.99,paid,29.99,True
555,1,Basic,9.99,paid,9.99,True
556,1,Basic,9.99,paid,9.99,True
557,1,Basic,9.99,paid,9.99,True
558,1,Basic,9.99,paid,9.99,True
559,1,Plus,19.99,paid,19.99,True
560,1,Basic,9.99,paid,9.99,True
561,1,Basic,9.99,paid,9.99,True
562,1,Basic,9.99,paid,9.99,True
563,1,Plus,19.99,paid,19.99,True
564,1,Plus,19.99,paid,19.99,True
565,1,Plus,19.99,paid,19.99,True
566,1,Plus,19.99,paid,19.99,True
567,1,Plus,19.99,paid,19.99,True
568,1,Basic,9.99,failed,0.0,True
569,1,Basic,9.99,paid,9.99,True
570,1,Basic,9.99,paid,9.99,True
571,1,Basic,9.99,paid,9.99,True
572,1,Plus,19.99,paid,19.99,True
573,1,Basic,9.99,paid,9.99,True
574,1,Plus,19.99,paid,19.99,True
575,1,Premium,29.99,paid,29.99,True
576,1,Basic,9.99,paid,9.99,True
577,1,Premium,29.99,paid,29.99,True
578,1,Plus,19.99,paid,19.99,True
579,1,Premium,29.99,paid,29.99,True
580,1,Basic,9.99,paid,9.99,True
581,1,Basic,9.99,paid,9.99,True
582,1,Basic,9.99,paid,9.99,True
583,1,Basic,9.99,paid,9.99,True
584,1,Basic,9.99,paid,9.99,True
585,1,Premium,29.99,paid,29.99,True
586,1,Plus,19.99,paid,19.99,True
587,1,Basic,9.99,paid,9.99,True
588,1,Basic,9.99,paid,9.99,True
589,1,Basic,9.99,paid,9.99,True
590,1,Basic,9.99,paid,9.99,True
591,1,Premium,29.99,paid,29.99,True
592,1,Basic,9.99,paid,9.99,True
593,1,Basic,9.99,paid,9.99,True
594,1,Plus,19.99,paid,19.99,True
595,1,Basic,9.99,paid,9.99,True
596,1,Basic,9.99,paid,9.99,True
597,1,Plus,19.99,paid,19.99,True
598,1,Plus,19.99,paid,19.99,True
599,1,Premium,29.99,paid,29.99,True
600,1,Plus,19.99,paid,19.99,True
601,1,Basic,9.99,paid,9.99,True
602,1,Plus,19.99,paid,19.99,True
603,1,Premium,29.99,paid,29.99,True
604,1,Plus,19.99,paid,19.99,True
605,1,Premium,29.99,paid,29.99,True
606,1,Plus,19.99,paid,19.99,True
607,1,Premium,29.99,paid,29.99,True
608,1,Basic,9.99,paid,9.99,True
609,1,Plus,19.99,paid,19.99,True
610,1,Basic,9.99,paid,9.99,True
611,1,Plus,19.99,paid,19.99,True
612,1,Plus,19.99,paid,19.99,True
613,1,Premium,29.99,paid,29.99,True
614,1,Premium,29.99,paid,29.99,True
615,1,Basic,9.99,paid,9.99,True
616,1,Plus,19.99,paid,19.99,True
617,1,Plus,19.99,failed,0.0,True
618,1,Basic,9.99,paid,9.99,True
619,1,Basic,9.99,paid,9.99,True
620,1,Basic,9.99,paid,9.99,True
621,1,Plus,19.99,paid,19.99,True
622,1,Basic,9.99,paid,9.99,True
623,1,Premium,29.99,paid,29.99,True
624,1,Basic,9.99,paid,9.99,True
625,1,Premium,29.99,paid,29.99,True
626,1,Basic,9.99,paid,9.99,True
627,1,Plus,19.99,paid,19.99,True
628,1,Basic,9.99,paid,9.99,True
629,1,Plus,19.99,paid,19.99,True
630,1,Plus,19.99,paid,19.99,True
631,1,Premium,29.99,paid,29.99,True
632,1,Plus,19.99,paid,19.99,True
633,1,Basic,9.99,paid,9.99,True
634,1,Basic,9.99,paid,9.99,True
635,1,Basic,9.99,paid,9.99,True
636,1,Basic,9.99,paid,9.99,True
637,1,Plus,19.99,paid,19.99,True
638,1,Plus,19.99,paid,19.99,True
639,1,Plus,19.99,paid,19.99,True
640,1,Premium,29.99,paid,29.99,True
641,1,Plus,19.99,paid,19.99,True
642,1,Plus,19.99,paid,19.99,True
643,1,Basic,9.99,paid,9.99,True
644,1,Basic,9.99,paid,9.99,True
645,1,Plus,19.99,paid,19.99,True
646,1,Premium,29.99,paid,29.99,True
647,1,Basic,9.99,paid,9.99,True
648,1,Basic,9.99,paid,9.99,True
649,1,Plus,19.99,paid,19.99,True
650,1,Basic,9.99,paid,9.99,True
651,1,Basic,9.99,paid,9.99,True
652,1,Premium,29.99,paid,29.99,True
653,1,Plus,19.99,paid,19.99,True
654,1,Basic,9.99,paid,9.99,True
655,1,Premium,29.99,paid,29.99,True
656,1,Basic,9.99,paid,9.99,True
657,1,Premium,29.99,paid,29.99,True
658,1,Basic,9.99,paid,9.99,True
659,1,Plus,19.99,paid,19.99,True
660,1,Basic,9.99,paid,9.99,True
661,1,Basic,9.99,paid,9.99,True
662,1,Premium,29.99,paid,29.99,True
663,1,Basic,9.99,paid,9.99,True
664,1,Basic,9.99,paid,9.99,True
665,1,Basic,9.99,paid,9.99,True
666,1,Plus,19.99,paid,19.99,True
667,1,Plus,19.99,paid,19.99,True
668,1,Premium,29.99,paid,29.99,True
669,1,Basic,9.99,paid,9.99,True
670,1,Basic,9.99,paid,9.99,True
671,1,Basic,9.99,paid,9.99,True
672,1,Plus,19.99,paid,19.99,True
673,1,Premium,29.99,paid,29.99,True
674,1,Plus,19.99,paid,19.99,True
675,1,Plus,19.99,paid,19.99,True
676,1,Basic,9.99,paid,9.99,True
677,1,Premium,29.99,paid,29.99,True
678,1,Basic,9.99,paid,9.99,True
679,1,Basic,9.99,paid,9.99,True
680,1,Basic,9.99,paid,9.99,True
681,1,Basic,9.99,paid,9.99,True
682,1,Basic,9.99,paid,9.99,True
683,1,Basic,9.99,paid,9.99,True
684,1,Basic,9.99,paid,9.99,True
685,1,Plus,19.99,paid,19.99,True
686,1,Basic,9.99,paid,9.99,True
687,1,Basic,9.99,paid,9.99,True
688,1,Premium,29.99,paid,29.99,True
689,1,Plus,19.99,paid,19.99,True
690,1,Basic,9.99,paid,9.99,True
691,1,Basic,9.99,paid,9.99,True
692,1,Premium,29.99,paid,29.99,True
693,1,Basic,9.99,paid,9.99,True
694,1,Basic,9.99,paid,9.99,True
695,1,Premium,29.99,paid,29.99,True
696,1,Basic,9.99,paid,9.99,True
697,1,Plus,19.99,paid,19.99,True
698,1,Plus,19.99,paid,19.99,True
699,1,Plus,19.99,paid,19.99,True
700,1,Basic,9.99,paid,9.99,True
701,1,Basic,9.99,paid,9.99,True
702,1,Basic,9.99,paid,9.99,True
703,1,Basic,9.99,paid,9.99,True
704,1,Premium,29.99,paid,29.99,True
705,1,Basic,9.99,paid,9.99,True
706,1,Plus,19.99,paid,19.99,True
707,1,Plus,19.99,paid,19.99,True
708,1,Plus,19.99,paid,19.99,True
709,1,Basic,9.99,paid,9.99,True
710,1,Basic,9.99,paid,9.99,True
711,1,Premium,29.99,paid,29.99,True
712,1,Plus,19.99,paid,19.99,True
713,1,Plus,19.99,paid,19.99,True
714,1,Premium,29.99,paid,29.99,True
715,1,Plus,19.99,paid,19.99,True
716,1,Basic,9.99,paid,9.99,True
717,1,Plus,19.99,paid,19.99,True
718,1,Basic,9.99,paid,9.99,True
719,1,Plus,19.99,paid,19.99,True
720,1,Premium,29.99,paid,29.99,True
721,1,Basic,9.99,failed,0.0,True
722,1,Basic,9.99,paid,9.99,True
723,1,Basic,9.99,paid,9.99,True
724,1,Premium,29.99,paid,29.99,True
725,1,Basic,9.99,paid,9.99,True
726,1,Basic,9.99,paid,9.99,True
727,1,Basic,9.99,paid,9.99,True
728,1,Basic,9.99,paid,9.99,True
729,1,Basic,9.99,paid,9.99,True
730,1,Basic,9.99,paid,9.99,True
731,1,Basic,9.99,paid,9.99,True
732,1,Basic,9.99,paid,9.99,True
733,1,Basic,9.99,paid,9.99,True
734,1,Basic,9.99,paid,9.99,True
735,1,Basic,9.99,paid,9.99,True
736,1,Plus,19.99,paid,19.99,True
737,1,Basic,9.99,paid,9.99,True
738,1,Basic,9.99,paid,9.99,True
739,1,Basic,9.99,paid,9.99,True
740,1,Basic,9.99,paid,9.99,True
741,1,Basic,9.99,paid,9.99,True
742,1,Basic,9.99,paid,9.99,True
743,1,Premium,29.99,failed,0.0,True
744,1,Basic,9.99,paid,9.99,True
745,1,Basic,9.99,paid,9.99,True
746,1,Basic,9.99,paid,9.99,True
747,1,Basic,9.99,paid,9.99,True
748,1,Basic,9.99,paid,9.99,True
749,1,Plus,19.99,paid,19.99,True
750,1,Plus,19.99,paid,19.99,True
751,1,Basic,9.99,paid,9.99,True
752,1,Basic,9.99,paid,9.99,True
753,1,Basic,9.99,paid,9.99,True
754,1,Basic,9.99,paid,9.99,True
755,1,Plus,19.99,paid,19.99,True
756,1,Basic,9.99,paid,9.99,True
757,1,Basic,9.99,paid,9.99,True
758,1,Premium,29.99,paid,29.99,True
759,1,Basic,9.99,paid,9.99,True
760,1,Basic,9.99,paid,9.99,True
761,1,Plus,19.99,paid,19.99,True
762,1,Basic,9.99,paid,9.99,True
763,1,Basic,9.99,paid,9.99,True
764,1,Basic,9.99,paid,9.99,True
765,1,Premium,29.99,paid,29.99,True
766,1,Basic,9.99,paid,9.99,True
767,1,Basic,9.99,paid,9.99,True
768,1,Basic,9.99,paid,9.99,True
769,1,Basic,9.99,paid,9.99,True
770,1,Plus,19.99,paid,19.99,True
771,1,Basic,9.99,paid,9.99,True
772,1,Plus,19.99,paid,19.99,True
773,1,Plus,19.99,paid,19.99,True
774,1,Plus,19.99,paid,19.99,True
775,1,Basic,9.99,paid,9.99,True
776,1,Premium,29.99,paid,29.99,True
777,1,Plus,19.99,paid,19.99,True
778,1,Basic,9.99,paid,9.99,True
779,1,Plus,19.99,paid,19.99,True
780,1,Premium,29.99,paid,29.99,True
781,1,Basic,9.99,paid,9.99,True
782,1,Premium,29.99,paid,29.99,True
783,1,Basic,9.99,paid,9.99,True
784,1,Plus,19.99,paid,19.99,True
785,1,Premium,29.99,paid,29.99,True
786,1,Basic,9.99,paid,9.99,True
787,1,Plus,19.99,paid,19.99,True
788,1,Basic,9.99,paid,9.99,True
789,1,Plus,19.99,paid,19.99,True
790,1,Plus,19.99,paid,19.99,True
791,1,Basic,9.99,paid,9.99,True
792,1,Basic,9.99,paid,9.99,True
793,1,Basic,9.99,paid,9.99,True
794,1,Basic,9.99,paid,9.99,True
795,1,Basic,9.99,paid,9.99,True
796,1,Basic,9.99,paid,9.99,True
797,1,Basic,9.99,paid,9.99,True
798,1,Basic,9.99,paid,9.99,True
799,1,Plus,19.99,paid,19.99,True
800,1,Plus,19.99,paid,19.99,True
801,1,Plus,19.99,paid,19.99,True
802,1,Basic,9.99,paid,9.99,True
803,1,Premium,29.99,paid,29.99,True
804,1,Plus,19.99,paid,19.99,True
805,1,Basic,9.99,paid,9.99,True
806,1,Basic,9.99,paid,9.99,True
807,1,Plus,19.99,paid,19.99,True
808,1,Basic,9.99,paid,9.99,True
809,1,Basic,9.99,paid,9.99,True
810,1,Premium,29.99,paid,29.99,True
811,1,Basic,9.99,paid,9.99,True
812,1,Basic,9.99,paid,9.99,True
813,1,Premium,29.99,paid,29.99,True
814,1,Plus,19.99,paid,19.99,True
815,1,Basic,9.99,paid,9.99,True
816,1,Premium,29.99,paid,29.99,True
817,1,Premium,29.99,paid,29.99,True
818,1,Basic,9.99,paid,9.99,True
819,1,Plus,19.99,paid,19.99,True
820,1,Basic,9.99,paid,9.99,True
821,1,Basic,9.99,paid,9.99,True
822,1,Plus,19.99,paid,19.99,True
823,1,Basic,9.99,paid,9.99,True
824,1,Plus,19.99,paid,19.99,True
825,1,Plus,19.99,paid,19.99,True
826,1,Basic,9.99,paid,9.99,True
827,1,Plus,19.99,paid,19.99,True
828,1,Basic,9.99,paid,9.99,True
829,1,Premium,29.99,paid,29.99,True
830,1,Basic,9.99,paid,9.99,True
831,1,Plus,19.99,paid,19.99,True
832,1,Plus,19.99,paid,19.99,True
833,1,Basic,9.99,paid,9.99,True
834,1,Plus,19.99,paid,19.99,True
835,1,Plus,19.99,paid,19.99,True
836,1,Plus,19.99,paid,19.99,True
837,1,Plus,19.99,failed,0.0,True
838,1,Premium,29.99,paid,29.99,True
839,1,Basic,9.99,paid,9.99,True
840,1,Basic,9.99,paid,9.99,True
841,1,Basic,9.99,paid,9.99,True
842,1,Plus,19.99,paid,19.99,True
843,1,Basic,9.99,paid,9.99,True
844,1,Basic,9.99,paid,9.99,True
845,1,Basic,9.99,paid,9.99,True
846,1,Premium,29.99,paid,29.99,True
847,1,Basic,9.99,paid,9.99,True
848,1,Plus,19.99,paid,19.99,True
849,1,Basic,9.99,paid,9.99,True
850,1,Premium,29.99,paid,29.99,True
851,1,Basic,9.99,paid,9.99,True
852,1,Basic,9.99,paid,9.99,True
853,1,Premium,29.99,paid,29.99,True
854,1,Premium,29.99,paid,29.99,True
855,1,Basic,9.99,paid,9.99,True
856,1,Basic,9.99,paid,9.99,True
857,1,Plus,19.99,paid,19.99,True
858,1,Premium,29.99,paid,29.99,True
859,1,Basic,9.99,paid,9.99,True
860,1,Basic,9.99,paid,9.99,True
861,1,Plus,19.99,paid,19.99,True
862,1,Plus,19.99,paid,19.99,True
863,1,Plus,19.99,paid,19.99,True
864,1,Plus,19.99,paid,19.99,True
865,1,Basic,9.99,paid,9.99,True
866,1,Premium,29.99,paid,29.99,True
867,1,Premium,29.99,paid,29.99,True
868,1,Plus,19.99,paid,19.99,True
869,1,Basic,9.99,paid,9.99,True
870,1,Basic,9.99,paid,9.99,True
871,1,Plus,19.99,paid,19.99,True
872,1,Basic,9.99,paid,9.99,True
873,1,Premium,29.99,paid,29.99,True
874,1,Basic,9.99,paid,9.99,True
875,1,Plus,19.99,paid,19.99,True
876,1,Premium,29.99,paid,29.99,True
877,1,Basic,9.99,paid,9.99,True
878,1,Basic,9.99,paid,9.99,True
879,1,Plus,19.99,paid,19.99,True
880,1,Plus,19.99,paid,19.99,True
881,1,Basic,9.99,paid,9.99,True
882,1,Plus,19.99,paid,19.99,True
883,1,Premium,29.99,paid,29.99,True
884,1,Basic,9.99,paid,9.99,True
885,1,Basic,9.99,paid,9.99,True
886,1,Basic,9.99,paid,9.99,True
887,1,Basic,9.99,paid,9.99,True
888,1,Basic,9.99,paid,9.99,True
889,1,Basic,9.99,paid,9.99,True
890,1,Plus,19.99,paid,19.99,True
891,1,Basic,9.99,paid,9.99,True
892,1,Premium,29.99,paid,29.99,True
893,1,Basic,9.99,paid,9.99,True
894,1,Basic,9.99,failed,0.0,True
895,1,Plus,19.99,paid,19.99,True
896,1,Premium,29.99,paid,29.99,True
897,1,Basic,9.99,paid,9.99,True
898,1,Basic,9.99,paid,9.99,True
899,1,Basic,9.99,paid,9.99,True
900,1,Basic,9.99,paid,9.99,True
901,1,Basic,9.99,paid,9.99,True
902,1,Basic,9.99,failed,0.0,True
903,1,Basic,9.99,paid,9.99,True
904,1,Basic,9.99,paid,9.99,True
905,1,Premium,29.99,paid,29.99,True
906,1,Plus,19.99,paid,19.99,True
907,1,Basic,9.99,paid,9.99,True
908,1,Basic,9.99,paid,9.99,True
909,1,Basic,9.99,paid,9.99,True
910,1,Basic,9.99,paid,9.99,True
911,1,Plus,19.99,failed,0.0,True
912,1,Premium,29.99,paid,29.99,True
913,1,Premium,29.99,paid,29.99,True
914,1,Premium,29.99,paid,29.99,True
915,1,Premium,29.99,paid,29.99,True
916,1,Premium,29.99,paid,29.99,True
917,1,Basic,9.99,paid,9.99,True
918,1,Basic,9.99,paid,9.99,True
919,1,Basic,9.99,paid,9.99,True
920,1,Plus,19.99,paid,19.99,True
921,1,Basic,9.99,paid,9.99,True
922,1,Plus,19.99,paid,19.99,True
923,1,Plus,19.99,paid,19.99,True
924,1,Basic,9.99,paid,9.99,True
925,1,Basic,9.99,paid,9.99,True
926,1,Basic,9.99,paid,9.99,True
927,1,Basic,9.99,paid,9.99,True
928,1,Premium,29.99,paid,29.99,True
929,1,Plus,19.99,failed,0.0,True
930,1,Plus,19.99,paid,19.99,True
931,1,Basic,9.99,paid,9.99,True
932,1,Basic,9.99,paid,9.99,True
933,1,Basic,9.99,paid,9.99,True
934,1,Plus,19.99,paid,19.99,True
935,1,Plus,19.99,paid,19.99,True
936,1,Basic,9.99,paid,9.99,True
937,1,Premium,29.99,paid,29.99,True
938,1,Basic,9.99,paid,9.99,True
939,1,Premium,29.99,paid,29.99,True
940,1,Basic,9.99,paid,9.99,True
941,1,Basic,9.99,paid,9.99,True
942,1,Plus,19.99,paid,19.99,True
943,1,Basic,9.99,paid,9.99,True
944,1,Basic,9.99,paid,9.99,True
945,1,Basic,9.99,paid,9.99,True
946,1,Basic,9.99,paid,9.99,True
947,1,Plus,19.99,paid,19.99,True
948,1,Premium,29.99,paid,29.99,True
949,1,Premium,29.99,failed,0.0,True
950,1,Basic,9.99,paid,9.99,True
951,1,Basic,9.99,paid,9.99,True
952,1,Basic,9.99,failed,0.0,True
953,1,Basic,9.99,paid,9.99,True
954,1,Basic,9.99,paid,9.99,True
955,1,Premium,29.99,paid,29.99,True
956,1,Premium,29.99,paid,29.99,True
957,1,Plus,19.99,paid,19.99,True
958,1,Basic,9.99,paid,9.99,True
959,1,Basic,9.99,paid,9.99,True
960,1,Basic,9.99,paid,9.99,True
961,1,Basic,9.99,paid,9.99,True
962,1,Basic,9.99,paid,9.99,True
963,1,Basic,9.99,paid,9.99,True
964,1,Basic,9.99,paid,9.99,True
965,1,Premium,29.99,paid,29.99,True
966,1,Basic,9.99,paid,9.99,True
967,1,Premium,29.99,paid,29.99,True
968,1,Basic,9.99,paid,9.99,True
969,1,Plus,19.99,paid,19.99,True
970,1,Basic,9.99,paid,9.99,True
971,1,Basic,9.99,paid,9.99,True
972,1,Basic,9.99,paid,9.99,True
973,1,Basic,9.99,paid,9.99,True
974,1,Premium,29.99,paid,29.99,True
975,1,Basic,9.99,paid,9.99,True
976,1,Plus,19.99,paid,19.99,True
977,1,Basic,9.99,paid,9.99,True
978,1,Basic,9.99,paid,9.99,True
979,1,Basic,9.99,paid,9.99,True
980,1,Basic,9.99,paid,9.99,True
981,1,Premium,29.99,paid,29.99,True
982,1,Plus,19.99,paid,19.99,True
983,1,Plus,19.99,paid,19.99,True
984,1,Basic,9.99,paid,9.99,True
985,1,Basic,9.99,paid,9.99,True
986,1,Premium,29.99,paid,29.99,True
987,1,Basic,9.99,paid,9.99,True
988,1,Basic,9.99,paid,9.99,True
989,1,Basic,9.99,paid,9.99,True
990,1,Plus,19.99,paid,19.99,True
991,1,Plus,19.99,paid,19.99,True
992,1,Plus,19.99,paid,19.99,True
993,1,Plus,19.99,paid,19.99,True
994,1,Basic,9.99,paid,9.99,True
995,1,Premium,29.99,paid,29.99,True
996,1,Basic,9.99,paid,9.99,True
997,1,Plus,19.99,paid,19.99,True
998,1,Basic,9.99,paid,9.99,True
999,1,Premium,29.99,paid,29.99,True
1000,1,Basic,9.99,paid,9.99,True
1,2,Plus,19.99,paid,19.99,True
2,2,Basic,9.99,paid,9.99,True
3,2,Premium,29.99,paid,29.99,True
4,2,Plus,19.99,paid,19.99,True
5,2,Basic,9.99,paid,9.99,True
6,2,Premium,29.99,paid,29.99,True
7,2,Plus,19.99,paid,19.99,True
8,2,Plus,19.99,paid,19.99,True
9,2,Basic,9.99,paid,9.99,True
10,2,Basic,9.99,paid,9.99,True
11,2,Basic,9.99,paid,9.99,True
12,2,Premium,29.99,paid,29.99,True
13,2,Plus,19.99,paid,19.99,True
14,2,Plus,19.99,paid,19.99,True
15,2,Basic,9.99,paid,9.99,True
16,2,Basic,9.99,paid,9.99,True
17,2,Plus,19.99,paid,19.99,True
18,2,Basic,9.99,failed,0.0,False
19,2,Plus,19.99,paid,19.99,True
20,2,Plus,19.99,paid,19.99,True
21,2,Plus,19.99,paid,19.99,True
22,2,Basic,9.99,paid,9.99,True
23,2,Premium,29.99,failed,0.0,False
24,2,Premium,29.99,paid,29.99,True
25,2,Plus,19.99,paid,19.99,True
26,2,Basic,9.99,paid,9.99,True
27,2,Basic,9.99,paid,9.99,True
28,2,Basic,9.99,paid,9.99,True
29,2,Basic,9.99,paid,9.99,True
30,2,Plus,19.99,paid,19.99,True
31,2,Plus,19.99,failed,0.0,False
32,2,Premium,29.99,paid,29.99,True
33,2,Basic,9.99,paid,9.99,True
34,2,Basic,9.99,paid,9.99,True
35,2,Basic,9.99,paid,9.99,True
36,2,Basic,9.99,paid,9.99,True
37,2,Basic,9.99,paid,9.99,True
38,2,Basic,9.99,failed,0.0,False
39,2,Basic,9.99,paid,9.99,True
40,2,Plus,19.99,paid,19.99,True
41,2,Basic,9.99,paid,9.99,True
42,2,Plus,19.99,failed,0.0,True
43,2,Plus,19.99,paid,19.99,True
44,2,Basic,9.99,paid,9.99,True
45,2,Plus,19.99,paid,19.99,True
46,2,Plus,19.99,paid,19.99,True
47,2,Basic,9.99,paid,9.99,True
48,2,Basic,9.99,paid,9.99,True
49,2,Plus,19.99,paid,19.99,True
50,2,Basic,9.99,paid,9.99,True
51,2,Basic,9.99,paid,9.99,True
52,2,Basic,9.99,failed,0.0,False
53,2,Plus,19.99,paid,19.99,True
54,2,Plus,19.99,paid,19.99,True
55,2,Plus,19.99,paid,19.99,True
56,2,Plus,19.99,paid,19.99,True
57,2,Basic,9.99,paid,9.99,True
58,2,Plus,19.99,paid,19.99,True
59,2,Basic,9.99,paid,9.99,True
60,2,Basic,9.99,paid,9.99,True
61,2,Plus,19.99,paid,19.99,True
62,2,Basic,9.99,paid,9.99,True
63,2,Plus,19.99,paid,19.99,True
64,2,Plus,19.99,paid,19.99,True
65,2,Plus,19.99,paid,19.99,True
66,2,Plus,19.99,paid,19.99,True
67,2,Plus,19.99,paid,19.99,True
68,2,Basic,9.99,paid,9.99,True
69,2,Basic,9.99,paid,9.99,True
70,2,Basic,9.99,paid,9.99,True
71,2,Basic,9.99,paid,9.99,True
72,2,Basic,9.99,paid,9.99,True
73,2,Premium,29.99,paid,29.99,True
74,2,Basic,9.99,paid,9.99,True
75,2,Basic,9.99,paid,9.99,True
76,2,Basic,9.99,failed,0.0,True
77,2,Basic,9.99,paid,9.99,True
78,2,Plus,19.99,paid,19.99,True
79,2,Plus,19.99,paid,19.99,True
80,2,Plus,19.99,failed,0.0,False
81,2,Plus,19.99,paid,19.99,True
82,2,Basic,9.99,paid,9.99,True
83,2,Plus,19.99,paid,19.99,True
84,2,Basic,9.99,paid,9.99,True
85,2,Basic,9.99,paid,9.99,True
86,2,Basic,9.99,paid,9.99,True
87,2,Plus,19.99,paid,19.99,True
88,2,Basic,9.99,paid,9.99,True
89,2,Basic,9.99,paid,9.99,True
90,2,Basic,9.99,paid,9.99,True
91,2,Basic,9.99,paid,9.99,True
92,2,Plus,19.99,paid,19.99,True
93,2,Basic,9.99,paid,9.99,True
94,2,Basic,9.99,paid,9.99,True
95,2,Basic,9.99,paid,9.99,True
96,2,Plus,19.99,paid,19.99,True
97,2,Basic,9.99,failed,0.0,False
98,2,Basic,9.99,paid,9.99,True
99,2,Basic,9.99,paid,9.99,True
100,2,Premium,29.99,paid,29.99,True
101,2,Premium,29.99,paid,29.99,True
102,2,Plus,19.99,paid,19.99,True
103,2,Basic,9.99,paid,9.99,True
104,2,Premium,29.99,paid,29.99,True
105,2,Plus,19.99,paid,19.99,True
106,2,Plus,19.99,paid,19.99,True
107,2,Basic,9.99,paid,9.99,True
108,2,Basic,9.99,paid,9.99,True
109,2,Basic,9.99,paid,9.99,True
110,2,Premium,29.99,paid,29.99,True
111,2,Basic,9.99,paid,9.99,True
112,2,Basic,9.99,paid,9.99,True
113,2,Basic,9.99,paid,9.99,True
114,2,Plus,19.99,paid,19.99,True
115,2,Basic,9.99,failed,0.0,False
116,2,Premium,29.99,paid,29.99,True
117,2,Plus,19.99,paid,19.99,True
118,2,Plus,19.99,failed,0.0,False
119,2,Basic,9.99,paid,9.99,True
120,2,Plus,19.99,paid,19.99,True
121,2,Plus,19.99,paid,19.99,True
122,2,Plus,19.99,failed,0.0,False
123,2,Basic,9.99,paid,9.99,True
124,2,Basic,9.99,paid,9.99,True
125,2,Basic,9.99,paid,9.99,True
126,2,Basic,9.99,paid,9.99,True
127,2,Basic,9.99,paid,9.99,True
128,2,Basic,9.99,paid,9.99,True
129,2,Basic,9.99,paid,9.99,True
130,2,Plus,19.99,failed,0.0,False
131,2,Basic,9.99,paid,9.99,True
132,2,Premium,29.99,paid,29.99,True
133,2,Plus,19.99,paid,19.99,True
134,2,Basic,9.99,paid,9.99,True
135,2,Plus,19.99,paid,19.99,True
136,2,Basic,9.99,paid,9.99,True
137,2,Premium,29.99,paid,29.99,True
138,2,Basic,9.99,paid,9.99,True
139,2,Plus,19.99,paid,19.99,True
140,2,Basic,9.99,paid,9.99,True
141,2,Basic,9.99,paid,9.99,True
142,2,Basic,9.99,paid,9.99,True
143,2,Premium,29.99,paid,29.99,True
144,2,Plus,19.99,paid,19.99,True
145,2,Basic,9.99,paid,9.99,True
146,2,Basic,9.99,paid,9.99,True
147,2,Basic,9.99,paid,9.99,True
148,2,Basic,9.99,paid,9.99,True
149,2,Basic,9.99,paid,9.99,True
150,2,Basic,9.99,paid,9.99,True
151,2,Plus,19.99,paid,19.99,True
152,2,Premium,29.99,failed,0.0,False
153,2,Basic,9.99,paid,9.99,True
154,2,Plus,19.99,paid,19.99,True
155,2,Basic,9.99,paid,9.99,True
156,2,Plus,19.99,paid,19.99,True
157,2,Basic,9.99,paid,9.99,True
158,2,Plus,19.99,paid,19.99,True
159,2,Plus,19.99,paid,19.99,True
160,2,Plus,19.99,paid,19.99,True
161,2,Basic,9.99,paid,9.99,True
162,2,Premium,29.99,paid,29.99,True
163,2,Basic,9.99,failed,0.0,True
164,2,Basic,9.99,paid,9.99,True
165,2,Plus,19.99,paid,19.99,True
166,2,Basic,9.99,paid,9.99,True
167,2,Plus,19.99,paid,19.99,True
168,2,Plus,19.99,paid,19.99,True
169,2,Basic,9.99,paid,9.99,True
170,2,Premium,29.99,paid,29.99,True
171,2,Basic,9.99,paid,9.99,True
172,2,Basic,9.99,paid,9.99,True
173,2,Basic,9.99,paid,9.99,True
174,2,Premium,29.99,paid,29.99,True
175,2,Basic,9.99,paid,9.99,True
176,2,Basic,9.99,paid,9.99,True
177,2,Basic,9.99,paid,9.99,True
178,2,Premium,29.99,paid,29.99,True
179,2,Premium,29.99,paid,29.99,True
180,2,Plus,19.99,paid,19.99,True
181,2,Premium,29.99,paid,29.99,True
182,2,Premium,29.99,paid,29.99,True
183,2,Basic,9.99,paid,9.99,True
184,2,Basic,9.99,paid,9.99,True
185,2,Plus,19.99,paid,19.99,True
186,2,Plus,19.99,paid,19.99,True
187,2,Basic,9.99,paid,9.99,True
188,2,Basic,9.99,paid,9.99,True
189,2,Plus,19.99,paid,19.99,True
190,2,Basic,9.99,paid,9.99,True
191,2,Premium,29.99,failed,0.0,True
192,2,Basic,9.99,paid,9.99,True
193,2,Basic,9.99,paid,9.99,True
194,2,Plus,19.99,paid,19.99,True
195,2,Basic,9.99,paid,9.99,True
196,2,Basic,9.99,paid,9.99,True
197,2,Plus,19.99,paid,19.99,True
198,2,Premium,29.99,paid,29.99,True
199,2,Basic,9.99,paid,9.99,True
200,2,Basic,9.99,paid,9.99,True
201,2,Plus,19.99,paid,19.99,True
202,2,Premium,29.99,paid,29.99,True
203,2,Basic,9.99,paid,9.99,True
204,2,Basic,9.99,failed,0.0,True
205,2,Basic,9.99,paid,9.99,True
206,2,Basic,9.99,paid,9.99,True
207,2,Basic,9.99,paid,9.99,True
208,2,Plus,19.99,paid,19.99,True
209,2,Basic,9.99,paid,9.99,True
210,2,Basic,9.99,paid,9.99,True
211,2,Plus,19.99,paid,19.99,True
212,2,Plus,19.99,paid,19.99,True
213,2,Basic,9.99,paid,9.99,True
214,2,Plus,19.99,paid,19.99,True
215,2,Plus,19.99,paid,19.99,True
216,2,Plus,19.99,paid,19.99,True
217,2,Basic,9.99,paid,9.99,True
218,2,Basic,9.99,paid,9.99,True
219,2,Premium,29.99,failed,0.0,True
220,2,Basic,9.99,paid,9.99,True
221,2,Basic,9.99,paid,9.99,True
222,2,Basic,9.99,paid,9.99,True
223,2,Plus,19.99,paid,19.99,True
224,2,Premium,29.99,paid,29.99,True
225,2,Basic,9.99,paid,9.99,True
226,2,Premium,29.99,paid,29.99,True
227,2,Basic,9.99,paid,9.99,True
228,2,Plus,19.99,paid,19.99,True
229,2,Plus,19.99,failed,0.0,False
230,2,Basic,9.99,paid,9.99,True
231,2,Basic,9.99,failed,0.0,True
232,2,Basic,9.99,paid,9.99,True
233,2,Premium,29.99,paid,29.99,True
234,2,Plus,19.99,paid,19.99,True
235,2,Premium,29.99,paid,29.99,True
236,2,Plus,19.99,paid,19.99,True
237,2,Basic,9.99,paid,9.99,True
238,2,Plus,19.99,paid,19.99,True
239,2,Basic,9.99,paid,9.99,True
240,2,Basic,9.99,paid,9.99,True
241,2,Plus,19.99,paid,19.99,True
242,2,Plus,19.99,paid,19.99,True
243,2,Basic,9.99,paid,9.99,True
244,2,Basic,9.99,paid,9.99,True
245,2,Plus,19.99,paid,19.99,True
246,2,Premium,29.99,paid,29.99,True
247,2,Plus,19.99,paid,19.99,True
248,2,Basic,9.99,paid,9.99,True
249,2,Basic,9.99,paid,9.99,True
250,2,Basic,9.99,paid,9.99,True
251,2,Plus,19.99,paid,19.99,True
252,2,Premium,29.99,paid,29.99,True
253,2,Basic,9.99,paid,9.99,True
254,2,Basic,9.99,paid,9.99,True
255,2,Basic,9.99,paid,9.99,True
256,2,Plus,19.99,paid,19.99,True
257,2,Plus,19.99,paid,19.99,True
258,2,Basic,9.99,paid,9.99,True
259,2,Basic,9.99,paid,9.99,True
260,2,Plus,19.99,paid,19.99,True
261,2,Basic,9.99,paid,9.99,True
262,2,Plus,19.99,paid,19.99,True
263,2,Basic,9.99,paid,9.99,True
264,2,Basic,9.99,paid,9.99,True
265,2,Premium,29.99,paid,29.99,True
266,2,Basic,9.99,paid,9.99,True
267,2,Basic,9.99,paid,9.99,True
268,2,Basic,9.99,paid,9.99,True
269,2,Basic,9.99,paid,9.99,True
270,2,Basic,9.99,paid,9.99,True
271,2,Basic,9.99,paid,9.99,True
272,2,Basic,9.99,paid,9.99,True
273,2,Basic,9.99,paid,9.99,True
274,2,Plus,19.99,paid,19.99,True
275,2,Plus,19.99,paid,19.99,True
276,2,Basic,9.99,failed,0.0,False
277,2,Basic,9.99,paid,9.99,True
278,2,Basic,9.99,paid,9.99,True
279,2,Premium,29.99,paid,29.99,True
280,2,Premium,29.99,paid,29.99,True
281,2,Basic,9.99,paid,9.99,True
282,2,Basic,9.99,paid,9.99,True
283,2,Basic,9.99,paid,9.99,True
284,2,Basic,9.99,paid,9.99,True
285,2,Plus,19.99,paid,19.99,True
286,2,Basic,9.99,paid,9.99,True
287,2,Basic,9.99,paid,9.99,True
288,2,Basic,9.99,paid,9.99,True
289,2,Basic,9.99,paid,9.99,True
290,2,Basic,9.99,paid,9.99,True
291,2,Plus,19.99,paid,19.99,True
292,2,Basic,9.99,paid,9.99,True
293,2,Premium,29.99,paid,29.99,True
294,2,Basic,9.99,paid,9.99,True
295,2,Plus,19.99,paid,19.99,True
296,2,Premium,29.99,failed,0.0,False
297,2,Premium,29.99,paid,29.99,True
298,2,Plus,19.99,paid,19.99,True
299,2,Plus,19.99,failed,0.0,False
300,2,Plus,19.99,paid,19.99,True
301,2,Plus,19.99,paid,19.99,True
302,2,Basic,9.99,paid,9.99,True
303,2,Basic,9.99,paid,9.99,True
304,2,Basic,9.99,paid,9.99,True
305,2,Premium,29.99,paid,29.99,True
306,2,Basic,9.99,paid,9.99,True
307,2,Basic,9.99,paid,9.99,True
308,2,Plus,19.99,paid,19.99,True
309,2,Basic,9.99,paid,9.99,True
310,2,Basic,9.99,paid,9.99,True
311,2,Basic,9.99,paid,9.99,True
312,2,Basic,9.99,paid,9.99,True
313,2,Basic,9.99,paid,9.99,True
314,2,Basic,9.99,paid,9.99,True
315,2,Basic,9.99,paid,9.99,True
316,2,Basic,9.99,failed,0.0,True
317,2,Basic,9.99,paid,9.99,True
318,2,Plus,19.99,paid,19.99,True
319,2,Basic,9.99,paid,9.99,True
320,2,Premium,29.99,paid,29.99,True
321,2,Premium,29.99,failed,0.0,False
322,2,Basic,9.99,paid,9.99,True
323,2,Basic,9.99,paid,9.99,True
324,2,Basic,9.99,paid,9.99,True
325,2,Plus,19.99,failed,0.0,True
326,2,Plus,19.99,paid,19.99,True
327,2,Plus,19.99,paid,19.99,True
328,2,Basic,9.99,paid,9.99,True
329,2,Plus,19.99,paid,19.99,True
330,2,Basic,9.99,paid,9.99,True
331,2,Plus,19.99,paid,19.99,True
332,2,Basic,9.99,paid,9.99,True
333,2,Plus,19.99,paid,19.99,True
334,2,Premium,29.99,paid,29.99,True
335,2,Basic,9.99,paid,9.99,True
336,2,Plus,19.99,paid,19.99,True
337,2,Basic,9.99,paid,9.99,True
338,2,Plus,19.99,failed,0.0,True
339,2,Basic,9.99,paid,9.99,True
340,2,Premium,29.99,paid,29.99,True
341,2,Basic,9.99,paid,9.99,True
342,2,Premium,29.99,paid,29.99,True
343,2,Plus,19.99,paid,19.99,True
344,2,Plus,19.99,paid,19.99,True
345,2,Plus,19.99,paid,19.99,True
346,2,Plus,19.99,paid,19.99,True
347,2,Premium,29.99,paid,29.99,True
348,2,Basic,9.99,paid,9.99,True
349,2,Plus,19.99,paid,19.99,True
350,2,Basic,9.99,failed,0.0,False
351,2,Plus,19.99,failed,0.0,True
352,2,Basic,9.99,paid,9.99,True
353,2,Plus,19.99,paid,19.99,True
354,2,Plus,19.99,paid,19.99,True
355,2,Basic,9.99,paid,9.99,True
356,2,Basic,9.99,paid,9.99,True
357,2,Plus,19.99,paid,19.99,True
358,2,Plus,19.99,paid,19.99,True
359,2,Basic,9.99,paid,9.99,True
360,2,Plus,19.99,paid,19.99,True
361,2,Premium,29.99,paid,29.99,True
362,2,Basic,9.99,paid,9.99,True
363,2,Basic,9.99,paid,9.99,True
364,2,Basic,9.99,paid,9.99,True
365,2,Plus,19.99,paid,19.99,True
366,2,Basic,9.99,paid,9.99,True
367,2,Plus,19.99,paid,19.99,True
368,2,Plus,19.99,paid,19.99,True
369,2,Basic,9.99,paid,9.99,True
370,2,Premium,29.99,paid,29.99,True
371,2,Plus,19.99,paid,19.99,True
372,2,Basic,9.99,paid,9.99,True
373,2,Basic,9.99,paid,9.99,True
374,2,Basic,9.99,paid,9.99,True
375,2,Basic,9.99,paid,9.99,True
376,2,Basic,9.99,paid,9.99,True
377,2,Premium,29.99,paid,29.99,True
378,2,Basic,9.99,paid,9.99,True
379,2,Basic,9.99,paid,9.99,True
380,2,Plus,19.99,paid,19.99,True
381,2,Plus,19.99,paid,19.99,True
382,2,Premium,29.99,paid,29.99,True
383,2,Plus,19.99,paid,19.99,True
384,2,Basic,9.99,failed,0.0,False
385,2,Basic,9.99,paid,9.99,True
386,2,Premium,29.99,paid,29.99,True
387,2,Plus,19.99,paid,19.99,True
388,2,Premium,29.99,paid,29.99,True
389,2,Basic,9.99,paid,9.99,True
390,2,Premium,29.99,paid,29.99,True
391,2,Plus,19.99,paid,19.99,True
392,2,Basic,9.99,paid,9.99,True
393,2,Plus,19.99,paid,19.99,True
394,2,Plus,19.99,failed,0.0,False
395,2,Basic,9.99,paid,9.99,True
396,2,Basic,9.99,paid,9.99,True
397,2,Plus,19.99,failed,0.0,True
398,2,Basic,9.99,paid,9.99,True
399,2,Basic,9.99,paid,9.99,True
400,2,Basic,9.99,paid,9.99,True
401,2,Basic,9.99,paid,9.99,True
402,2,Premium,29.99,paid,29.99,True
403,2,Plus,19.99,paid,19.99,True
404,2,Basic,9.99,paid,9.99,True
405,2,Premium,29.99,paid,29.99,True
406,2,Premium,29.99,paid,29.99,True
407,2,Basic,9.99,paid,9.99,True
408,2,Plus,19.99,paid,19.99,True
409,2,Basic,9.99,paid,9.99,True
410,2,Premium,29.99,paid,29.99,True
411,2,Plus,19.99,paid,19.99,True
412,2,Plus,19.99,paid,19.99,True
413,2,Basic,9.99,paid,9.99,True
414,2,Premium,29.99,failed,0.0,True
415,2,Basic,9.99,paid,9.99,True
416,2,Basic,9.99,paid,9.99,True
417,2,Basic,9.99,paid,9.99,True
418,2,Plus,19.99,paid,19.99,True
419,2,Basic,9.99,paid,9.99,True
420,2,Premium,29.99,paid,29.99,True
421,2,Plus,19.99,paid,19.99,True
422,2,Basic,9.99,paid,9.99,True
423,2,Basic,9.99,paid,9.99,True
424,2,Basic,9.99,paid,9.99,True
425,2,Plus,19.99,paid,19.99,True
426,2,Plus,19.99,paid,19.99,True
427,2,Basic,9.99,paid,9.99,True
428,2,Plus,19.99,paid,19.99,True
429,2,Basic,9.99,paid,9.99,True
430,2,Plus,19.99,paid,19.99,True
431,2,Premium,29.99,paid,29.99,True
432,2,Plus,19.99,paid,19.99,True
433,2,Plus,19.99,paid,19.99,True
434,2,Plus,19.99,paid,19.99,True
435,2,Basic,9.99,paid,9.99,True
436,2,Basic,9.99,paid,9.99,True
437,2,Basic,9.99,paid,9.99,True
438,2,Basic,9.99,paid,9.99,True
439,2,Plus,19.99,paid,19.99,True
440,2,Plus,19.99,paid,19.99,True
441,2,Premium,29.99,paid,29.99,True
442,2,Basic,9.99,paid,9.99,True
443,2,Plus,19.99,paid,19.99,True
444,2,Basic,9.99,paid,9.99,True
445,2,Basic,9.99,paid,9.99,True
446,2,Plus,19.99,paid,19.99,True
447,2,Premium,29.99,paid,29.99,True
448,2,Plus,19.99,paid,19.99,True
449,2,Basic,9.99,paid,9.99,True
450,2,Plus,19.99,paid,19.99,True
451,2,Basic,9.99,paid,9.99,True
452,2,Premium,29.99,paid,29.99,True
453,2,Plus,19.99,paid,19.99,True
454,2,Basic,9.99,paid,9.99,True
455,2,Basic,9.99,paid,9.99,True
456,2,Basic,9.99,paid,9.99,True
457,2,Premium,29.99,paid,29.99,True
458,2,Basic,9.99,paid,9.99,True
459,2,Plus,19.99,failed,0.0,True
460,2,Plus,19.99,paid,19.99,True
461,2,Plus,19.99,paid,19.99,True
462,2,Basic,9.99,paid,9.99,True
463,2,Premium,29.99,paid,29.99,True
464,2,Basic,9.99,paid,9.99,True
465,2,Plus,19.99,paid,19.99,True
466,2,Plus,19.99,paid,19.99,True
467,2,Plus,19.99,paid,19.99,True
468,2,Premium,29.99,paid,29.99,True
469,2,Basic,9.99,paid,9.99,True
470,2,Basic,9.99,paid,9.99,True
471,2,Basic,9.99,paid,9.99,True
472,2,Basic,9.99,paid,9.99,True
473,2,Basic,9.99,failed,0.0,True
474,2,Basic,9.99,paid,9.99,True
475,2,Basic,9.99,paid,9.99,True
476,2,Basic,9.99,paid,9.99,True
477,2,Basic,9.99,paid,9.99,True
478,2,Plus,19.99,paid,19.99,True
479,2,Plus,19.99,failed,0.0,True
480,2,Basic,9.99,paid,9.99,True
481,2,Basic,9.99,paid,9.99,True
482,2,Basic,9.99,paid,9.99,True
483,2,Plus,19.99,failed,0.0,True
484,2,Basic,9.99,paid,9.99,True
485,2,Basic,9.99,paid,9.99,True
486,2,Basic,9.99,paid,9.99,True
487,2,Basic,9.99,paid,9.99,True
488,2,Basic,9.99,paid,9.99,True
489,2,Plus,19.99,paid,19.99,True
490,2,Plus,19.99,paid,19.99,True
491,2,Plus,19.99,paid,19.99,True
492,2,Plus,19.99,paid,19.99,True
493,2,Plus,19.99,paid,19.99,True
494,2,Basic,9.99,paid,9.99,True
495,2,Plus,19.99,paid,19.99,True
496,2,Basic,9.99,paid,9.99,True
497,2,Basic,9.99,paid,9.99,True
498,2,Plus,19.99,paid,19.99,True
499,2,Basic,9.99,paid,9.99,True
500,2,Basic,9.99,paid,9.99,True
501,2,Plus,19.99,failed,0.0,False
502,2,Premium,29.99,paid,29.99,True
503,2,Premium,29.99,paid,29.99,True
504,2,Basic,9.99,paid,9.99,True
505,2,Basic,9.99,paid,9.99,True
506,2,Plus,19.99,paid,19.99,True
507,2,Basic,9.99,paid,9.99,True
508,2,Plus,19.99,paid,19.99,True
509,2,Basic,9.99,paid,9.99,True
510,2,Basic,9.99,paid,9.99,True
511,2,Basic,9.99,paid,9.99,True
512,2,Plus,19.99,paid,19.99,True
513,2,Basic,9.99,failed,0.0,True
514,2,Basic,9.99,paid,9.99,True
515,2,Basic,9.99,paid,9.99,True
516,2,Basic,9.99,paid,9.99,True
517,2,Basic,9.99,paid,9.99,True
518,2,Plus,19.99,paid,19.99,True
519,2,Basic,9.99,paid,9.99,True
520,2,Plus,19.99,paid,19.99,True
521,2,Premium,29.99,paid,29.99,True
522,2,Basic,9.99,paid,9.99,True
523,2,Basic,9.99,paid,9.99,True
524,2,Plus,19.99,failed,0.0,True
525,2,Basic,9.99,paid,9.99,True
526,2,Basic,9.99,paid,9.99,True
527,2,Premium,29.99,paid,29.99,True
528,2,Premium,29.99,paid,29.99,True
529,2,Plus,19.99,paid,19.99,True
530,2,Basic,9.99,paid,9.99,True
531,2,Plus,19.99,paid,19.99,True
532,2,Plus,19.99,paid,19.99,True
533,2,Basic,9.99,paid,9.99,True
534,2,Plus,19.99,failed,0.0,False
535,2,Basic,9.99,paid,9.99,True
536,2,Basic,9.99,paid,9.99,True
537,2,Basic,9.99,paid,9.99,True
538,2,Basic,9.99,paid,9.99,True
539,2,Basic,9.99,failed,0.0,False
540,2,Plus,19.99,paid,19.99,True
541,2,Premium,29.99,paid,29.99,True
542,2,Plus,19.99,paid,19.99,True
543,2,Plus,19.99,paid,19.99,True
544,2,Premium,29.99,paid,29.99,True
545,2,Basic,9.99,paid,9.99,True
546,2,Basic,9.99,paid,9.99,True
547,2,Basic,9.99,paid,9.99,True
548,2,Basic,9.99,paid,9.99,True
549,2,Plus,19.99,paid,19.99,True
550,2,Basic,9.99,paid,9.99,True
551,2,Basic,9.99,paid,9.99,True
552,2,Basic,9.99,paid,9.99,True
553,2,Basic,9.99,paid,9.99,True
554,2,Premium,29.99,paid,29.99,True
555,2,Basic,9.99,failed,0.0,True
556,2,Basic,9.99,paid,9.99,True
557,2,Basic,9.99,failed,0.0,False
558,2,Basic,9.99,paid,9.99,True
559,2,Plus,19.99,paid,19.99,True
560,2,Basic,9.99,failed,0.0,False
561,2,Basic,9.99,paid,9.99,True
562,2,Basic,9.99,paid,9.99,True
563,2,Plus,19.99,paid,19.99,True
564,2,Plus,19.99,paid,19.99,True
565,2,Plus,19.99,paid,19.99,True
566,2,Plus,19.99,paid,19.99,True
567,2,Plus,19.99,paid,19.99,True
568,2,Basic,9.99,paid,9.99,True
569,2,Basic,9.99,paid,9.99,True
570,2,Basic,9.99,paid,9.99,True
571,2,Basic,9.99,failed,0.0,False
572,2,Plus,19.99,paid,19.99,True
573,2,Basic,9.99,paid,9.99,True
574,2,Plus,19.99,paid,19.99,True
575,2,Premium,29.99,paid,29.99,True
576,2,Basic,9.99,paid,9.99,True
577,2,Premium,29.99,paid,29.99,True
578,2,Plus,19.99,paid,19.99,True
579,2,Premium,29.99,paid,29.99,True
580,2,Basic,9.99,paid,9.99,True
581,2,Basic,9.99,failed,0.0,False
582,2,Basic,9.99,paid,9.99,True
583,2,Basic,9.99,paid,9.99,True
584,2,Basic,9.99,paid,9.99,True
585,2,Premium,29.99,failed,0.0,False
586,2,Plus,19.99,paid,19.99,True
587,2,Basic,9.99,paid,9.99,True
588,2,Basic,9.99,paid,9.99,True
589,2,Basic,9.99,paid,9.99,True
590,2,Basic,9.99,paid,9.99,True
591,2,Premium,29.99,paid,29.99,True
592,2,Basic,9.99,paid,9.99,True
593,2,Basic,9.99,paid,9.99,True
594,2,Plus,19.99,paid,19.99,True
595,2,Basic,9.99,paid,9.99,True
596,2,Basic,9.99,paid,9.99,True
597,2,Plus,19.99,paid,19.99,True
598,2,Plus,19.99,paid,19.99,True
599,2,Premium,29.99,paid,29.99,True
600,2,Plus,19.99,paid,19.99,True
601,2,Basic,9.99,paid,9.99,True
602,2,Plus,19.99,paid,19.99,True
603,2,Premium,29.99,paid,29.99,True
604,2,Plus,19.99,paid,19.99,True
605,2,Premium,29.99,failed,0.0,False
606,2,Plus,19.99,paid,19.99,True
607,2,Premium,29.99,paid,29.99,True
608,2,Basic,9.99,paid,9.99,True
609,2,Plus,19.99,paid,19.99,True
610,2,Basic,9.99,paid,9.99,True
611,2,Plus,19.99,paid,19.99,True
612,2,Plus,19.99,paid,19.99,True
613,2,Premium,29.99,paid,29.99,True
614,2,Premium,29.99,paid,29.99,True
615,2,Basic,9.99,paid,9.99,True
616,2,Plus,19.99,paid,19.99,True
617,2,Plus,19.99,paid,19.99,True
618,2,Basic,9.99,paid,9.99,True
619,2,Basic,9.99,paid,9.99,True
620,2,Basic,9.99,paid,9.99,True
621,2,Plus,19.99,paid,19.99,True
622,2,Basic,9.99,paid,9.99,True
623,2,Premium,29.99,paid,29.99,True
624,2,Basic,9.99,paid,9.99,True
625,2,Premium,29.99,paid,29.99,True
626,2,Basic,9.99,paid,9.99,True
627,2,Plus,19.99,paid,19.99,True
628,2,Basic,9.99,paid,9.99,True
629,2,Plus,19.99,paid,19.99,True
630,2,Plus,19.99,paid,19.99,True
631,2,Premium,29.99,paid,29.99,True
632,2,Plus,19.99,paid,19.99,True
633,2,Basic,9.99,paid,9.99,True
634,2,Basic,9.99,paid,9.99,True
635,2,Basic,9.99,failed,0.0,True
636,2,Basic,9.99,paid,9.99,True
637,2,Plus,19.99,paid,19.99,True
638,2,Plus,19.99,paid,19.99,True
639,2,Plus,19.99,paid,19.99,True
640,2,Premium,29.99,paid,29.99,True
641,2,Plus,19.99,paid,19.99,True
642,2,Plus,19.99,paid,19.99,True
643,2,Basic,9.99,paid,9.99,True
644,2,Basic,9.99,paid,9.99,True
645,2,Plus,19.99,paid,19.99,True
646,2,Premium,29.99,paid,29.99,True
647,2,Basic,9.99,paid,9.99,True
648,2,Basic,9.99,paid,9.99,True
649,2,Plus,19.99,paid,19.99,True
650,2,Basic,9.99,paid,9.99,True
651,2,Basic,9.99,paid,9.99,True
652,2,Premium,29.99,paid,29.99,True
653,2,Plus,19.99,paid,19.99,True
654,2,Basic,9.99,paid,9.99,True
655,2,Premium,29.99,paid,29.99,True
656,2,Basic,9.99,paid,9.99,True
657,2,Premium,29.99,paid,29.99,True
658,2,Basic,9.99,paid,9.99,True
659,2,Plus,19.99,paid,19.99,True
660,2,Basic,9.99,paid,9.99,True
661,2,Basic,9.99,paid,9.99,True
662,2,Premium,29.99,paid,29.99,True
663,2,Basic,9.99,paid,9.99,True
664,2,Basic,9.99,paid,9.99,True
665,2,Basic,9.99,paid,9.99,True
666,2,Plus,19.99,paid,19.99,True
667,2,Plus,19.99,paid,19.99,True
668,2,Premium,29.99,paid,29.99,True
669,2,Basic,9.99,paid,9.99,True
670,2,Basic,9.99,paid,9.99,True
671,2,Basic,9.99,paid,9.99,True
672,2,Plus,19.99,paid,19.99,True
673,2,Premium,29.99,paid,29.99,True
674,2,Plus,19.99,paid,19.99,True
675,2,Plus,19.99,paid,19.99,True
676,2,Basic,9.99,paid,9.99,True
677,2,Premium,29.99,paid,29.99,True
678,2,Basic,9.99,paid,9.99,True
679,2,Basic,9.99,paid,9.99,True
680,2,Basic,9.99,paid,9.99,True
681,2,Basic,9.99,paid,9.99,True
682,2,Basic,9.99,paid,9.99,True
683,2,Basic,9.99,paid,9.99,True
684,2,Basic,9.99,paid,9.99,True
685,2,Plus,19.99,paid,19.99,True
686,2,Basic,9.99,paid,9.99,True
687,2,Basic,9.99,paid,9.99,True
688,2,Premium,29.99,paid,29.99,True
689,2,Plus,19.99,paid,19.99,True
690,2,Basic,9.99,paid,9.99,True
691,2,Basic,9.99,paid,9.99,True
692,2,Premium,29.99,paid,29.99,True
693,2,Basic,9.99,paid,9.99,True
694,2,Basic,9.99,paid,9.99,True
695,2,Premium,29.99,paid,29.99,True
696,2,Basic,9.99,paid,9.99,True
697,2,Plus,19.99,paid,19.99,True
698,2,Plus,19.99,failed,0.0,False
699,2,Plus,19.99,paid,19.99,True
700,2,Basic,9.99,paid,9.99,True
701,2,Basic,9.99,paid,9.99,True
702,2,Basic,9.99,paid,9.99,True
703,2,Basic,9.99,paid,9.99,True
704,2,Premium,29.99,paid,29.99,True
705,2,Basic,9.99,paid,9.99,True
706,2,Plus,19.99,paid,19.99,True
707,2,Plus,19.99,paid,19.99,True
708,2,Plus,19.99,paid,19.99,True
709,2,Basic,9.99,paid,9.99,True
710,2,Basic,9.99,paid,9.99,True
711,2,Premium,29.99,paid,29.99,True
712,2,Plus,19.99,paid,19.99,True
713,2,Plus,19.99,paid,19.99,True
714,2,Premium,29.99,paid,29.99,True
715,2,Plus,19.99,paid,19.99,True
716,2,Basic,9.99,paid,9.99,True
717,2,Plus,19.99,paid,19.99,True
718,2,Basic,9.99,paid,9.99,True
719,2,Plus,19.99,failed,0.0,False
720,2,Premium,29.99,paid,29.99,True
721,2,Basic,9.99,paid,9.99,True
722,2,Basic,9.99,paid,9.99,True
723,2,Basic,9.99,paid,9.99,True
724,2,Premium,29.99,paid,29.99,True
725,2,Basic,9.99,paid,9.99,True
726,2,Basic,9.99,paid,9.99,True
727,2,Basic,9.99,paid,9.99,True
728,2,Basic,9.99,paid,9.99,True
729,2,Basic,9.99,paid,9.99,True
730,2,Basic,9.99,failed,0.0,True
731,2,Basic,9.99,failed,0.0,False
732,2,Basic,9.99,paid,9.99,True
733,2,Basic,9.99,paid,9.99,True
734,2,Basic,9.99,paid,9.99,True
735,2,Basic,9.99,paid,9.99,True
736,2,Plus,19.99,paid,19.99,True
737,2,Basic,9.99,paid,9.99,True
738,2,Basic,9.99,paid,9.99,True
739,2,Basic,9.99,paid,9.99,True
740,2,Basic,9.99,paid,9.99,True
741,2,Basic,9.99,paid,9.99,True
742,2,Basic,9.99,paid,9.99,True
743,2,Premium,29.99,paid,29.99,True
744,2,Basic,9.99,paid,9.99,True
745,2,Basic,9.99,paid,9.99,True
746,2,Basic,9.99,paid,9.99,True
747,2,Basic,9.99,paid,9.99,True
748,2,Basic,9.99,paid,9.99,True
749,2,Plus,19.99,paid,19.99,True
750,2,Plus,19.99,failed,0.0,False
751,2,Basic,9.99,paid,9.99,True
752,2,Basic,9.99,paid,9.99,True
753,2,Basic,9.99,paid,9.99,True
754,2,Basic,9.99,paid,9.99,True
755,2,Plus,19.99,paid,19.99,True
756,2,Basic,9.99,paid,9.99,True
757,2,Basic,9.99,paid,9.99,True
758,2,Premium,29.99,paid,29.99,True
759,2,Basic,9.99,paid,9.99,True
760,2,Basic,9.99,paid,9.99,True
761,2,Plus,19.99,paid,19.99,True
762,2,Basic,9.99,paid,9.99,True
763,2,Basic,9.99,paid,9.99,True
764,2,Basic,9.99,paid,9.99,True
765,2,Premium,29.99,paid,29.99,True
766,2,Basic,9.99,paid,9.99,True
767,2,Basic,9.99,paid,9.99,True
768,2,Basic,9.99,paid,9.99,True
769,2,Basic,9.99,paid,9.99,True
770,2,Plus,19.99,paid,19.99,True
771,2,Basic,9.99,paid,9.99,True
772,2,Plus,19.99,paid,19.99,True
773,2,Plus,19.99,paid,19.99,True
774,2,Plus,19.99,paid,19.99,True
775,2,Basic,9.99,paid,9.99,True
776,2,Premium,29.99,paid,29.99,True
777,2,Plus,19.99,paid,19.99,True
778,2,Basic,9.99,paid,9.99,True
779,2,Plus,19.99,paid,19.99,True
780,2,Premium,29.99,paid,29.99,True
781,2,Basic,9.99,paid,9.99,True
782,2,Premium,29.99,paid,29.99,True
783,2,Basic,9.99,paid,9.99,True
784,2,Plus,19.99,paid,19.99,True
785,2,Premium,29.99,paid,29.99,True
786,2,Basic,9.99,paid,9.99,True
787,2,Plus,19.99,paid,19.99,True
788,2,Basic,9.99,paid,9.99,True
789,2,Plus,19.99,paid,19.99,True
790,2,Plus,19.99,paid,19.99,True
791,2,Basic,9.99,paid,9.99,True
792,2,Basic,9.99,paid,9.99,True
793,2,Basic,9.99,paid,9.99,True
794,2,Basic,9.99,paid,9.99,True
795,2,Basic,9.99,paid,9.99,True
796,2,Basic,9.99,paid,9.99,True
797,2,Basic,9.99,paid,9.99,True
798,2,Basic,9.99,paid,9.99,True
799,2,Plus,19.99,paid,19.99,True
800,2,Plus,19.99,paid,19.99,True
801,2,Plus,19.99,paid,19.99,True
802,2,Basic,9.99,paid,9.99,True
803,2,Premium,29.99,paid,29.99,True
804,2,Plus,19.99,paid,19.99,True
805,2,Basic,9.99,paid,9.99,True
806,2,Basic,9.99,paid,9.99,True
807,2,Plus,19.99,paid,19.99,True
808,2,Basic,9.99,paid,9.99,True
809,2,Basic,9.99,paid,9.99,True
810,2,Premium,29.99,paid,29.99,True
811,2,Basic,9.99,paid,9.99,True
812,2,Basic,9.99,paid,9.99,True
813,2,Premium,29.99,paid,29.99,True
814,2,Plus,19.99,failed,0.0,False
815,2,Basic,9.99,failed,0.0,False
816,2,Premium,29.99,paid,29.99,True
817,2,Premium,29.99,paid,29.99,True
818,2,Basic,9.99,paid,9.99,True
819,2,Plus,19.99,paid,19.99,True
820,2,Basic,9.99,paid,9.99,True
821,2,Basic,9.99,paid,9.99,True
822,2,Plus,19.99,paid,19.99,True
823,2,Basic,9.99,paid,9.99,True
824,2,Plus,19.99,paid,19.99,True
825,2,Plus,19.99,paid,19.99,True
826,2,Basic,9.99,paid,9.99,True
827,2,Plus,19.99,paid,19.99,True
828,2,Basic,9.99,failed,0.0,True
829,2,Premium,29.99,paid,29.99,True
830,2,Basic,9.99,paid,9.99,True
831,2,Plus,19.99,paid,19.99,True
832,2,Plus,19.99,paid,19.99,True
833,2,Basic,9.99,paid,9.99,True
834,2,Plus,19.99,paid,19.99,True
835,2,Plus,19.99,paid,19.99,True
836,2,Plus,19.99,failed,0.0,True
837,2,Plus,19.99,paid,19.99,True
838,2,Premium,29.99,paid,29.99,True
839,2,Basic,9.99,paid,9.99,True
840,2,Basic,9.99,failed,0.0,True
841,2,Basic,9.99,paid,9.99,True
842,2,Plus,19.99,paid,19.99,True
843,2,Basic,9.99,paid,9.99,True
844,2,Basic,9.99,paid,9.99,True
845,2,Basic,9.99,paid,9.99,True
846,2,Premium,29.99,paid,29.99,True
847,2,Basic,9.99,paid,9.99,True
848,2,Plus,19.99,paid,19.99,True
849,2,Basic,9.99,paid,9.99,True
850,2,Premium,29.99,paid,29.99,True
851,2,Basic,9.99,paid,9.99,True
852,2,Basic,9.99,paid,9.99,True
853,2,Premium,29.99,paid,29.99,True
854,2,Premium,29.99,paid,29.99,True
855,2,Basic,9.99,paid,9.99,True
856,2,Basic,9.99,paid,9.99,True
857,2,Plus,19.99,paid,19.99,True
858,2,Premium,29.99,paid,29.99,True
859,2,Basic,9.99,paid,9.99,True
860,2,Basic,9.99,paid,9.99,True
861,2,Plus,19.99,paid,19.99,True
862,2,Plus,19.99,paid,19.99,True
863,2,Plus,19.99,paid,19.99,True
864,2,Plus,19.99,paid,19.99,True
865,2,Basic,9.99,paid,9.99,True
866,2,Premium,29.99,paid,29.99,True
867,2,Premium,29.99,paid,29.99,True
868,2,Plus,19.99,paid,19.99,True
869,2,Basic,9.99,paid,9.99,True
870,2,Basic,9.99,failed,0.0,False
871,2,Plus,19.99,paid,19.99,True
872,2,Basic,9.99,paid,9.99,True
873,2,Premium,29.99,failed,0.0,False
874,2,Basic,9.99,paid,9.99,True
875,2,Plus,19.99,paid,19.99,True
876,2,Premium,29.99,paid,29.99,True
877,2,Basic,9.99,paid,9.99,True
878,2,Basic,9.99,paid,9.99,True
879,2,Plus,19.99,paid,19.99,True
880,2,Plus,19.99,failed,0.0,False
881,2,Basic,9.99,paid,9.99,True
882,2,Plus,19.99,paid,19.99,True
883,2,Premium,29.99,paid,29.99,True
884,2,Basic,9.99,paid,9.99,True
885,2,Basic,9.99,paid,9.99,True
886,2,Basic,9.99,paid,9.99,True
887,2,Basic,9.99,failed,0.0,False
888,2,Basic,9.99,paid,9.99,True
889,2,Basic,9.99,paid,9.99,True
890,2,Plus,19.99,paid,19.99,True
891,2,Basic,9.99,paid,9.99,True
892,2,Premium,29.99,paid,29.99,True
893,2,Basic,9.99,paid,9.99,True
894,2,Basic,9.99,paid,9.99,True
895,2,Plus,19.99,paid,19.99,True
896,2,Premium,29.99,paid,29.99,True
897,2,Basic,9.99,paid,9.99,True
898,2,Basic,9.99,paid,9.99,True
899,2,Basic,9.99,paid,9.99,True
900,2,Basic,9.99,paid,9.99,True
901,2,Basic,9.99,failed,0.0,True
902,2,Basic,9.99,paid,9.99,True
903,2,Basic,9.99,paid,9.99,True
904,2,Basic,9.99,paid,9.99,True
905,2,Premium,29.99,paid,29.99,True
906,2,Plus,19.99,paid,19.99,True
907,2,Basic,9.99,paid,9.99,True
908,2,Basic,9.99,paid,9.99,True
909,2,Basic,9.99,paid,9.99,True
910,2,Basic,9.99,paid,9.99,True
911,2,Plus,19.99,paid,19.99,True
912,2,Premium,29.99,paid,29.99,True
913,2,Premium,29.99,paid,29.99,True
914,2,Premium,29.99,paid,29.99,True
915,2,Premium,29.99,paid,29.99,True
916,2,Premium,29.99,failed,0.0,True
917,2,Basic,9.99,paid,9.99,True
918,2,Basic,9.99,failed,0.0,True
919,2,Basic,9.99,failed,0.0,False
920,2,Plus,19.99,paid,19.99,True
921,2,Basic,9.99,paid,9.99,True
922,2,Plus,19.99,failed,0.0,False
923,2,Plus,19.99,paid,19.99,True
924,2,Basic,9.99,paid,9.99,True
925,2,Basic,9.99,paid,9.99,True
926,2,Basic,9.99,paid,9.99,True
927,2,Basic,9.99,paid,9.99,True
928,2,Premium,29.99,paid,29.99,True
929,2,Plus,19.99,paid,19.99,True
930,2,Plus,19.99,paid,19.99,True
931,2,Basic,9.99,paid,9.99,True
932,2,Basic,9.99,paid,9.99,True
933,2,Basic,9.99,paid,9.99,True
934,2,Plus,19.99,paid,19.99,True
935,2,Plus,19.99,paid,19.99,True
936,2,Basic,9.99,paid,9.99,True
937,2,Premium,29.99,paid,29.99,True
938,2,Basic,9.99,paid,9.99,True
939,2,Premium,29.99,paid,29.99,True
940,2,Basic,9.99,failed,0.0,False
941,2,Basic,9.99,paid,9.99,True
942,2,Plus,19.99,paid,19.99,True
943,2,Basic,9.99,paid,9.99,True
944,2,Basic,9.99,paid,9.99,True
945,2,Basic,9.99,paid,9.99,True
946,2,Basic,9.99,paid,9.99,True
947,2,Plus,19.99,paid,19.99,True
948,2,Premium,29.99,paid,29.99,True
949,2,Premium,29.99,paid,29.99,True
950,2,Basic,9.99,paid,9.99,True
951,2,Basic,9.99,paid,9.99,True
952,2,Basic,9.99,paid,9.99,True
953,2,Basic,9.99,paid,9.99,True
954,2,Basic,9.99,paid,9.99,True
955,2,Premium,29.99,paid,29.99,True
956,2,Premium,29.99,paid,29.99,True
957,2,Plus,19.99,paid,19.99,True
958,2,Basic,9.99,failed,0.0,False
959,2,Basic,9.99,paid,9.99,True
960,2,Basic,9.99,paid,9.99,True
961,2,Basic,9.99,paid,9.99,True
962,2,Basic,9.99,paid,9.99,True
963,2,Basic,9.99,paid,9.99,True
964,2,Basic,9.99,paid,9.99,True
965,2,Premium,29.99,paid,29.99,True
966,2,Basic,9.99,paid,9.99,True
967,2,Premium,29.99,paid,29.99,True
968,2,Basic,9.99,paid,9.99,True
969,2,Plus,19.99,paid,19.99,True
970,2,Basic,9.99,paid,9.99,True
971,2,Basic,9.99,paid,9.99,True
972,2,Basic,9.99,paid,9.99,True
973,2,Basic,9.99,paid,9.99,True
974,2,Premium,29.99,paid,29.99,True
975,2,Basic,9.99,paid,9.99,True
976,2,Plus,19.99,paid,19.99,True
977,2,Basic,9.99,paid,9.99,True
978,2,Basic,9.99,paid,9.99,True
979,2,Basic,9.99,paid,9.99,True
980,2,Basic,9.99,paid,9.99,True
981,2,Premium,29.99,paid,29.99,True
982,2,Plus,19.99,paid,19.99,True
983,2,Plus,19.99,paid,19.99,True
984,2,Basic,9.99,paid,9.99,True
985,2,Basic,9.99,paid,9.99,True
986,2,Premium,29.99,paid,29.99,True
987,2,Basic,9.99,paid,9.99,True
988,2,Basic,9.99,paid,9.99,True
989,2,Basic,9.99,paid,9.99,True
990,2,Plus,19.99,paid,19.99,True
991,2,Plus,19.99,paid,19.99,True
992,2,Plus,19.99,paid,19.99,True
993,2,Plus,19.99,paid,19.99,True
994,2,Basic,9.99,paid,9.99,True
995,2,Premium,29.99,paid,29.99,True
996,2,Basic,9.99,paid,9.99,True
997,2,Plus,19.99,paid,19.99,True
998,2,Basic,9.99,paid,9.99,True
999,2,Premium,29.99,paid,29.99,True
1000,2,Basic,9.99,paid,9.99,True
1,3,Plus,19.99,paid,19.99,True
2,3,Basic,9.99,paid,9.99,True
3,3,Premium,29.99,paid,29.99,True
4,3,Plus,19.99,paid,19.99,True
5,3,Basic,9.99,paid,9.99,True
6,3,Premium,29.99,paid,29.99,True
7,3,Plus,19.99,paid,19.99,True
8,3,Plus,19.99,paid,19.99,True
9,3,Basic,9.99,failed,0.0,True
10,3,Basic,9.99,paid,9.99,True
11,3,Basic,9.99,paid,9.99,True
12,3,Premium,29.99,paid,29.99,True
13,3,Plus,19.99,paid,19.99,True
14,3,Plus,19.99,paid,19.99,True
15,3,Basic,9.99,paid,9.99,True
16,3,Basic,9.99,paid,9.99,True
17,3,Plus,19.99,paid,19.99,True
18,3,Basic,9.99,failed,0.0,False
19,3,Plus,19.99,paid,19.99,True
20,3,Plus,19.99,paid,19.99,True
21,3,Plus,19.99,paid,19.99,True
22,3,Basic,9.99,paid,9.99,True
23,3,Premium,29.99,failed,0.0,False
24,3,Premium,29.99,paid,29.99,True
25,3,Plus,19.99,paid,19.99,True
26,3,Basic,9.99,paid,9.99,True
27,3,Basic,9.99,paid,9.99,True
28,3,Basic,9.99,paid,9.99,True
29,3,Basic,9.99,paid,9.99,True
30,3,Plus,19.99,paid,19.99,True
31,3,Plus,19.99,failed,0.0,False
32,3,Premium,29.99,paid,29.99,True
33,3,Basic,9.99,paid,9.99,True
34,3,Basic,9.99,paid,9.99,True
35,3,Basic,9.99,paid,9.99,True
36,3,Basic,9.99,paid,9.99,True
37,3,Basic,9.99,failed,0.0,True
38,3,Basic,9.99,failed,0.0,False
39,3,Basic,9.99,failed,0.0,False
40,3,Plus,19.99,paid,19.99,True
41,3,Basic,9.99,paid,9.99,True
42,3,Plus,19.99,paid,19.99,True
43,3,Plus,19.99,paid,19.99,True
44,3,Basic,9.99,paid,9.99,True
45,3,Plus,19.99,paid,19.99,True
46,3,Plus,19.99,paid,19.99,True
47,3,Basic,9.99,paid,9.99,True
48,3,Basic,9.99,paid,9.99,True
49,3,Plus,19.99,paid,19.99,True
50,3,Basic,9.99,paid,9.99,True
51,3,Basic,9.99,paid,9.99,True
52,3,Basic,9.99,failed,0.0,False
53,3,Plus,19.99,paid,19.99,True
54,3,Plus,19.99,paid,19.99,True
55,3,Plus,19.99,paid,19.99,True
56,3,Plus,19.99,paid,19.99,True
57,3,Basic,9.99,failed,0.0,False
58,3,Plus,19.99,paid,19.99,True
59,3,Basic,9.99,paid,9.99,True
60,3,Basic,9.99,paid,9.99,True
61,3,Plus,19.99,paid,19.99,True
62,3,Basic,9.99,paid,9.99,True
63,3,Plus,19.99,paid,19.99,True
64,3,Plus,19.99,paid,19.99,True
65,3,Plus,19.99,paid,19.99,True
66,3,Plus,19.99,paid,19.99,True
67,3,Plus,19.99,paid,19.99,True
68,3,Basic,9.99,paid,9.99,True
69,3,Basic,9.99,paid,9.99,True
70,3,Basic,9.99,paid,9.99,True
71,3,Basic,9.99,paid,9.99,True
72,3,Basic,9.99,paid,9.99,True
73,3,Premium,29.99,paid,29.99,True
74,3,Basic,9.99,paid,9.99,True
75,3,Basic,9.99,paid,9.99,True
76,3,Basic,9.99,paid,9.99,True
77,3,Basic,9.99,paid,9.99,True
78,3,Plus,19.99,paid,19.99,True
79,3,Plus,19.99,paid,19.99,True
80,3,Plus,19.99,failed,0.0,False
81,3,Plus,19.99,failed,0.0,True
82,3,Basic,9.99,failed,0.0,True
83,3,Plus,19.99,paid,19.99,True
84,3,Basic,9.99,paid,9.99,True
85,3,Basic,9.99,paid,9.99,True
86,3,Basic,9.99,paid,9.99,True
87,3,Plus,19.99,paid,19.99,True
88,3,Basic,9.99,paid,9.99,True
89,3,Basic,9.99,paid,9.99,True
90,3,Basic,9.99,paid,9.99,True
91,3,Basic,9.99,paid,9.99,True
92,3,Plus,19.99,paid,19.99,True
93,3,Basic,9.99,paid,9.99,True
94,3,Basic,9.99,paid,9.99,True
95,3,Basic,9.99,paid,9.99,True
96,3,Plus,19.99,paid,19.99,True
97,3,Basic,9.99,failed,0.0,False
98,3,Basic,9.99,paid,9.99,True
99,3,Basic,9.99,paid,9.99,True
100,3,Premium,29.99,paid,29.99,True
101,3,Premium,29.99,paid,29.99,True
102,3,Plus,19.99,paid,19.99,True
103,3,Basic,9.99,paid,9.99,True
104,3,Premium,29.99,paid,29.99,True
105,3,Plus,19.99,paid,19.99,True
106,3,Plus,19.99,paid,19.99,True
107,3,Basic,9.99,paid,9.99,True
108,3,Basic,9.99,paid,9.99,True
109,3,Basic,9.99,paid,9.99,True
110,3,Premium,29.99,paid,29.99,True
111,3,Basic,9.99,paid,9.99,True
112,3,Basic,9.99,paid,9.99,True
113,3,Basic,9.99,paid,9.99,True
114,3,Plus,19.99,paid,19.99,True
115,3,Basic,9.99,failed,0.0,False
116,3,Premium,29.99,paid,29.99,True
117,3,Plus,19.99,paid,19.99,True
118,3,Plus,19.99,failed,0.0,False
119,3,Basic,9.99,paid,9.99,True
120,3,Plus,19.99,paid,19.99,True
121,3,Plus,19.99,paid,19.99,True
122,3,Plus,19.99,failed,0.0,False
123,3,Basic,9.99,paid,9.99,True
124,3,Basic,9.99,paid,9.99,True
125,3,Basic,9.99,paid,9.99,True
126,3,Basic,9.99,paid,9.99,True
127,3,Basic,9.99,paid,9.99,True
128,3,Basic,9.99,paid,9.99,True
129,3,Basic,9.99,paid,9.99,True
130,3,Plus,19.99,failed,0.0,False
131,3,Basic,9.99,paid,9.99,True
132,3,Premium,29.99,paid,29.99,True
133,3,Plus,19.99,paid,19.99,True
134,3,Basic,9.99,paid,9.99,True
135,3,Plus,19.99,paid,19.99,True
136,3,Basic,9.99,paid,9.99,True
137,3,Premium,29.99,paid,29.99,True
138,3,Basic,9.99,paid,9.99,True
139,3,Plus,19.99,paid,19.99,True
140,3,Basic,9.99,paid,9.99,True
141,3,Basic,9.99,paid,9.99,True
142,3,Basic,9.99,paid,9.99,True
143,3,Premium,29.99,paid,29.99,True
144,3,Plus,19.99,paid,19.99,True
145,3,Basic,9.99,paid,9.99,True
146,3,Basic,9.99,paid,9.99,True
147,3,Basic,9.99,paid,9.99,True
148,3,Basic,9.99,paid,9.99,True
149,3,Basic,9.99,paid,9.99,True
150,3,Basic,9.99,paid,9.99,True
151,3,Plus,19.99,paid,19.99,True
152,3,Premium,29.99,failed,0.0,False
153,3,Basic,9.99,paid,9.99,True
154,3,Plus,19.99,paid,19.99,True
155,3,Basic,9.99,paid,9.99,True
156,3,Plus,19.99,paid,19.99,True
157,3,Basic,9.99,paid,9.99,True
158,3,Plus,19.99,paid,19.99,True
159,3,Plus,19.99,paid,19.99,True
160,3,Plus,19.99,failed,0.0,True
161,3,Basic,9.99,paid,9.99,True
162,3,Premium,29.99,paid,29.99,True
163,3,Basic,9.99,paid,9.99,True
164,3,Basic,9.99,paid,9.99,True
165,3,Plus,19.99,paid,19.99,True
166,3,Basic,9.99,paid,9.99,True
167,3,Plus,19.99,paid,19.99,True
168,3,Plus,19.99,paid,19.99,True
169,3,Basic,9.99,paid,9.99,True
170,3,Premium,29.99,paid,29.99,True
171,3,Basic,9.99,paid,9.99,True
172,3,Basic,9.99,paid,9.99,True
173,3,Basic,9.99,paid,9.99,True
174,3,Premium,29.99,paid,29.99,True
175,3,Basic,9.99,paid,9.99,True
176,3,Basic,9.99,paid,9.99,True
177,3,Basic,9.99,paid,9.99,True
178,3,Premium,29.99,paid,29.99,True
179,3,Premium,29.99,failed,0.0,False
180,3,Plus,19.99,paid,19.99,True
181,3,Premium,29.99,paid,29.99,True
182,3,Premium,29.99,paid,29.99,True
183,3,Basic,9.99,paid,9.99,True
184,3,Basic,9.99,paid,9.99,True
185,3,Plus,19.99,paid,19.99,True
186,3,Plus,19.99,failed,0.0,False
187,3,Basic,9.99,paid,9.99,True
188,3,Basic,9.99,paid,9.99,True
189,3,Plus,19.99,paid,19.99,True
190,3,Basic,9.99,failed,0.0,False
191,3,Premium,29.99,paid,29.99,True
192,3,Basic,9.99,paid,9.99,True
193,3,Basic,9.99,paid,9.99,True
194,3,Plus,19.99,paid,19.99,True
195,3,Basic,9.99,paid,9.99,True
196,3,Basic,9.99,paid,9.99,True
197,3,Plus,19.99,paid,19.99,True
198,3,Premium,29.99,paid,29.99,True
199,3,Basic,9.99,failed,0.0,False
200,3,Basic,9.99,paid,9.99,True
201,3,Plus,19.99,paid,19.99,True
202,3,Premium,29.99,paid,29.99,True
203,3,Basic,9.99,paid,9.99,True
204,3,Basic,9.99,paid,9.99,True
205,3,Basic,9.99,paid,9.99,True
206,3,Basic,9.99,paid,9.99,True
207,3,Basic,9.99,paid,9.99,True
208,3,Plus,19.99,paid,19.99,True
209,3,Basic,9.99,paid,9.99,True
210,3,Basic,9.99,failed,0.0,False
211,3,Plus,19.99,paid,19.99,True
212,3,Plus,19.99,paid,19.99,True
213,3,Basic,9.99,paid,9.99,True
214,3,Plus,19.99,paid,19.99,True
215,3,Plus,19.99,paid,19.99,True
216,3,Plus,19.99,paid,19.99,True
217,3,Basic,9.99,paid,9.99,True
218,3,Basic,9.99,failed,0.0,True
219,3,Premium,29.99,paid,29.99,True
220,3,Basic,9.99,paid,9.99,True
221,3,Basic,9.99,paid,9.99,True
222,3,Basic,9.99,paid,9.99,True
223,3,Plus,19.99,paid,19.99,True
224,3,Premium,29.99,paid,29.99,True
225,3,Basic,9.99,paid,9.99,True
226,3,Premium,29.99,paid,29.99,True
227,3,Basic,9.99,paid,9.99,True
228,3,Plus,19.99,paid,19.99,True
229,3,Plus,19.99,failed,0.0,False
230,3,Basic,9.99,paid,9.99,True
231,3,Basic,9.99,paid,9.99,True
232,3,Basic,9.99,paid,9.99,True
233,3,Premium,29.99,paid,29.99,True
234,3,Plus,19.99,paid,19.99,True
235,3,Premium,29.99,paid,29.99,True
236,3,Plus,19.99,paid,19.99,True
237,3,Basic,9.99,paid,9.99,True
238,3,Plus,19.99,paid,19.99,True
239,3,Basic,9.99,paid,9.99,True
240,3,Basic,9.99,paid,9.99,True
241,3,Plus,19.99,failed,0.0,True
242,3,Plus,19.99,paid,19.99,True
243,3,Basic,9.99,paid,9.99,True
244,3,Basic,9.99,paid,9.99,True
245,3,Plus,19.99,paid,19.99,True
246,3,Premium,29.99,failed,0.0,True
247,3,Plus,19.99,paid,19.99,True
248,3,Basic,9.99,paid,9.99,True
249,3,Basic,9.99,paid,9.99,True
250,3,Basic,9.99,failed,0.0,True
251,3,Plus,19.99,paid,19.99,True
252,3,Premium,29.99,paid,29.99,True
253,3,Basic,9.99,paid,9.99,True
254,3,Basic,9.99,paid,9.99,True
255,3,Basic,9.99,paid,9.99,True
256,3,Plus,19.99,paid,19.99,True
257,3,Plus,19.99,paid,19.99,True
258,3,Basic,9.99,paid,9.99,True
259,3,Basic,9.99,paid,9.99,True
260,3,Plus,19.99,paid,19.99,True
261,3,Basic,9.99,paid,9.99,True
262,3,Plus,19.99,paid,19.99,True
263,3,Basic,9.99,paid,9.99,True
264,3,Basic,9.99,paid,9.99,True
265,3,Premium,29.99,failed,0.0,False
266,3,Basic,9.99,paid,9.99,True
267,3,Basic,9.99,paid,9.99,True
268,3,Basic,9.99,paid,9.99,True
269,3,Basic,9.99,paid,9.99,True
270,3,Basic,9.99,failed,0.0,True
271,3,Basic,9.99,paid,9.99,True
272,3,Basic,9.99,paid,9.99,True
273,3,Basic,9.99,paid,9.99,True
274,3,Plus,19.99,paid,19.99,True
275,3,Plus,19.99,failed,0.0,False
276,3,Basic,9.99,failed,0.0,False
277,3,Basic,9.99,paid,9.99,True
278,3,Basic,9.99,paid,9.99,True
279,3,Premium,29.99,paid,29.99,True
280,3,Premium,29.99,paid,29.99,True
281,3,Basic,9.99,paid,9.99,True
282,3,Basic,9.99,paid,9.99,True
283,3,Basic,9.99,paid,9.99,True
284,3,Basic,9.99,paid,9.99,True
285,3,Plus,19.99,paid,19.99,True
286,3,Basic,9.99,paid,9.99,True
287,3,Basic,9.99,paid,9.99,True
288,3,Basic,9.99,paid,9.99,True
289,3,Basic,9.99,paid,9.99,True
290,3,Basic,9.99,paid,9.99,True
291,3,Plus,19.99,failed,0.0,False
292,3,Basic,9.99,paid,9.99,True
293,3,Premium,29.99,paid,29.99,True
294,3,Basic,9.99,paid,9.99,True
295,3,Plus,19.99,failed,0.0,True
296,3,Premium,29.99,failed,0.0,False
297,3,Premium,29.99,paid,29.99,True
298,3,Plus,19.99,paid,19.99,True
299,3,Plus,19.99,failed,0.0,False
300,3,Plus,19.99,failed,0.0,False
301,3,Plus,19.99,paid,19.99,True
302,3,Basic,9.99,paid,9.99,True
303,3,Basic,9.99,paid,9.99,True
304,3,Basic,9.99,paid,9.99,True
305,3,Premium,29.99,paid,29.99,True
306,3,Basic,9.99,paid,9.99,True
307,3,Basic,9.99,paid,9.99,True
308,3,Plus,19.99,paid,19.99,True
309,3,Basic,9.99,paid,9.99,True
310,3,Basic,9.99,paid,9.99,True
311,3,Basic,9.99,paid,9.99,True
312,3,Basic,9.99,paid,9.99,True
313,3,Basic,9.99,paid,9.99,True
314,3,Basic,9.99,paid,9.99,True
315,3,Basic,9.99,paid,9.99,True
316,3,Basic,9.99,paid,9.99,True
317,3,Basic,9.99,paid,9.99,True
318,3,Plus,19.99,paid,19.99,True
319,3,Basic,9.99,failed,0.0,False
320,3,Premium,29.99,paid,29.99,True
321,3,Premium,29.99,failed,0.0,False
322,3,Basic,9.99,paid,9.99,True
323,3,Basic,9.99,paid,9.99,True
324,3,Basic,9.99,failed,0.0,False
325,3,Plus,19.99,paid,19.99,True
326,3,Plus,19.99,paid,19.99,True
327,3,Plus,19.99,paid,19.99,True
328,3,Basic,9.99,paid,9.99,True
329,3,Plus,19.99,paid,19.99,True
330,3,Basic,9.99,paid,9.99,True
331,3,Plus,19.99,paid,19.99,True
332,3,Basic,9.99,paid,9.99,True
333,3,Plus,19.99,paid,19.99,True
334,3,Premium,29.99,paid,29.99,True
335,3,Basic,9.99,paid,9.99,True
336,3,Plus,19.99,paid,19.99,True
337,3,Basic,9.99,paid,9.99,True
338,3,Plus,19.99,paid,19.99,True
339,3,Basic,9.99,paid,9.99,True
340,3,Premium,29.99,paid,29.99,True
341,3,Basic,9.99,paid,9.99,True
342,3,Premium,29.99,paid,29.99,True
343,3,Plus,19.99,paid,19.99,True
344,3,Plus,19.99,paid,19.99,True
345,3,Plus,19.99,paid,19.99,True
346,3,Plus,19.99,paid,19.99,True
347,3,Premium,29.99,paid,29.99,True
348,3,Basic,9.99,failed,0.0,False
349,3,Plus,19.99,paid,19.99,True
350,3,Basic,9.99,failed,0.0,False
351,3,Plus,19.99,paid,19.99,True
352,3,Basic,9.99,paid,9.99,True
353,3,Plus,19.99,paid,19.99,True
354,3,Plus,19.99,paid,19.99,True
355,3,Basic,9.99,paid,9.99,True
356,3,Basic,9.99,paid,9.99,True
357,3,Plus,19.99,paid,19.99,True
358,3,Plus,19.99,failed,0.0,False
359,3,Basic,9.99,paid,9.99,True
360,3,Plus,19.99,paid,19.99,True
361,3,Premium,29.99,paid,29.99,True
362,3,Basic,9.99,paid,9.99,True
363,3,Basic,9.99,paid,9.99,True
364,3,Basic,9.99,paid,9.99,True
365,3,Plus,19.99,paid,19.99,True
366,3,Basic,9.99,paid,9.99,True
367,3,Plus,19.99,paid,19.99,True
368,3,Plus,19.99,paid,19.99,True
369,3,Basic,9.99,paid,9.99,True
370,3,Premium,29.99,paid,29.99,True
371,3,Plus,19.99,paid,19.99,True
372,3,Basic,9.99,paid,9.99,True
373,3,Basic,9.99,paid,9.99,True
374,3,Basic,9.99,paid,9.99,True
375,3,Basic,9.99,paid,9.99,True
376,3,Basic,9.99,paid,9.99,True
377,3,Premium,29.99,paid,29.99,True
378,3,Basic,9.99,paid,9.99,True
379,3,Basic,9.99,paid,9.99,True
380,3,Plus,19.99,failed,0.0,False
381,3,Plus,19.99,failed,0.0,False
382,3,Premium,29.99,paid,29.99,True
383,3,Plus,19.99,failed,0.0,True
384,3,Basic,9.99,failed,0.0,False
385,3,Basic,9.99,paid,9.99,True
386,3,Premium,29.99,paid,29.99,True
387,3,Plus,19.99,paid,19.99,True
388,3,Premium,29.99,paid,29.99,True
389,3,Basic,9.99,paid,9.99,True
390,3,Premium,29.99,paid,29.99,True
391,3,Plus,19.99,paid,19.99,True
392,3,Basic,9.99,paid,9.99,True
393,3,Plus,19.99,paid,19.99,True
394,3,Plus,19.99,failed,0.0,False
395,3,Basic,9.99,paid,9.99,True
396,3,Basic,9.99,paid,9.99,True
397,3,Plus,19.99,paid,19.99,True
398,3,Basic,9.99,paid,9.99,True
399,3,Basic,9.99,paid,9.99,True
400,3,Basic,9.99,paid,9.99,True
401,3,Basic,9.99,paid,9.99,True
402,3,Premium,29.99,paid,29.99,True
403,3,Plus,19.99,paid,19.99,True
404,3,Basic,9.99,paid,9.99,True
405,3,Premium,29.99,paid,29.99,True
406,3,Premium,29.99,paid,29.99,True
407,3,Basic,9.99,paid,9.99,True
408,3,Plus,19.99,paid,19.99,True
409,3,Basic,9.99,paid,9.99,True
410,3,Premium,29.99,paid,29.99,True
411,3,Plus,19.99,paid,19.99,True
412,3,Plus,19.99,paid,19.99,True
413,3,Basic,9.99,paid,9.99,True
414,3,Premium,29.99,paid,29.99,True
415,3,Basic,9.99,paid,9.99,True
416,3,Basic,9.99,paid,9.99,True
417,3,Basic,9.99,paid,9.99,True
418,3,Plus,19.99,paid,19.99,True
419,3,Basic,9.99,paid,9.99,True
420,3,Premium,29.99,paid,29.99,True
421,3,Plus,19.99,paid,19.99,True
422,3,Basic,9.99,paid,9.99,True
423,3,Basic,9.99,failed,0.0,False
424,3,Basic,9.99,paid,9.99,True
425,3,Plus,19.99,paid,19.99,True
426,3,Plus,19.99,paid,19.99,True
427,3,Basic,9.99,paid,9.99,True
428,3,Plus,19.99,paid,19.99,True
429,3,Basic,9.99,paid,9.99,True
430,3,Plus,19.99,paid,19.99,True
431,3,Premium,29.99,paid,29.99,True
432,3,Plus,19.99,paid,19.99,True
433,3,Plus,19.99,paid,19.99,True
434,3,Plus,19.99,paid,19.99,True
435,3,Basic,9.99,paid,9.99,True
436,3,Basic,9.99,paid,9.99,True
437,3,Basic,9.99,paid,9.99,True
438,3,Basic,9.99,paid,9.99,True
439,3,Plus,19.99,paid,19.99,True
440,3,Plus,19.99,paid,19.99,True
441,3,Premium,29.99,paid,29.99,True
442,3,Basic,9.99,paid,9.99,True
443,3,Plus,19.99,paid,19.99,True
444,3,Basic,9.99,paid,9.99,True
445,3,Basic,9.99,paid,9.99,True
446,3,Plus,19.99,failed,0.0,False
447,3,Premium,29.99,paid,29.99,True
448,3,Plus,19.99,paid,19.99,True
449,3,Basic,9.99,paid,9.99,True
450,3,Plus,19.99,paid,19.99,True
451,3,Basic,9.99,paid,9.99,True
452,3,Premium,29.99,paid,29.99,True
453,3,Plus,19.99,paid,19.99,True
454,3,Basic,9.99,paid,9.99,True
455,3,Basic,9.99,paid,9.99,True
456,3,Basic,9.99,paid,9.99,True
457,3,Premium,29.99,paid,29.99,True
458,3,Basic,9.99,paid,9.99,True
459,3,Plus,19.99,paid,19.99,True
460,3,Plus,19.99,paid,19.99,True
461,3,Plus,19.99,failed,0.0,False
462,3,Basic,9.99,failed,0.0,False
463,3,Premium,29.99,paid,29.99,True
464,3,Basic,9.99,paid,9.99,True
465,3,Plus,19.99,paid,19.99,True
466,3,Plus,19.99,paid,19.99,True
467,3,Plus,19.99,paid,19.99,True
468,3,Premium,29.99,paid,29.99,True
469,3,Basic,9.99,paid,9.99,True
470,3,Basic,9.99,paid,9.99,True
471,3,Basic,9.99,paid,9.99,True
472,3,Basic,9.99,paid,9.99,True
473,3,Basic,9.99,failed,0.0,False
474,3,Basic,9.99,paid,9.99,True
475,3,Basic,9.99,paid,9.99,True
476,3,Basic,9.99,paid,9.99,True
477,3,Basic,9.99,paid,9.99,True
478,3,Plus,19.99,paid,19.99,True
479,3,Plus,19.99,paid,19.99,True
480,3,Basic,9.99,paid,9.99,True
481,3,Basic,9.99,paid,9.99,True
482,3,Basic,9.99,paid,9.99,True
483,3,Plus,19.99,paid,19.99,True
484,3,Basic,9.99,failed,0.0,False
485,3,Basic,9.99,paid,9.99,True
486,3,Basic,9.99,paid,9.99,True
487,3,Basic,9.99,paid,9.99,True
488,3,Basic,9.99,paid,9.99,True
489,3,Plus,19.99,paid,19.99,True
490,3,Plus,19.99,paid,19.99,True
491,3,Plus,19.99,paid,19.99,True
492,3,Plus,19.99,paid,19.99,True
493,3,Plus,19.99,failed,0.0,False
494,3,Basic,9.99,paid,9.99,True
495,3,Plus,19.99,paid,19.99,True
496,3,Basic,9.99,paid,9.99,True
497,3,Basic,9.99,paid,9.99,True
498,3,Plus,19.99,paid,19.99,True
499,3,Basic,9.99,paid,9.99,True
500,3,Basic,9.99,paid,9.99,True
501,3,Plus,19.99,failed,0.0,False
502,3,Premium,29.99,failed,0.0,False
503,3,Premium,29.99,paid,29.99,True
504,3,Basic,9.99,paid,9.99,True
505,3,Basic,9.99,paid,9.99,True
506,3,Plus,19.99,paid,19.99,True
507,3,Basic,9.99,paid,9.99,True
508,3,Plus,19.99,paid,19.99,True
509,3,Basic,9.99,paid,9.99,True
510,3,Basic,9.99,paid,9.99,True
511,3,Basic,9.99,paid,9.99,True
512,3,Plus,19.99,paid,19.99,True
513,3,Basic,9.99,failed,0.0,True
514,3,Basic,9.99,paid,9.99,True
515,3,Basic,9.99,paid,9.99,True
516,3,Basic,9.99,paid,9.99,True
517,3,Basic,9.99,failed,0.0,False
518,3,Plus,19.99,paid,19.99,True
519,3,Basic,9.99,paid,9.99,True
520,3,Plus,19.99,paid,19.99,True
521,3,Premium,29.99,paid,29.99,True
522,3,Basic,9.99,paid,9.99,True
523,3,Basic,9.99,paid,9.99,True
524,3,Plus,19.99,paid,19.99,True
525,3,Basic,9.99,paid,9.99,True
526,3,Basic,9.99,paid,9.99,True
527,3,Premium,29.99,paid,29.99,True
528,3,Premium,29.99,paid,29.99,True
529,3,Plus,19.99,paid,19.99,True
530,3,Basic,9.99,paid,9.99,True
531,3,Plus,19.99,paid,19.99,True
532,3,Plus,19.99,paid,19.99,True
533,3,Basic,9.99,paid,9.99,True
534,3,Plus,19.99,failed,0.0,False
535,3,Basic,9.99,paid,9.99,True
536,3,Basic,9.99,paid,9.99,True
537,3,Basic,9.99,paid,9.99,True
538,3,Basic,9.99,paid,9.99,True
539,3,Basic,9.99,failed,0.0,False
540,3,Plus,19.99,paid,19.99,True
541,3,Premium,29.99,paid,29.99,True
542,3,Plus,19.99,paid,19.99,True
543,3,Plus,19.99,failed,0.0,True
544,3,Premium,29.99,failed,0.0,False
545,3,Basic,9.99,paid,9.99,True
546,3,Basic,9.99,paid,9.99,True
547,3,Basic,9.99,paid,9.99,True
548,3,Basic,9.99,paid,9.99,True
549,3,Plus,19.99,paid,19.99,True
550,3,Basic,9.99,paid,9.99,True
551,3,Basic,9.99,paid,9.99,True
552,3,Basic,9.99,paid,9.99,True
553,3,Basic,9.99,paid,9.99,True
554,3,Premium,29.99,paid,29.99,True
555,3,Basic,9.99,paid,9.99,True
556,3,Basic,9.99,paid,9.99,True
557,3,Basic,9.99,failed,0.0,False
558,3,Basic,9.99,paid,9.99,True
559,3,Plus,19.99,paid,19.99,True
560,3,Basic,9.99,failed,0.0,False
561,3,Basic,9.99,paid,9.99,True
562,3,Basic,9.99,paid,9.99,True
563,3,Plus,19.99,paid,19.99,True
564,3,Plus,19.99,paid,19.99,True
565,3,Plus,19.99,paid,19.99,True
566,3,Plus,19.99,paid,19.99,True
567,3,Plus,19.99,paid,19.99,True
568,3,Basic,9.99,paid,9.99,True
569,3,Basic,9.99,paid,9.99,True
570,3,Basic,9.99,paid,9.99,True
571,3,Basic,9.99,failed,0.0,False
572,3,Plus,19.99,paid,19.99,True
573,3,Basic,9.99,paid,9.99,True
574,3,Plus,19.99,paid,19.99,True
575,3,Premium,29.99,paid,29.99,True
576,3,Basic,9.99,paid,9.99,True
577,3,Premium,29.99,failed,0.0,True
578,3,Plus,19.99,failed,0.0,True
579,3,Premium,29.99,paid,29.99,True
580,3,Basic,9.99,paid,9.99,True
581,3,Basic,9.99,failed,0.0,False
582,3,Basic,9.99,paid,9.99,True
583,3,Basic,9.99,paid,9.99,True
584,3,Basic,9.99,paid,9.99,True
585,3,Premium,29.99,failed,0.0,False
586,3,Plus,19.99,paid,19.99,True
587,3,Basic,9.99,paid,9.99,True
588,3,Basic,9.99,paid,9.99,True
589,3,Basic,9.99,paid,9.99,True
590,3,Basic,9.99,paid,9.99,True
591,3,Premium,29.99,paid,29.99,True
592,3,Basic,9.99,paid,9.99,True
593,3,Basic,9.99,paid,9.99,True
594,3,Plus,19.99,paid,19.99,True
595,3,Basic,9.99,paid,9.99,True
596,3,Basic,9.99,failed,0.0,False
597,3,Plus,19.99,paid,19.99,True
598,3,Plus,19.99,failed,0.0,True
599,3,Premium,29.99,paid,29.99,True
600,3,Plus,19.99,paid,19.99,True
601,3,Basic,9.99,paid,9.99,True
602,3,Plus,19.99,failed,0.0,False
603,3,Premium,29.99,paid,29.99,True
604,3,Plus,19.99,paid,19.99,True
605,3,Premium,29.99,failed,0.0,False
606,3,Plus,19.99,paid,19.99,True
607,3,Premium,29.99,paid,29.99,True
608,3,Basic,9.99,paid,9.99,True
609,3,Plus,19.99,paid,19.99,True
610,3,Basic,9.99,paid,9.99,True
611,3,Plus,19.99,failed,0.0,False
612,3,Plus,19.99,paid,19.99,True
613,3,Premium,29.99,paid,29.99,True
614,3,Premium,29.99,paid,29.99,True
615,3,Basic,9.99,paid,9.99,True
616,3,Plus,19.99,paid,19.99,True
617,3,Plus,19.99,paid,19.99,True
618,3,Basic,9.99,paid,9.99,True
619,3,Basic,9.99,paid,9.99,True
620,3,Basic,9.99,paid,9.99,True
621,3,Plus,19.99,paid,19.99,True
622,3,Basic,9.99,paid,9.99,True
623,3,Premium,29.99,paid,29.99,True
624,3,Basic,9.99,paid,9.99,True
625,3,Premium,29.99,paid,29.99,True
626,3,Basic,9.99,paid,9.99,True
627,3,Plus,19.99,paid,19.99,True
628,3,Basic,9.99,paid,9.99,True
629,3,Plus,19.99,paid,19.99,True
630,3,Plus,19.99,paid,19.99,True
631,3,Premium,29.99,paid,29.99,True
632,3,Plus,19.99,paid,19.99,True
633,3,Basic,9.99,paid,9.99,True
634,3,Basic,9.99,paid,9.99,True
635,3,Basic,9.99,paid,9.99,True
636,3,Basic,9.99,paid,9.99,True
637,3,Plus,19.99,paid,19.99,True
638,3,Plus,19.99,paid,19.99,True
639,3,Plus,19.99,paid,19.99,True
640,3,Premium,29.99,paid,29.99,True
641,3,Plus,19.99,paid,19.99,True
642,3,Plus,19.99,failed,0.0,True
643,3,Basic,9.99,paid,9.99,True
644,3,Basic,9.99,paid,9.99,True
645,3,Plus,19.99,paid,19.99,True
646,3,Premium,29.99,paid,29.99,True
647,3,Basic,9.99,paid,9.99,True
648,3,Basic,9.99,paid,9.99,True
649,3,Plus,19.99,paid,19.99,True
650,3,Basic,9.99,paid,9.99,True
651,3,Basic,9.99,paid,9.99,True
652,3,Premium,29.99,paid,29.99,True
653,3,Plus,19.99,paid,19.99,True
654,3,Basic,9.99,paid,9.99,True
655,3,Premium,29.99,paid,29.99,True
656,3,Basic,9.99,paid,9.99,True
657,3,Premium,29.99,paid,29.99,True
658,3,Basic,9.99,paid,9.99,True
659,3,Plus,19.99,paid,19.99,True
660,3,Basic,9.99,paid,9.99,True
661,3,Basic,9.99,paid,9.99,True
662,3,Premium,29.99,paid,29.99,True
663,3,Basic,9.99,paid,9.99,True
664,3,Basic,9.99,paid,9.99,True
665,3,Basic,9.99,paid,9.99,True
666,3,Plus,19.99,paid,19.99,True
667,3,Plus,19.99,paid,19.99,True
668,3,Premium,29.99,paid,29.99,True
669,3,Basic,9.99,paid,9.99,True
670,3,Basic,9.99,paid,9.99,True
671,3,Basic,9.99,paid,9.99,True
672,3,Plus,19.99,paid,19.99,True
673,3,Premium,29.99,paid,29.99,True
674,3,Plus,19.99,failed,0.0,True
675,3,Plus,19.99,paid,19.99,True
676,3,Basic,9.99,paid,9.99,True
677,3,Premium,29.99,paid,29.99,True
678,3,Basic,9.99,paid,9.99,True
679,3,Basic,9.99,paid,9.99,True
680,3,Basic,9.99,paid,9.99,True
681,3,Basic,9.99,paid,9.99,True
682,3,Basic,9.99,paid,9.99,True
683,3,Basic,9.99,paid,9.99,True
684,3,Basic,9.99,paid,9.99,True
685,3,Plus,19.99,failed,0.0,False
686,3,Basic,9.99,paid,9.99,True
687,3,Basic,9.99,failed,0.0,False
688,3,Premium,29.99,paid,29.99,True
689,3,Plus,19.99,paid,19.99,True
690,3,Basic,9.99,paid,9.99,True
691,3,Basic,9.99,paid,9.99,True
692,3,Premium,29.99,paid,29.99,True
693,3,Basic,9.99,paid,9.99,True
694,3,Basic,9.99,paid,9.99,True
695,3,Premium,29.99,paid,29.99,True
696,3,Basic,9.99,paid,9.99,True
697,3,Plus,19.99,paid,19.99,True
698,3,Plus,19.99,failed,0.0,False
699,3,Plus,19.99,failed,0.0,True
700,3,Basic,9.99,paid,9.99,True
701,3,Basic,9.99,paid,9.99,True
702,3,Basic,9.99,paid,9.99,True
703,3,Basic,9.99,paid,9.99,True
704,3,Premium,29.99,paid,29.99,True
705,3,Basic,9.99,paid,9.99,True
706,3,Plus,19.99,paid,19.99,True
707,3,Plus,19.99,paid,19.99,True
708,3,Plus,19.99,paid,19.99,True
709,3,Basic,9.99,paid,9.99,True
710,3,Basic,9.99,paid,9.99,True
711,3,Premium,29.99,paid,29.99,True
712,3,Plus,19.99,paid,19.99,True
713,3,Plus,19.99,paid,19.99,True
714,3,Premium,29.99,paid,29.99,True
715,3,Plus,19.99,paid,19.99,True
716,3,Basic,9.99,failed,0.0,False
717,3,Plus,19.99,paid,19.99,True
718,3,Basic,9.99,paid,9.99,True
719,3,Plus,19.99,failed,0.0,False
720,3,Premium,29.99,paid,29.99,True
721,3,Basic,9.99,paid,9.99,True
722,3,Basic,9.99,paid,9.99,True
723,3,Basic,9.99,paid,9.99,True
724,3,Premium,29.99,paid,29.99,True
725,3,Basic,9.99,failed,0.0,False
726,3,Basic,9.99,paid,9.99,True
727,3,Basic,9.99,paid,9.99,True
728,3,Basic,9.99,paid,9.99,True
729,3,Basic,9.99,paid,9.99,True
730,3,Basic,9.99,paid,9.99,True
731,3,Basic,9.99,failed,0.0,False
732,3,Basic,9.99,paid,9.99,True
733,3,Basic,9.99,paid,9.99,True
734,3,Basic,9.99,failed,0.0,True
735,3,Basic,9.99,paid,9.99,True
736,3,Plus,19.99,paid,19.99,True
737,3,Basic,9.99,paid,9.99,True
738,3,Basic,9.99,paid,9.99,True
739,3,Basic,9.99,paid,9.99,True
740,3,Basic,9.99,paid,9.99,True
741,3,Basic,9.99,paid,9.99,True
742,3,Basic,9.99,paid,9.99,True
743,3,Premium,29.99,paid,29.99,True
744,3,Basic,9.99,paid,9.99,True
745,3,Basic,9.99,paid,9.99,True
746,3,Basic,9.99,paid,9.99,True
747,3,Basic,9.99,paid,9.99,True
748,3,Basic,9.99,paid,9.99,True
749,3,Plus,19.99,paid,19.99,True
750,3,Plus,19.99,failed,0.0,False
751,3,Basic,9.99,paid,9.99,True
752,3,Basic,9.99,paid,9.99,True
753,3,Basic,9.99,paid,9.99,True
754,3,Basic,9.99,paid,9.99,True
755,3,Plus,19.99,paid,19.99,True
756,3,Basic,9.99,paid,9.99,True
757,3,Basic,9.99,paid,9.99,True
758,3,Premium,29.99,paid,29.99,True
759,3,Basic,9.99,paid,9.99,True
760,3,Basic,9.99,paid,9.99,True
761,3,Plus,19.99,paid,19.99,True
762,3,Basic,9.99,paid,9.99,True
763,3,Basic,9.99,paid,9.99,True
764,3,Basic,9.99,paid,9.99,True
765,3,Premium,29.99,paid,29.99,True
766,3,Basic,9.99,paid,9.99,True
767,3,Basic,9.99,paid,9.99,True
768,3,Basic,9.99,paid,9.99,True
769,3,Basic,9.99,paid,9.99,True
770,3,Plus,19.99,paid,19.99,True
771,3,Basic,9.99,paid,9.99,True
772,3,Plus,19.99,failed,0.0,True
773,3,Plus,19.99,paid,19.99,True
774,3,Plus,19.99,paid,19.99,True
775,3,Basic,9.99,paid,9.99,True
776,3,Premium,29.99,paid,29.99,True
777,3,Plus,19.99,paid,19.99,True
778,3,Basic,9.99,paid,9.99,True
779,3,Plus,19.99,paid,19.99,True
780,3,Premium,29.99,paid,29.99,True
781,3,Basic,9.99,paid,9.99,True
782,3,Premium,29.99,paid,29.99,True
783,3,Basic,9.99,paid,9.99,True
784,3,Plus,19.99,paid,19.99,True
785,3,Premium,29.99,paid,29.99,True
786,3,Basic,9.99,paid,9.99,True
787,3,Plus,19.99,paid,19.99,True
788,3,Basic,9.99,paid,9.99,True
789,3,Plus,19.99,failed,0.0,False
790,3,Plus,19.99,paid,19.99,True
791,3,Basic,9.99,paid,9.99,True
792,3,Basic,9.99,paid,9.99,True
793,3,Basic,9.99,paid,9.99,True
794,3,Basic,9.99,paid,9.99,True
795,3,Basic,9.99,paid,9.99,True
796,3,Basic,9.99,paid,9.99,True
797,3,Basic,9.99,failed,0.0,True
798,3,Basic,9.99,paid,9.99,True
799,3,Plus,19.99,paid,19.99,True
800,3,Plus,19.99,paid,19.99,True
801,3,Plus,19.99,paid,19.99,True
802,3,Basic,9.99,paid,9.99,True
803,3,Premium,29.99,paid,29.99,True
804,3,Plus,19.99,paid,19.99,True
805,3,Basic,9.99,paid,9.99,True
806,3,Basic,9.99,paid,9.99,True
807,3,Plus,19.99,paid,19.99,True
808,3,Basic,9.99,paid,9.99,True
809,3,Basic,9.99,paid,9.99,True
810,3,Premium,29.99,paid,29.99,True
811,3,Basic,9.99,paid,9.99,True
812,3,Basic,9.99,paid,9.99,True
813,3,Premium,29.99,paid,29.99,True
814,3,Plus,19.99,failed,0.0,False
815,3,Basic,9.99,failed,0.0,False
816,3,Premium,29.99,failed,0.0,False
817,3,Premium,29.99,paid,29.99,True
818,3,Basic,9.99,failed,0.0,False
819,3,Plus,19.99,paid,19.99,True
820,3,Basic,9.99,paid,9.99,True
821,3,Basic,9.99,paid,9.99,True
822,3,Plus,19.99,paid,19.99,True
823,3,Basic,9.99,paid,9.99,True
824,3,Plus,19.99,paid,19.99,True
825,3,Plus,19.99,paid,19.99,True
826,3,Basic,9.99,paid,9.99,True
827,3,Plus,19.99,paid,19.99,True
828,3,Basic,9.99,paid,9.99,True
829,3,Premium,29.99,paid,29.99,True
830,3,Basic,9.99,paid,9.99,True
831,3,Plus,19.99,paid,19.99,True
832,3,Plus,19.99,paid,19.99,True
833,3,Basic,9.99,paid,9.99,True
834,3,Plus,19.99,paid,19.99,True
835,3,Plus,19.99,failed,0.0,False
836,3,Plus,19.99,paid,19.99,True
837,3,Plus,19.99,paid,19.99,True
838,3,Premium,29.99,paid,29.99,True
839,3,Basic,9.99,paid,9.99,True
840,3,Basic,9.99,paid,9.99,True
841,3,Basic,9.99,paid,9.99,True
842,3,Plus,19.99,paid,19.99,True
843,3,Basic,9.99,paid,9.99,True
844,3,Basic,9.99,paid,9.99,True
845,3,Basic,9.99,paid,9.99,True
846,3,Premium,29.99,failed,0.0,False
847,3,Basic,9.99,paid,9.99,True
848,3,Plus,19.99,paid,19.99,True
849,3,Basic,9.99,paid,9.99,True
850,3,Premium,29.99,paid,29.99,True
851,3,Basic,9.99,paid,9.99,True
852,3,Basic,9.99,paid,9.99,True
853,3,Premium,29.99,paid,29.99,True
854,3,Premium,29.99,paid,29.99,True
855,3,Basic,9.99,paid,9.99,True
856,3,Basic,9.99,paid,9.99,True
857,3,Plus,19.99,paid,19.99,True
858,3,Premium,29.99,paid,29.99,True
859,3,Basic,9.99,failed,0.0,False
860,3,Basic,9.99,paid,9.99,True
861,3,Plus,19.99,paid,19.99,True
862,3,Plus,19.99,paid,19.99,True
863,3,Plus,19.99,paid,19.99,True
864,3,Plus,19.99,paid,19.99,True
865,3,Basic,9.99,paid,9.99,True
866,3,Premium,29.99,paid,29.99,True
867,3,Premium,29.99,paid,29.99,True
868,3,Plus,19.99,paid,19.99,True
869,3,Basic,9.99,paid,9.99,True
870,3,Basic,9.99,failed,0.0,False
871,3,Plus,19.99,paid,19.99,True
872,3,Basic,9.99,paid,9.99,True
873,3,Premium,29.99,failed,0.0,False
874,3,Basic,9.99,paid,9.99,True
875,3,Plus,19.99,paid,19.99,True
876,3,Premium,29.99,paid,29.99,True
877,3,Basic,9.99,paid,9.99,True
878,3,Basic,9.99,paid,9.99,True
879,3,Plus,19.99,paid,19.99,True
880,3,Plus,19.99,failed,0.0,False
881,3,Basic,9.99,failed,0.0,False
882,3,Plus,19.99,paid,19.99,True
883,3,Premium,29.99,paid,29.99,True
884,3,Basic,9.99,paid,9.99,True
885,3,Basic,9.99,paid,9.99,True
886,3,Basic,9.99,paid,9.99,True
887,3,Basic,9.99,failed,0.0,False
888,3,Basic,9.99,paid,9.99,True
889,3,Basic,9.99,paid,9.99,True
890,3,Plus,19.99,paid,19.99,True
891,3,Basic,9.99,paid,9.99,True
892,3,Premium,29.99,paid,29.99,True
893,3,Basic,9.99,paid,9.99,True
894,3,Basic,9.99,paid,9.99,True
895,3,Plus,19.99,paid,19.99,True
896,3,Premium,29.99,paid,29.99,True
897,3,Basic,9.99,paid,9.99,True
898,3,Basic,9.99,paid,9.99,True
899,3,Basic,9.99,paid,9.99,True
900,3,Basic,9.99,paid,9.99,True
901,3,Basic,9.99,paid,9.99,True
902,3,Basic,9.99,failed,0.0,False
903,3,Basic,9.99,paid,9.99,True
904,3,Basic,9.99,paid,9.99,True
905,3,Premium,29.99,paid,29.99,True
906,3,Plus,19.99,paid,19.99,True
907,3,Basic,9.99,paid,9.99,True
908,3,Basic,9.99,paid,9.99,True
909,3,Basic,9.99,paid,9.99,True
910,3,Basic,9.99,paid,9.99,True
911,3,Plus,19.99,paid,19.99,True
912,3,Premium,29.99,paid,29.99,True
913,3,Premium,29.99,paid,29.99,True
914,3,Premium,29.99,paid,29.99,True
915,3,Premium,29.99,paid,29.99,True
916,3,Premium,29.99,paid,29.99,True
917,3,Basic,9.99,paid,9.99,True
918,3,Basic,9.99,paid,9.99,True
919,3,Basic,9.99,failed,0.0,False
920,3,Plus,19.99,paid,19.99,True
921,3,Basic,9.99,paid,9.99,True
922,3,Plus,19.99,failed,0.0,False
923,3,Plus,19.99,paid,19.99,True
924,3,Basic,9.99,paid,9.99,True
925,3,Basic,9.99,paid,9.99,True
926,3,Basic,9.99,paid,9.99,True
927,3,Basic,9.99,paid,9.99,True
928,3,Premium,29.99,paid,29.99,True
929,3,Plus,19.99,paid,19.99,True
930,3,Plus,19.99,paid,19.99,True
931,3,Basic,9.99,paid,9.99,True
932,3,Basic,9.99,paid,9.99,True
933,3,Basic,9.99,paid,9.99,True
934,3,Plus,19.99,paid,19.99,True
935,3,Plus,19.99,paid,19.99,True
936,3,Basic,9.99,paid,9.99,True
937,3,Premium,29.99,paid,29.99,True
938,3,Basic,9.99,paid,9.99,True
939,3,Premium,29.99,paid,29.99,True
940,3,Basic,9.99,failed,0.0,False
941,3,Basic,9.99,paid,9.99,True
942,3,Plus,19.99,paid,19.99,True
943,3,Basic,9.99,paid,9.99,True
944,3,Basic,9.99,paid,9.99,True
945,3,Basic,9.99,paid,9.99,True
946,3,Basic,9.99,paid,9.99,True
947,3,Plus,19.99,paid,19.99,True
948,3,Premium,29.99,paid,29.99,True
949,3,Premium,29.99,paid,29.99,True
950,3,Basic,9.99,paid,9.99,True
951,3,Basic,9.99,paid,9.99,True
952,3,Basic,9.99,paid,9.99,True
953,3,Basic,9.99,paid,9.99,True
954,3,Basic,9.99,paid,9.99,True
955,3,Premium,29.99,paid,29.99,True
956,3,Premium,29.99,paid,29.99,True
957,3,Plus,19.99,paid,19.99,True
958,3,Basic,9.99,failed,0.0,False
959,3,Basic,9.99,paid,9.99,True
960,3,Basic,9.99,paid,9.99,True
961,3,Basic,9.99,paid,9.99,True
962,3,Basic,9.99,paid,9.99,True
963,3,Basic,9.99,paid,9.99,True
964,3,Basic,9.99,paid,9.99,True
965,3,Premium,29.99,paid,29.99,True
966,3,Basic,9.99,paid,9.99,True
967,3,Premium,29.99,paid,29.99,True
968,3,Basic,9.99,paid,9.99,True
969,3,Plus,19.99,paid,19.99,True
970,3,Basic,9.99,paid,9.99,True
971,3,Basic,9.99,paid,9.99,True
972,3,Basic,9.99,paid,9.99,True
973,3,Basic,9.99,paid,9.99,True
974,3,Premium,29.99,paid,29.99,True
975,3,Basic,9.99,paid,9.99,True
976,3,Plus,19.99,paid,19.99,True
977,3,Basic,9.99,paid,9.99,True
978,3,Basic,9.99,paid,9.99,True
979,3,Basic,9.99,paid,9.99,True
980,3,Basic,9.99,paid,9.99,True
981,3,Premium,29.99,failed,0.0,True
982,3,Plus,19.99,paid,19.99,True
983,3,Plus,19.99,paid,19.99,True
984,3,Basic,9.99,paid,9.99,True
985,3,Basic,9.99,paid,9.99,True
986,3,Premium,29.99,paid,29.99,True
987,3,Basic,9.99,paid,9.99,True
988,3,Basic,9.99,paid,9.99,True
989,3,Basic,9.99,paid,9.99,True
990,3,Plus,19.99,paid,19.99,True
991,3,Plus,19.99,paid,19.99,True
992,3,Plus,19.99,paid,19.99,True
993,3,Plus,19.99,paid,19.99,True
994,3,Basic,9.99,paid,9.99,True
995,3,Premium,29.99,paid,29.99,True
996,3,Basic,9.99,paid,9.99,True
997,3,Plus,19.99,paid,19.99,True
998,3,Basic,9.99,paid,9.99,True
999,3,Premium,29.99,paid,29.99,True
1000,3,Basic,9.99,paid,9.99,True
1,4,Plus,19.99,paid,19.99,True
2,4,Basic,9.99,paid,9.99,True
3,4,Premium,29.99,paid,29.99,True
4,4,Plus,19.99,paid,19.99,True
5,4,Basic,9.99,failed,0.0,True
6,4,Premium,29.99,paid,29.99,True
7,4,Plus,19.99,paid,19.99,True
8,4,Plus,19.99,paid,19.99,True
9,4,Basic,9.99,paid,9.99,True
10,4,Basic,9.99,paid,9.99,True
11,4,Basic,9.99,paid,9.99,True
12,4,Premium,29.99,paid,29.99,True
13,4,Plus,19.99,paid,19.99,True
14,4,Plus,19.99,failed,0.0,False
15,4,Basic,9.99,paid,9.99,True
16,4,Basic,9.99,paid,9.99,True
17,4,Plus,19.99,paid,19.99,True
18,4,Basic,9.99,failed,0.0,False
19,4,Plus,19.99,paid,19.99,True
20,4,Plus,19.99,paid,19.99,True
21,4,Plus,19.99,paid,19.99,True
22,4,Basic,9.99,paid,9.99,True
23,4,Premium,29.99,failed,0.0,False
24,4,Premium,29.99,paid,29.99,True
25,4,Plus,19.99,paid,19.99,True
26,4,Basic,9.99,paid,9.99,True
27,4,Basic,9.99,paid,9.99,True
28,4,Basic,9.99,paid,9.99,True
29,4,Basic,9.99,failed,0.0,True
30,4,Plus,19.99,failed,0.0,False
31,4,Plus,19.99,failed,0.0,False
32,4,Premium,29.99,paid,29.99,True
33,4,Basic,9.99,paid,9.99,True
34,4,Basic,9.99,paid,9.99,True
35,4,Basic,9.99,paid,9.99,True
36,4,Basic,9.99,paid,9.99,True
37,4,Basic,9.99,paid,9.99,True
38,4,Basic,9.99,failed,0.0,False
39,4,Basic,9.99,failed,0.0,False
40,4,Plus,19.99,paid,19.99,True
41,4,Basic,9.99,paid,9.99,True
42,4,Plus,19.99,paid,19.99,True
43,4,Plus,19.99,paid,19.99,True
44,4,Basic,9.99,paid,9.99,True
45,4,Plus,19.99,paid,19.99,True
46,4,Plus,19.99,paid,19.99,True
47,4,Basic,9.99,paid,9.99,True
48,4,Basic,9.99,paid,9.99,True
49,4,Plus,19.99,paid,19.99,True
50,4,Basic,9.99,failed,0.0,False
51,4,Basic,9.99,paid,9.99,True
52,4,Basic,9.99,failed,0.0,False
53,4,Plus,19.99,paid,19.99,True
54,4,Plus,19.99,paid,19.99,True
55,4,Plus,19.99,paid,19.99,True
56,4,Plus,19.99,paid,19.99,True
57,4,Basic,9.99,failed,0.0,False
58,4,Plus,19.99,failed,0.0,False
59,4,Basic,9.99,paid,9.99,True
60,4,Basic,9.99,paid,9.99,True
61,4,Plus,19.99,paid,19.99,True
62,4,Basic,9.99,paid,9.99,True
63,4,Plus,19.99,paid,19.99,True
64,4,Plus,19.99,paid,19.99,True
65,4,Plus,19.99,paid,19.99,True
66,4,Plus,19.99,paid,19.99,True
67,4,Plus,19.99,paid,19.99,True
68,4,Basic,9.99,paid,9.99,True
69,4,Basic,9.99,paid,9.99,True
70,4,Basic,9.99,paid,9.99,True
71,4,Basic,9.99,paid,9.99,True
72,4,Basic,9.99,paid,9.99,True
73,4,Premium,29.99,failed,0.0,False
74,4,Basic,9.99,paid,9.99,True
75,4,Basic,9.99,paid,9.99,True
76,4,Basic,9.99,paid,9.99,True
77,4,Basic,9.99,paid,9.99,True
78,4,Plus,19.99,paid,19.99,True
79,4,Plus,19.99,paid,19.99,True
80,4,Plus,19.99,failed,0.0,False
81,4,Plus,19.99,paid,19.99,True
82,4,Basic,9.99,failed,0.0,False
83,4,Plus,19.99,paid,19.99,True
84,4,Basic,9.99,paid,9.99,True
85,4,Basic,9.99,paid,9.99,True
86,4,Basic,9.99,paid,9.99,True
87,4,Plus,19.99,paid,19.99,True
88,4,Basic,9.99,paid,9.99,True
89,4,Basic,9.99,failed,0.0,False
90,4,Basic,9.99,paid,9.99,True
91,4,Basic,9.99,paid,9.99,True
92,4,Plus,19.99,paid,19.99,True
93,4,Basic,9.99,paid,9.99,True
94,4,Basic,9.99,paid,9.99,True
95,4,Basic,9.99,paid,9.99,True
96,4,Plus,19.99,paid,19.99,True
97,4,Basic,9.99,failed,0.0,False
98,4,Basic,9.99,paid,9.99,True
99,4,Basic,9.99,paid,9.99,True
100,4,Premium,29.99,failed,0.0,False
101,4,Premium,29.99,paid,29.99,True
102,4,Plus,19.99,paid,19.99,True
103,4,Basic,9.99,paid,9.99,True
104,4,Premium,29.99,paid,29.99,True
105,4,Plus,19.99,paid,19.99,True
106,4,Plus,19.99,paid,19.99,True
107,4,Basic,9.99,paid,9.99,True
108,4,Basic,9.99,paid,9.99,True
109,4,Basic,9.99,paid,9.99,True
110,4,Premium,29.99,paid,29.99,True
111,4,Basic,9.99,paid,9.99,True
112,4,Basic,9.99,paid,9.99,True
113,4,Basic,9.99,paid,9.99,True
114,4,Plus,19.99,paid,19.99,True
115,4,Basic,9.99,failed,0.0,False
116,4,Premium,29.99,paid,29.99,True
117,4,Plus,19.99,paid,19.99,True
118,4,Plus,19.99,failed,0.0,False
119,4,Basic,9.99,paid,9.99,True
120,4,Plus,19.99,paid,19.99,True
121,4,Plus,19.99,paid,19.99,True
122,4,Plus,19.99,failed,0.0,False
123,4,Basic,9.99,paid,9.99,True
124,4,Basic,9.99,failed,0.0,True
125,4,Basic,9.99,paid,9.99,True
126,4,Basic,9.99,paid,9.99,True
127,4,Basic,9.99,paid,9.99,True
128,4,Basic,9.99,paid,9.99,True
129,4,Basic,9.99,paid,9.99,True
130,4,Plus,19.99,failed,0.0,False
131,4,Basic,9.99,paid,9.99,True
132,4,Premium,29.99,paid,29.99,True
133,4,Plus,19.99,paid,19.99,True
134,4,Basic,9.99,paid,9.99,True
135,4,Plus,19.99,paid,19.99,True
136,4,Basic,9.99,paid,9.99,True
137,4,Premium,29.99,paid,29.99,True
138,4,Basic,9.99,failed,0.0,True
139,4,Plus,19.99,paid,19.99,True
140,4,Basic,9.99,paid,9.99,True
141,4,Basic,9.99,failed,0.0,False
142,4,Basic,9.99,paid,9.99,True
143,4,Premium,29.99,paid,29.99,True
144,4,Plus,19.99,paid,19.99,True
145,4,Basic,9.99,paid,9.99,True
146,4,Basic,9.99,paid,9.99,True
147,4,Basic,9.99,paid,9.99,True
148,4,Basic,9.99,paid,9.99,True
149,4,Basic,9.99,paid,9.99,True
150,4,Basic,9.99,paid,9.99,True
151,4,Plus,19.99,paid,19.99,True
152,4,Premium,29.99,failed,0.0,False
153,4,Basic,9.99,paid,9.99,True
154,4,Plus,19.99,paid,19.99,True
155,4,Basic,9.99,paid,9.99,True
156,4,Plus,19.99,paid,19.99,True
157,4,Basic,9.99,paid,9.99,True
158,4,Plus,19.99,paid,19.99,True
159,4,Plus,19.99,paid,19.99,True
160,4,Plus,19.99,failed,0.0,True
161,4,Basic,9.99,paid,9.99,True
162,4,Premium,29.99,failed,0.0,False
163,4,Basic,9.99,paid,9.99,True
164,4,Basic,9.99,paid,9.99,True
165,4,Plus,19.99,failed,0.0,True
166,4,Basic,9.99,paid,9.99,True
167,4,Plus,19.99,paid,19.99,True
168,4,Plus,19.99,paid,19.99,True
169,4,Basic,9.99,paid,9.99,True
170,4,Premium,29.99,failed,0.0,False
171,4,Basic,9.99,failed,0.0,True
172,4,Basic,9.99,failed,0.0,True
173,4,Basic,9.99,paid,9.99,True
174,4,Premium,29.99,paid,29.99,True
175,4,Basic,9.99,paid,9.99,True
176,4,Basic,9.99,paid,9.99,True
177,4,Basic,9.99,paid,9.99,True
178,4,Premium,29.99,paid,29.99,True
179,4,Premium,29.99,failed,0.0,False
180,4,Plus,19.99,paid,19.99,True
181,4,Premium,29.99,paid,29.99,True
182,4,Premium,29.99,paid,29.99,True
183,4,Basic,9.99,failed,0.0,False
184,4,Basic,9.99,failed,0.0,False
185,4,Plus,19.99,paid,19.99,True
186,4,Plus,19.99,failed,0.0,False
187,4,Basic,9.99,paid,9.99,True
188,4,Basic,9.99,failed,0.0,True
189,4,Plus,19.99,paid,19.99,True
190,4,Basic,9.99,failed,0.0,False
191,4,Premium,29.99,paid,29.99,True
192,4,Basic,9.99,paid,9.99,True
193,4,Basic,9.99,paid,9.99,True
194,4,Plus,19.99,paid,19.99,True
195,4,Basic,9.99,paid,9.99,True
196,4,Basic,9.99,paid,9.99,True
197,4,Plus,19.99,paid,19.99,True
198,4,Premium,29.99,paid,29.99,True
199,4,Basic,9.99,failed,0.0,False
200,4,Basic,9.99,failed,0.0,False
201,4,Plus,19.99,failed,0.0,False
202,4,Premium,29.99,paid,29.99,True
203,4,Basic,9.99,paid,9.99,True
204,4,Basic,9.99,paid,9.99,True
205,4,Basic,9.99,paid,9.99,True
206,4,Basic,9.99,paid,9.99,True
207,4,Basic,9.99,paid,9.99,True
208,4,Plus,19.99,paid,19.99,True
209,4,Basic,9.99,paid,9.99,True
210,4,Basic,9.99,failed,0.0,False
211,4,Plus,19.99,paid,19.99,True
212,4,Plus,19.99,paid,19.99,True
213,4,Basic,9.99,paid,9.99,True
214,4,Plus,19.99,paid,19.99,True
215,4,Plus,19.99,paid,19.99,True
216,4,Plus,19.99,paid,19.99,True
217,4,Basic,9.99,paid,9.99,True
218,4,Basic,9.99,paid,9.99,True
219,4,Premium,29.99,paid,29.99,True
220,4,Basic,9.99,paid,9.99,True
221,4,Basic,9.99,paid,9.99,True
222,4,Basic,9.99,paid,9.99,True
223,4,Plus,19.99,paid,19.99,True
224,4,Premium,29.99,failed,0.0,True
225,4,Basic,9.99,paid,9.99,True
226,4,Premium,29.99,paid,29.99,True
227,4,Basic,9.99,paid,9.99,True
228,4,Plus,19.99,paid,19.99,True
229,4,Plus,19.99,failed,0.0,False
230,4,Basic,9.99,paid,9.99,True
231,4,Basic,9.99,paid,9.99,True
232,4,Basic,9.99,paid,9.99,True
233,4,Premium,29.99,paid,29.99,True
234,4,Plus,19.99,paid,19.99,True
235,4,Premium,29.99,paid,29.99,True
236,4,Plus,19.99,paid,19.99,True
237,4,Basic,9.99,paid,9.99,True
238,4,Plus,19.99,paid,19.99,True
239,4,Basic,9.99,paid,9.99,True
240,4,Basic,9.99,paid,9.99,True
241,4,Plus,19.99,paid,19.99,True
242,4,Plus,19.99,paid,19.99,True
243,4,Basic,9.99,paid,9.99,True
244,4,Basic,9.99,paid,9.99,True
245,4,Plus,19.99,paid,19.99,True
246,4,Premium,29.99,paid,29.99,True
247,4,Plus,19.99,paid,19.99,True
248,4,Basic,9.99,failed,0.0,False
249,4,Basic,9.99,failed,0.0,False
250,4,Basic,9.99,paid,9.99,True
251,4,Plus,19.99,paid,19.99,True
252,4,Premium,29.99,paid,29.99,True
253,4,Basic,9.99,paid,9.99,True
254,4,Basic,9.99,paid,9.99,True
255,4,Basic,9.99,paid,9.99,True
256,4,Plus,19.99,failed,0.0,False
257,4,Plus,19.99,paid,19.99,True
258,4,Basic,9.99,paid,9.99,True
259,4,Basic,9.99,paid,9.99,True
260,4,Plus,19.99,paid,19.99,True
261,4,Basic,9.99,paid,9.99,True
262,4,Plus,19.99,paid,19.99,True
263,4,Basic,9.99,paid,9.99,True
264,4,Basic,9.99,paid,9.99,True
265,4,Premium,29.99,failed,0.0,False
266,4,Basic,9.99,paid,9.99,True
267,4,Basic,9.99,failed,0.0,True
268,4,Basic,9.99,paid,9.99,True
269,4,Basic,9.99,paid,9.99,True
270,4,Basic,9.99,paid,9.99,True
271,4,Basic,9.99,paid,9.99,True
272,4,Basic,9.99,paid,9.99,True
273,4,Basic,9.99,paid,9.99,True
274,4,Plus,19.99,paid,19.99,True
275,4,Plus,19.99,failed,0.0,False
276,4,Basic,9.99,failed,0.0,False
277,4,Basic,9.99,paid,9.99,True
278,4,Basic,9.99,paid,9.99,True
279,4,Premium,29.99,paid,29.99,True
280,4,Premium,29.99,paid,29.99,True
281,4,Basic,9.99,paid,9.99,True
282,4,Basic,9.99,paid,9.99,True
283,4,Basic,9.99,paid,9.99,True
284,4,Basic,9.99,paid,9.99,True
285,4,Plus,19.99,paid,19.99,True
286,4,Basic,9.99,failed,0.0,False
287,4,Basic,9.99,failed,0.0,False
288,4,Basic,9.99,paid,9.99,True
289,4,Basic,9.99,paid,9.99,True
290,4,Basic,9.99,paid,9.99,True
291,4,Plus,19.99,failed,0.0,False
292,4,Basic,9.99,paid,9.99,True
293,4,Premium,29.99,paid,29.99,True
294,4,Basic,9.99,failed,0.0,True
295,4,Plus,19.99,paid,19.99,True
296,4,Premium,29.99,failed,0.0,False
297,4,Premium,29.99,paid,29.99,True
298,4,Plus,19.99,paid,19.99,True
299,4,Plus,19.99,failed,0.0,False
300,4,Plus,19.99,failed,0.0,False
301,4,Plus,19.99,paid,19.99,True
302,4,Basic,9.99,paid,9.99,True
303,4,Basic,9.99,paid,9.99,True
304,4,Basic,9.99,paid,9.99,True
305,4,Premium,29.99,paid,29.99,True
306,4,Basic,9.99,paid,9.99,True
307,4,Basic,9.99,paid,9.99,True
308,4,Plus,19.99,paid,19.99,True
309,4,Basic,9.99,failed,0.0,False
310,4,Basic,9.99,paid,9.99,True
311,4,Basic,9.99,paid,9.99,True
312,4,Basic,9.99,paid,9.99,True
313,4,Basic,9.99,paid,9.99,True
314,4,Basic,9.99,paid,9.99,True
315,4,Basic,9.99,paid,9.99,True
316,4,Basic,9.99,paid,9.99,True
317,4,Basic,9.99,paid,9.99,True
318,4,Plus,19.99,paid,19.99,True
319,4,Basic,9.99,failed,0.0,False
320,4,Premium,29.99,paid,29.99,True
321,4,Premium,29.99,failed,0.0,False
322,4,Basic,9.99,paid,9.99,True
323,4,Basic,9.99,failed,0.0,False
324,4,Basic,9.99,failed,0.0,False
325,4,Plus,19.99,paid,19.99,True
326,4,Plus,19.99,paid,19.99,True
327,4,Plus,19.99,paid,19.99,True
328,4,Basic,9.99,paid,9.99,True
329,4,Plus,19.99,paid,19.99,True
330,4,Basic,9.99,paid,9.99,True
331,4,Plus,19.99,paid,19.99,True
332,4,Basic,9.99,paid,9.99,True
333,4,Plus,19.99,paid,19.99,True
334,4,Premium,29.99,paid,29.99,True
335,4,Basic,9.99,paid,9.99,True
336,4,Plus,19.99,paid,19.99,True
337,4,Basic,9.99,failed,0.0,False
338,4,Plus,19.99,paid,19.99,True
339,4,Basic,9.99,failed,0.0,False
340,4,Premium,29.99,paid,29.99,True
341,4,Basic,9.99,paid,9.99,True
342,4,Premium,29.99,paid,29.99,True
343,4,Plus,19.99,paid,19.99,True
344,4,Plus,19.99,paid,19.99,True
345,4,Plus,19.99,paid,19.99,True
346,4,Plus,19.99,paid,19.99,True
347,4,Premium,29.99,paid,29.99,True
348,4,Basic,9.99,failed,0.0,False
349,4,Plus,19.99,paid,19.99,True
350,4,Basic,9.99,failed,0.0,False
351,4,Plus,19.99,paid,19.99,True
352,4,Basic,9.99,paid,9.99,True
353,4,Plus,19.99,paid,19.99,True
354,4,Plus,19.99,failed,0.0,True
355,4,Basic,9.99,paid,9.99,True
356,4,Basic,9.99,paid,9.99,True
357,4,Plus,19.99,paid,19.99,True
358,4,Plus,19.99,failed,0.0,False
359,4,Basic,9.99,paid,9.99,True
360,4,Plus,19.99,paid,19.99,True
361,4,Premium,29.99,failed,0.0,True
362,4,Basic,9.99,paid,9.99,True
363,4,Basic,9.99,paid,9.99,True
364,4,Basic,9.99,paid,9.99,True
365,4,Plus,19.99,paid,19.99,True
366,4,Basic,9.99,paid,9.99,True
367,4,Plus,19.99,paid,19.99,True
368,4,Plus,19.99,paid,19.99,True
369,4,Basic,9.99,paid,9.99,True
370,4,Premium,29.99,paid,29.99,True
371,4,Plus,19.99,failed,0.0,False
372,4,Basic,9.99,paid,9.99,True
373,4,Basic,9.99,paid,9.99,True
374,4,Basic,9.99,paid,9.99,True
375,4,Basic,9.99,paid,9.99,True
376,4,Basic,9.99,paid,9.99,True
377,4,Premium,29.99,paid,29.99,True
378,4,Basic,9.99,paid,9.99,True
379,4,Basic,9.99,paid,9.99,True
380,4,Plus,19.99,failed,0.0,False
381,4,Plus,19.99,failed,0.0,False
382,4,Premium,29.99,paid,29.99,True
383,4,Plus,19.99,paid,19.99,True
384,4,Basic,9.99,failed,0.0,False
385,4,Basic,9.99,paid,9.99,True
386,4,Premium,29.99,paid,29.99,True
387,4,Plus,19.99,paid,19.99,True
388,4,Premium,29.99,paid,29.99,True
389,4,Basic,9.99,paid,9.99,True
390,4,Premium,29.99,paid,29.99,True
391,4,Plus,19.99,failed,0.0,False
392,4,Basic,9.99,paid,9.99,True
393,4,Plus,19.99,failed,0.0,True
394,4,Plus,19.99,failed,0.0,False
395,4,Basic,9.99,paid,9.99,True
396,4,Basic,9.99,paid,9.99,True
397,4,Plus,19.99,failed,0.0,False
398,4,Basic,9.99,failed,0.0,False
399,4,Basic,9.99,paid,9.99,True
400,4,Basic,9.99,paid,9.99,True
401,4,Basic,9.99,paid,9.99,True
402,4,Premium,29.99,failed,0.0,False
403,4,Plus,19.99,failed,0.0,False
404,4,Basic,9.99,paid,9.99,True
405,4,Premium,29.99,paid,29.99,True
406,4,Premium,29.99,paid,29.99,True
407,4,Basic,9.99,paid,9.99,True
408,4,Plus,19.99,paid,19.99,True
409,4,Basic,9.99,paid,9.99,True
410,4,Premium,29.99,paid,29.99,True
411,4,Plus,19.99,paid,19.99,True
412,4,Plus,19.99,paid,19.99,True
413,4,Basic,9.99,paid,9.99,True
414,4,Premium,29.99,paid,29.99,True
415,4,Basic,9.99,paid,9.99,True
416,4,Basic,9.99,paid,9.99,True
417,4,Basic,9.99,paid,9.99,True
418,4,Plus,19.99,paid,19.99,True
419,4,Basic,9.99,paid,9.99,True
420,4,Premium,29.99,paid,29.99,True
421,4,Plus,19.99,paid,19.99,True
422,4,Basic,9.99,failed,0.0,True
423,4,Basic,9.99,failed,0.0,False
424,4,Basic,9.99,paid,9.99,True
425,4,Plus,19.99,paid,19.99,True
426,4,Plus,19.99,paid,19.99,True
427,4,Basic,9.99,paid,9.99,True
428,4,Plus,19.99,paid,19.99,True
429,4,Basic,9.99,paid,9.99,True
430,4,Plus,19.99,paid,19.99,True
431,4,Premium,29.99,paid,29.99,True
432,4,Plus,19.99,paid,19.99,True
433,4,Plus,19.99,paid,19.99,True
434,4,Plus,19.99,paid,19.99,True
435,4,Basic,9.99,paid,9.99,True
436,4,Basic,9.99,paid,9.99,True
437,4,Basic,9.99,paid,9.99,True
438,4,Basic,9.99,paid,9.99,True
439,4,Plus,19.99,paid,19.99,True
440,4,Plus,19.99,paid,19.99,True
441,4,Premium,29.99,paid,29.99,True
442,4,Basic,9.99,paid,9.99,True
443,4,Plus,19.99,paid,19.99,True
444,4,Basic,9.99,paid,9.99,True
445,4,Basic,9.99,paid,9.99,True
446,4,Plus,19.99,failed,0.0,False
447,4,Premium,29.99,paid,29.99,True
448,4,Plus,19.99,paid,19.99,True
449,4,Basic,9.99,paid,9.99,True
450,4,Plus,19.99,paid,19.99,True
451,4,Basic,9.99,paid,9.99,True
452,4,Premium,29.99,paid,29.99,True
453,4,Plus,19.99,paid,19.99,True
454,4,Basic,9.99,paid,9.99,True
455,4,Basic,9.99,paid,9.99,True
456,4,Basic,9.99,paid,9.99,True
457,4,Premium,29.99,paid,29.99,True
458,4,Basic,9.99,paid,9.99,True
459,4,Plus,19.99,paid,19.99,True
460,4,Plus,19.99,paid,19.99,True
461,4,Plus,19.99,failed,0.0,False
462,4,Basic,9.99,failed,0.0,False
463,4,Premium,29.99,failed,0.0,True
464,4,Basic,9.99,paid,9.99,True
465,4,Plus,19.99,paid,19.99,True
466,4,Plus,19.99,paid,19.99,True
467,4,Plus,19.99,paid,19.99,True
468,4,Premium,29.99,paid,29.99,True
469,4,Basic,9.99,paid,9.99,True
470,4,Basic,9.99,paid,9.99,True
471,4,Basic,9.99,paid,9.99,True
472,4,Basic,9.99,failed,0.0,True
473,4,Basic,9.99,failed,0.0,False
474,4,Basic,9.99,paid,9.99,True
475,4,Basic,9.99,paid,9.99,True
476,4,Basic,9.99,paid,9.99,True
477,4,Basic,9.99,paid,9.99,True
478,4,Plus,19.99,paid,19.99,True
479,4,Plus,19.99,paid,19.99,True
480,4,Basic,9.99,paid,9.99,True
481,4,Basic,9.99,paid,9.99,True
482,4,Basic,9.99,paid,9.99,True
483,4,Plus,19.99,paid,19.99,True
484,4,Basic,9.99,failed,0.0,False
485,4,Basic,9.99,paid,9.99,True
486,4,Basic,9.99,paid,9.99,True
487,4,Basic,9.99,paid,9.99,True
488,4,Basic,9.99,paid,9.99,True
489,4,Plus,19.99,paid,19.99,True
490,4,Plus,19.99,paid,19.99,True
491,4,Plus,19.99,paid,19.99,True
492,4,Plus,19.99,paid,19.99,True
493,4,Plus,19.99,failed,0.0,False
494,4,Basic,9.99,paid,9.99,True
495,4,Plus,19.99,paid,19.99,True
496,4,Basic,9.99,paid,9.99,True
497,4,Basic,9.99,paid,9.99,True
498,4,Plus,19.99,paid,19.99,True
499,4,Basic,9.99,paid,9.99,True
500,4,Basic,9.99,failed,0.0,False
501,4,Plus,19.99,failed,0.0,False
502,4,Premium,29.99,failed,0.0,False
503,4,Premium,29.99,paid,29.99,True
504,4,Basic,9.99,paid,9.99,True
505,4,Basic,9.99,paid,9.99,True
506,4,Plus,19.99,paid,19.99,True
507,4,Basic,9.99,paid,9.99,True
508,4,Plus,19.99,paid,19.99,True
509,4,Basic,9.99,paid,9.99,True
510,4,Basic,9.99,paid,9.99,True
511,4,Basic,9.99,paid,9.99,True
512,4,Plus,19.99,paid,19.99,True
513,4,Basic,9.99,paid,9.99,True
514,4,Basic,9.99,paid,9.99,True
515,4,Basic,9.99,paid,9.99,True
516,4,Basic,9.99,paid,9.99,True
517,4,Basic,9.99,failed,0.0,False
518,4,Plus,19.99,paid,19.99,True
519,4,Basic,9.99,paid,9.99,True
520,4,Plus,19.99,paid,19.99,True
521,4,Premium,29.99,paid,29.99,True
522,4,Basic,9.99,paid,9.99,True
523,4,Basic,9.99,paid,9.99,True
524,4,Plus,19.99,paid,19.99,True
525,4,Basic,9.99,paid,9.99,True
526,4,Basic,9.99,paid,9.99,True
527,4,Premium,29.99,paid,29.99,True
528,4,Premium,29.99,paid,29.99,True
529,4,Plus,19.99,paid,19.99,True
530,4,Basic,9.99,paid,9.99,True
531,4,Plus,19.99,failed,0.0,False
532,4,Plus,19.99,paid,19.99,True
533,4,Basic,9.99,paid,9.99,True
534,4,Plus,19.99,failed,0.0,False
535,4,Basic,9.99,paid,9.99,True
536,4,Basic,9.99,paid,9.99,True
537,4,Basic,9.99,paid,9.99,True
538,4,Basic,9.99,paid,9.99,True
539,4,Basic,9.99,failed,0.0,False
540,4,Plus,19.99,paid,19.99,True
541,4,Premium,29.99,paid,29.99,True
542,4,Plus,19.99,paid,19.99,True
543,4,Plus,19.99,paid,19.99,True
544,4,Premium,29.99,failed,0.0,False
545,4,Basic,9.99,paid,9.99,True
546,4,Basic,9.99,paid,9.99,True
547,4,Basic,9.99,paid,9.99,True
548,4,Basic,9.99,paid,9.99,True
549,4,Plus,19.99,paid,19.99,True
550,4,Basic,9.99,paid,9.99,True
551,4,Basic,9.99,paid,9.99,True
552,4,Basic,9.99,paid,9.99,True
553,4,Basic,9.99,paid,9.99,True
554,4,Premium,29.99,failed,0.0,False
555,4,Basic,9.99,paid,9.99,True
556,4,Basic,9.99,paid,9.99,True
557,4,Basic,9.99,failed,0.0,False
558,4,Basic,9.99,paid,9.99,True
559,4,Plus,19.99,paid,19.99,True
560,4,Basic,9.99,failed,0.0,False
561,4,Basic,9.99,paid,9.99,True
562,4,Basic,9.99,paid,9.99,True
563,4,Plus,19.99,paid,19.99,True
564,4,Plus,19.99,paid,19.99,True
565,4,Plus,19.99,paid,19.99,True
566,4,Plus,19.99,paid,19.99,True
567,4,Plus,19.99,paid,19.99,True
568,4,Basic,9.99,paid,9.99,True
569,4,Basic,9.99,paid,9.99,True
570,4,Basic,9.99,paid,9.99,True
571,4,Basic,9.99,failed,0.0,False
572,4,Plus,19.99,paid,19.99,True
573,4,Basic,9.99,paid,9.99,True
574,4,Plus,19.99,paid,19.99,True
575,4,Premium,29.99,paid,29.99,True
576,4,Basic,9.99,paid,9.99,True
577,4,Premium,29.99,paid,29.99,True
578,4,Plus,19.99,paid,19.99,True
579,4,Premium,29.99,paid,29.99,True
580,4,Basic,9.99,paid,9.99,True
581,4,Basic,9.99,failed,0.0,False
582,4,Basic,9.99,paid,9.99,True
583,4,Basic,9.99,paid,9.99,True
584,4,Basic,9.99,paid,9.99,True
585,4,Premium,29.99,failed,0.0,False
586,4,Plus,19.99,paid,19.99,True
587,4,Basic,9.99,paid,9.99,True
588,4,Basic,9.99,paid,9.99,True
589,4,Basic,9.99,paid,9.99,True
590,4,Basic,9.99,paid,9.99,True
591,4,Premium,29.99,paid,29.99,True
592,4,Basic,9.99,paid,9.99,True
593,4,Basic,9.99,paid,9.99,True
594,4,Plus,19.99,paid,19.99,True
595,4,Basic,9.99,paid,9.99,True
596,4,Basic,9.99,failed,0.0,False
597,4,Plus,19.99,paid,19.99,True
598,4,Plus,19.99,paid,19.99,True
599,4,Premium,29.99,paid,29.99,True
600,4,Plus,19.99,paid,19.99,True
601,4,Basic,9.99,paid,9.99,True
602,4,Plus,19.99,failed,0.0,False
603,4,Premium,29.99,paid,29.99,True
604,4,Plus,19.99,failed,0.0,False
605,4,Premium,29.99,failed,0.0,False
606,4,Plus,19.99,paid,19.99,True
607,4,Premium,29.99,paid,29.99,True
608,4,Basic,9.99,paid,9.99,True
609,4,Plus,19.99,paid,19.99,True
610,4,Basic,9.99,paid,9.99,True
611,4,Plus,19.99,failed,0.0,False
612,4,Plus,19.99,paid,19.99,True
613,4,Premium,29.99,failed,0.0,True
614,4,Premium,29.99,paid,29.99,True
615,4,Basic,9.99,paid,9.99,True
616,4,Plus,19.99,paid,19.99,True
617,4,Plus,19.99,failed,0.0,False
618,4,Basic,9.99,paid,9.99,True
619,4,Basic,9.99,paid,9.99,True
620,4,Basic,9.99,paid,9.99,True
621,4,Plus,19.99,paid,19.99,True
622,4,Basic,9.99,paid,9.99,True
623,4,Premium,29.99,paid,29.99,True
624,4,Basic,9.99,failed,0.0,False
625,4,Premium,29.99,paid,29.99,True
626,4,Basic,9.99,paid,9.99,True
627,4,Plus,19.99,paid,19.99,True
628,4,Basic,9.99,paid,9.99,True
629,4,Plus,19.99,failed,0.0,True
630,4,Plus,19.99,paid,19.99,True
631,4,Premium,29.99,paid,29.99,True
632,4,Plus,19.99,paid,19.99,True
633,4,Basic,9.99,paid,9.99,True
634,4,Basic,9.99,failed,0.0,False
635,4,Basic,9.99,paid,9.99,True
636,4,Basic,9.99,failed,0.0,False
637,4,Plus,19.99,paid,19.99,True
638,4,Plus,19.99,paid,19.99,True
639,4,Plus,19.99,paid,19.99,True
640,4,Premium,29.99,paid,29.99,True
641,4,Plus,19.99,paid,19.99,True
642,4,Plus,19.99,paid,19.99,True
643,4,Basic,9.99,paid,9.99,True
644,4,Basic,9.99,paid,9.99,True
645,4,Plus,19.99,paid,19.99,True
646,4,Premium,29.99,paid,29.99,True
647,4,Basic,9.99,paid,9.99,True
648,4,Basic,9.99,paid,9.99,True
649,4,Plus,19.99,paid,19.99,True
650,4,Basic,9.99,paid,9.99,True
651,4,Basic,9.99,failed,0.0,False
652,4,Premium,29.99,paid,29.99,True
653,4,Plus,19.99,paid,19.99,True
654,4,Basic,9.99,paid,9.99,True
655,4,Premium,29.99,paid,29.99,True
656,4,Basic,9.99,failed,0.0,False
657,4,Premium,29.99,paid,29.99,True
658,4,Basic,9.99,paid,9.99,True
659,4,Plus,19.99,paid,19.99,True
660,4,Basic,9.99,paid,9.99,True
661,4,Basic,9.99,paid,9.99,True
662,4,Premium,29.99,failed,0.0,False
663,4,Basic,9.99,failed,0.0,True
664,4,Basic,9.99,paid,9.99,True
665,4,Basic,9.99,paid,9.99,True
666,4,Plus,19.99,paid,19.99,True
667,4,Plus,19.99,paid,19.99,True
668,4,Premium,29.99,paid,29.99,True
669,4,Basic,9.99,paid,9.99,True
670,4,Basic,9.99,paid,9.99,True
671,4,Basic,9.99,paid,9.99,True
672,4,Plus,19.99,paid,19.99,True
673,4,Premium,29.99,paid,29.99,True
674,4,Plus,19.99,paid,19.99,True
675,4,Plus,19.99,failed,0.0,False
676,4,Basic,9.99,paid,9.99,True
677,4,Premium,29.99,paid,29.99,True
678,4,Basic,9.99,paid,9.99,True
679,4,Basic,9.99,paid,9.99,True
680,4,Basic,9.99,paid,9.99,True
681,4,Basic,9.99,paid,9.99,True
682,4,Basic,9.99,paid,9.99,True
683,4,Basic,9.99,paid,9.99,True
684,4,Basic,9.99,paid,9.99,True
685,4,Plus,19.99,failed,0.0,False
686,4,Basic,9.99,paid,9.99,True
687,4,Basic,9.99,failed,0.0,False
688,4,Premium,29.99,paid,29.99,True
689,4,Plus,19.99,paid,19.99,True
690,4,Basic,9.99,paid,9.99,True
691,4,Basic,9.99,paid,9.99,True
692,4,Premium,29.99,paid,29.99,True
693,4,Basic,9.99,paid,9.99,True
694,4,Basic,9.99,paid,9.99,True
695,4,Premium,29.99,paid,29.99,True
696,4,Basic,9.99,paid,9.99,True
697,4,Plus,19.99,failed,0.0,True
698,4,Plus,19.99,failed,0.0,False
699,4,Plus,19.99,paid,19.99,True
700,4,Basic,9.99,paid,9.99,True
701,4,Basic,9.99,paid,9.99,True
702,4,Basic,9.99,paid,9.99,True
703,4,Basic,9.99,paid,9.99,True
704,4,Premium,29.99,paid,29.99,True
705,4,Basic,9.99,paid,9.99,True
706,4,Plus,19.99,paid,19.99,True
707,4,Plus,19.99,paid,19.99,True
708,4,Plus,19.99,paid,19.99,True
709,4,Basic,9.99,paid,9.99,True
710,4,Basic,9.99,paid,9.99,True
711,4,Premium,29.99,paid,29.99,True
712,4,Plus,19.99,paid,19.99,True
713,4,Plus,19.99,paid,19.99,True
714,4,Premium,29.99,paid,29.99,True
715,4,Plus,19.99,failed,0.0,False
716,4,Basic,9.99,failed,0.0,False
717,4,Plus,19.99,paid,19.99,True
718,4,Basic,9.99,paid,9.99,True
719,4,Plus,19.99,failed,0.0,False
720,4,Premium,29.99,paid,29.99,True
721,4,Basic,9.99,paid,9.99,True
722,4,Basic,9.99,paid,9.99,True
723,4,Basic,9.99,failed,0.0,True
724,4,Premium,29.99,paid,29.99,True
725,4,Basic,9.99,failed,0.0,False
726,4,Basic,9.99,failed,0.0,True
727,4,Basic,9.99,paid,9.99,True
728,4,Basic,9.99,paid,9.99,True
729,4,Basic,9.99,failed,0.0,False
730,4,Basic,9.99,paid,9.99,True
731,4,Basic,9.99,failed,0.0,False
732,4,Basic,9.99,paid,9.99,True
733,4,Basic,9.99,paid,9.99,True
734,4,Basic,9.99,paid,9.99,True
735,4,Basic,9.99,paid,9.99,True
736,4,Plus,19.99,paid,19.99,True
737,4,Basic,9.99,paid,9.99,True
738,4,Basic,9.99,failed,0.0,False
739,4,Basic,9.99,failed,0.0,True
740,4,Basic,9.99,paid,9.99,True
741,4,Basic,9.99,paid,9.99,True
742,4,Basic,9.99,paid,9.99,True
743,4,Premium,29.99,paid,29.99,True
744,4,Basic,9.99,paid,9.99,True
745,4,Basic,9.99,paid,9.99,True
746,4,Basic,9.99,paid,9.99,True
747,4,Basic,9.99,paid,9.99,True
748,4,Basic,9.99,paid,9.99,True
749,4,Plus,19.99,paid,19.99,True
750,4,Plus,19.99,failed,0.0,False
751,4,Basic,9.99,failed,0.0,False
752,4,Basic,9.99,paid,9.99,True
753,4,Basic,9.99,failed,0.0,False
754,4,Basic,9.99,paid,9.99,True
755,4,Plus,19.99,paid,19.99,True
756,4,Basic,9.99,paid,9.99,True
757,4,Basic,9.99,paid,9.99,True
758,4,Premium,29.99,paid,29.99,True
759,4,Basic,9.99,paid,9.99,True
760,4,Basic,9.99,paid,9.99,True
761,4,Plus,19.99,paid,19.99,True
762,4,Basic,9.99,failed,0.0,True
763,4,Basic,9.99,paid,9.99,True
764,4,Basic,9.99,paid,9.99,True
765,4,Premium,29.99,paid,29.99,True
766,4,Basic,9.99,paid,9.99,True
767,4,Basic,9.99,paid,9.99,True
768,4,Basic,9.99,paid,9.99,True
769,4,Basic,9.99,failed,0.0,False
770,4,Plus,19.99,paid,19.99,True
771,4,Basic,9.99,paid,9.99,True
772,4,Plus,19.99,paid,19.99,True
773,4,Plus,19.99,paid,19.99,True
774,4,Plus,19.99,paid,19.99,True
775,4,Basic,9.99,paid,9.99,True
776,4,Premium,29.99,failed,0.0,False
777,4,Plus,19.99,paid,19.99,True
778,4,Basic,9.99,paid,9.99,True
779,4,Plus,19.99,paid,19.99,True
780,4,Premium,29.99,paid,29.99,True
781,4,Basic,9.99,paid,9.99,True
782,4,Premium,29.99,paid,29.99,True
783,4,Basic,9.99,paid,9.99,True
784,4,Plus,19.99,paid,19.99,True
785,4,Premium,29.99,paid,29.99,True
786,4,Basic,9.99,paid,9.99,True
787,4,Plus,19.99,paid,19.99,True
788,4,Basic,9.99,paid,9.99,True
789,4,Plus,19.99,failed,0.0,False
790,4,Plus,19.99,paid,19.99,True
791,4,Basic,9.99,paid,9.99,True
792,4,Basic,9.99,paid,9.99,True
793,4,Basic,9.99,paid,9.99,True
794,4,Basic,9.99,paid,9.99,True
795,4,Basic,9.99,failed,0.0,True
796,4,Basic,9.99,paid,9.99,True
797,4,Basic,9.99,paid,9.99,True
798,4,Basic,9.99,paid,9.99,True
799,4,Plus,19.99,paid,19.99,True
800,4,Plus,19.99,paid,19.99,True
801,4,Plus,19.99,paid,19.99,True
802,4,Basic,9.99,paid,9.99,True
803,4,Premium,29.99,paid,29.99,True
804,4,Plus,19.99,paid,19.99,True
805,4,Basic,9.99,paid,9.99,True
806,4,Basic,9.99,paid,9.99,True
807,4,Plus,19.99,failed,0.0,False
808,4,Basic,9.99,paid,9.99,True
809,4,Basic,9.99,paid,9.99,True
810,4,Premium,29.99,paid,29.99,True
811,4,Basic,9.99,paid,9.99,True
812,4,Basic,9.99,paid,9.99,True
813,4,Premium,29.99,paid,29.99,True
814,4,Plus,19.99,failed,0.0,False
815,4,Basic,9.99,failed,0.0,False
816,4,Premium,29.99,failed,0.0,False
817,4,Premium,29.99,paid,29.99,True
818,4,Basic,9.99,failed,0.0,False
819,4,Plus,19.99,paid,19.99,True
820,4,Basic,9.99,paid,9.99,True
821,4,Basic,9.99,paid,9.99,True
822,4,Plus,19.99,paid,19.99,True
823,4,Basic,9.99,paid,9.99,True
824,4,Plus,19.99,paid,19.99,True
825,4,Plus,19.99,failed,0.0,True
826,4,Basic,9.99,paid,9.99,True
827,4,Plus,19.99,paid,19.99,True
828,4,Basic,9.99,failed,0.0,True
829,4,Premium,29.99,failed,0.0,True
830,4,Basic,9.99,paid,9.99,True
831,4,Plus,19.99,paid,19.99,True
832,4,Plus,19.99,paid,19.99,True
833,4,Basic,9.99,paid,9.99,True
834,4,Plus,19.99,paid,19.99,True
835,4,Plus,19.99,failed,0.0,False
836,4,Plus,19.99,paid,19.99,True
837,4,Plus,19.99,paid,19.99,True
838,4,Premium,29.99,paid,29.99,True
839,4,Basic,9.99,paid,9.99,True
840,4,Basic,9.99,paid,9.99,True
841,4,Basic,9.99,paid,9.99,True
842,4,Plus,19.99,paid,19.99,True
843,4,Basic,9.99,paid,9.99,True
844,4,Basic,9.99,paid,9.99,True
845,4,Basic,9.99,paid,9.99,True
846,4,Premium,29.99,failed,0.0,False
847,4,Basic,9.99,paid,9.99,True
848,4,Plus,19.99,paid,19.99,True
849,4,Basic,9.99,paid,9.99,True
850,4,Premium,29.99,paid,29.99,True
851,4,Basic,9.99,paid,9.99,True
852,4,Basic,9.99,paid,9.99,True
853,4,Premium,29.99,paid,29.99,True
854,4,Premium,29.99,paid,29.99,True
855,4,Basic,9.99,failed,0.0,False
856,4,Basic,9.99,paid,9.99,True
857,4,Plus,19.99,paid,19.99,True
858,4,Premium,29.99,paid,29.99,True
859,4,Basic,9.99,failed,0.0,False
860,4,Basic,9.99,paid,9.99,True
861,4,Plus,19.99,paid,19.99,True
862,4,Plus,19.99,paid,19.99,True
863,4,Plus,19.99,paid,19.99,True
864,4,Plus,19.99,paid,19.99,True
865,4,Basic,9.99,failed,0.0,False
866,4,Premium,29.99,paid,29.99,True
867,4,Premium,29.99,paid,29.99,True
868,4,Plus,19.99,paid,19.99,True
869,4,Basic,9.99,paid,9.99,True
870,4,Basic,9.99,failed,0.0,False
871,4,Plus,19.99,paid,19.99,True
872,4,Basic,9.99,failed,0.0,False
873,4,Premium,29.99,failed,0.0,False
874,4,Basic,9.99,paid,9.99,True
875,4,Plus,19.99,paid,19.99,True
876,4,Premium,29.99,paid,29.99,True
877,4,Basic,9.99,paid,9.99,True
878,4,Basic,9.99,paid,9.99,True
879,4,Plus,19.99,failed,0.0,False
880,4,Plus,19.99,failed,0.0,False
881,4,Basic,9.99,failed,0.0,False
882,4,Plus,19.99,paid,19.99,True
883,4,Premium,29.99,paid,29.99,True
884,4,Basic,9.99,paid,9.99,True
885,4,Basic,9.99,paid,9.99,True
886,4,Basic,9.99,paid,9.99,True
887,4,Basic,9.99,failed,0.0,False
888,4,Basic,9.99,paid,9.99,True
889,4,Basic,9.99,failed,0.0,False
890,4,Plus,19.99,paid,19.99,True
891,4,Basic,9.99,paid,9.99,True
892,4,Premium,29.99,paid,29.99,True
893,4,Basic,9.99,paid,9.99,True
894,4,Basic,9.99,paid,9.99,True
895,4,Plus,19.99,paid,19.99,True
896,4,Premium,29.99,paid,29.99,True
897,4,Basic,9.99,paid,9.99,True
898,4,Basic,9.99,paid,9.99,True
899,4,Basic,9.99,failed,0.0,True
900,4,Basic,9.99,paid,9.99,True
901,4,Basic,9.99,paid,9.99,True
902,4,Basic,9.99,failed,0.0,False
903,4,Basic,9.99,paid,9.99,True
904,4,Basic,9.99,paid,9.99,True
905,4,Premium,29.99,paid,29.99,True
906,4,Plus,19.99,paid,19.99,True
907,4,Basic,9.99,paid,9.99,True
908,4,Basic,9.99,paid,9.99,True
909,4,Basic,9.99,paid,9.99,True
910,4,Basic,9.99,paid,9.99,True
911,4,Plus,19.99,paid,19.99,True
912,4,Premium,29.99,paid,29.99,True
913,4,Premium,29.99,paid,29.99,True
914,4,Premium,29.99,paid,29.99,True
915,4,Premium,29.99,paid,29.99,True
916,4,Premium,29.99,paid,29.99,True
917,4,Basic,9.99,paid,9.99,True
918,4,Basic,9.99,paid,9.99,True
919,4,Basic,9.99,failed,0.0,False
920,4,Plus,19.99,paid,19.99,True
921,4,Basic,9.99,paid,9.99,True
922,4,Plus,19.99,failed,0.0,False
923,4,Plus,19.99,paid,19.99,True
924,4,Basic,9.99,paid,9.99,True
925,4,Basic,9.99,paid,9.99,True
926,4,Basic,9.99,paid,9.99,True
927,4,Basic,9.99,paid,9.99,True
928,4,Premium,29.99,paid,29.99,True
929,4,Plus,19.99,paid,19.99,True
930,4,Plus,19.99,paid,19.99,True
931,4,Basic,9.99,paid,9.99,True
932,4,Basic,9.99,paid,9.99,True
933,4,Basic,9.99,paid,9.99,True
934,4,Plus,19.99,paid,19.99,True
935,4,Plus,19.99,paid,19.99,True
936,4,Basic,9.99,paid,9.99,True
937,4,Premium,29.99,paid,29.99,True
938,4,Basic,9.99,paid,9.99,True
939,4,Premium,29.99,paid,29.99,True
940,4,Basic,9.99,failed,0.0,False
941,4,Basic,9.99,paid,9.99,True
942,4,Plus,19.99,paid,19.99,True
943,4,Basic,9.99,paid,9.99,True
944,4,Basic,9.99,paid,9.99,True
945,4,Basic,9.99,paid,9.99,True
946,4,Basic,9.99,paid,9.99,True
947,4,Plus,19.99,paid,19.99,True
948,4,Premium,29.99,paid,29.99,True
949,4,Premium,29.99,paid,29.99,True
950,4,Basic,9.99,paid,9.99,True
951,4,Basic,9.99,paid,9.99,True
952,4,Basic,9.99,failed,0.0,False
953,4,Basic,9.99,failed,0.0,True
954,4,Basic,9.99,paid,9.99,True
955,4,Premium,29.99,failed,0.0,False
956,4,Premium,29.99,paid,29.99,True
957,4,Plus,19.99,paid,19.99,True
958,4,Basic,9.99,failed,0.0,False
959,4,Basic,9.99,paid,9.99,True
960,4,Basic,9.99,paid,9.99,True
961,4,Basic,9.99,paid,9.99,True
962,4,Basic,9.99,paid,9.99,True
963,4,Basic,9.99,paid,9.99,True
964,4,Basic,9.99,paid,9.99,True
965,4,Premium,29.99,failed,0.0,False
966,4,Basic,9.99,paid,9.99,True
967,4,Premium,29.99,paid,29.99,True
968,4,Basic,9.99,paid,9.99,True
969,4,Plus,19.99,paid,19.99,True
970,4,Basic,9.99,paid,9.99,True
971,4,Basic,9.99,paid,9.99,True
972,4,Basic,9.99,paid,9.99,True
973,4,Basic,9.99,paid,9.99,True
974,4,Premium,29.99,paid,29.99,True
975,4,Basic,9.99,paid,9.99,True
976,4,Plus,19.99,paid,19.99,True
977,4,Basic,9.99,paid,9.99,True
978,4,Basic,9.99,paid,9.99,True
979,4,Basic,9.99,paid,9.99,True
980,4,Basic,9.99,paid,9.99,True
981,4,Premium,29.99,paid,29.99,True
982,4,Plus,19.99,paid,19.99,True
983,4,Plus,19.99,paid,19.99,True
984,4,Basic,9.99,paid,9.99,True
985,4,Basic,9.99,paid,9.99,True
986,4,Premium,29.99,paid,29.99,True
987,4,Basic,9.99,paid,9.99,True
988,4,Basic,9.99,paid,9.99,True
989,4,Basic,9.99,paid,9.99,True
990,4,Plus,19.99,paid,19.99,True
991,4,Plus,19.99,paid,19.99,True
992,4,Plus,19.99,paid,19.99,True
993,4,Plus,19.99,paid,19.99,True
994,4,Basic,9.99,paid,9.99,True
995,4,Premium,29.99,paid,29.99,True
996,4,Basic,9.99,failed,0.0,False
997,4,Plus,19.99,paid,19.99,True
998,4,Basic,9.99,paid,9.99,True
999,4,Premium,29.99,paid,29.99,True
1000,4,Basic,9.99,paid,9.99,True
1,5,Plus,19.99,paid,19.99,True
2,5,Basic,9.99,paid,9.99,True
3,5,Premium,29.99,paid,29.99,True
4,5,Plus,19.99,paid,19.99,True
5,5,Basic,9.99,paid,9.99,True
6,5,Premium,29.99,paid,29.99,True
7,5,Plus,19.99,paid,19.99,True
8,5,Plus,19.99,paid,19.99,True
9,5,Basic,9.99,paid,9.99,True
10,5,Basic,9.99,paid,9.99,True
11,5,Basic,9.99,paid,9.99,True
12,5,Premium,29.99,paid,29.99,True
13,5,Plus,19.99,failed,0.0,True
14,5,Plus,19.99,failed,0.0,False
15,5,Basic,9.99,paid,9.99,True
16,5,Basic,9.99,paid,9.99,True
17,5,Plus,19.99,paid,19.99,True
18,5,Basic,9.99,failed,0.0,False
19,5,Plus,19.99,paid,19.99,True
20,5,Plus,19.99,paid,19.99,True
21,5,Plus,19.99,paid,19.99,True
22,5,Basic,9.99,paid,9.99,True
23,5,Premium,29.99,failed,0.0,False
24,5,Premium,29.99,paid,29.99,True
25,5,Plus,19.99,paid,19.99,True
26,5,Basic,9.99,paid,9.99,True
27,5,Basic,9.99,paid,9.99,True
28,5,Basic,9.99,paid,9.99,True
29,5,Basic,9.99,paid,9.99,True
30,5,Plus,19.99,failed,0.0,False
31,5,Plus,19.99,failed,0.0,False
32,5,Premium,29.99,paid,29.99,True
33,5,Basic,9.99,paid,9.99,True
34,5,Basic,9.99,paid,9.99,True
35,5,Basic,9.99,paid,9.99,True
36,5,Basic,9.99,paid,9.99,True
37,5,Basic,9.99,paid,9.99,True
38,5,Basic,9.99,failed,0.0,False
39,5,Basic,9.99,failed,0.0,False
40,5,Plus,19.99,paid,19.99,True
41,5,Basic,9.99,paid,9.99,True
42,5,Plus,19.99,paid,19.99,True
43,5,Plus,19.99,failed,0.0,False
44,5,Basic,9.99,paid,9.99,True
45,5,Plus,19.99,paid,19.99,True
46,5,Plus,19.99,paid,19.99,True
47,5,Basic,9.99,paid,9.99,True
48,5,Basic,9.99,paid,9.99,True
49,5,Plus,19.99,paid,19.99,True
50,5,Basic,9.99,failed,0.0,False
51,5,Basic,9.99,paid,9.99,True
52,5,Basic,9.99,failed,0.0,False
53,5,Plus,19.99,paid,19.99,True
54,5,Plus,19.99,paid,19.99,True
55,5,Plus,19.99,paid,19.99,True
56,5,Plus,19.99,paid,19.99,True
57,5,Basic,9.99,failed,0.0,False
58,5,Plus,19.99,failed,0.0,False
59,5,Basic,9.99,paid,9.99,True
60,5,Basic,9.99,paid,9.99,True
61,5,Plus,19.99,paid,19.99,True
62,5,Basic,9.99,paid,9.99,True
63,5,Plus,19.99,paid,19.99,True
64,5,Plus,19.99,paid,19.99,True
65,5,Plus,19.99,paid,19.99,True
66,5,Plus,19.99,paid,19.99,True
67,5,Plus,19.99,paid,19.99,True
68,5,Basic,9.99,paid,9.99,True
69,5,Basic,9.99,paid,9.99,True
70,5,Basic,9.99,paid,9.99,True
71,5,Basic,9.99,paid,9.99,True
72,5,Basic,9.99,paid,9.99,True
73,5,Premium,29.99,failed,0.0,False
74,5,Basic,9.99,paid,9.99,True
75,5,Basic,9.99,paid,9.99,True
76,5,Basic,9.99,paid,9.99,True
77,5,Basic,9.99,paid,9.99,True
78,5,Plus,19.99,paid,19.99,True
79,5,Plus,19.99,paid,19.99,True
80,5,Plus,19.99,failed,0.0,False
81,5,Plus,19.99,paid,19.99,True
82,5,Basic,9.99,failed,0.0,False
83,5,Plus,19.99,paid,19.99,True
84,5,Basic,9.99,paid,9.99,True
85,5,Basic,9.99,paid,9.99,True
86,5,Basic,9.99,paid,9.99,True
87,5,Plus,19.99,paid,19.99,True
88,5,Basic,9.99,paid,9.99,True
89,5,Basic,9.99,failed,0.0,False
90,5,Basic,9.99,paid,9.99,True
91,5,Basic,9.99,paid,9.99,True
92,5,Plus,19.99,paid,19.99,True
93,5,Basic,9.99,paid,9.99,True
94,5,Basic,9.99,paid,9.99,True
95,5,Basic,9.99,failed,0.0,True
96,5,Plus,19.99,paid,19.99,True
97,5,Basic,9.99,failed,0.0,False
98,5,Basic,9.99,paid,9.99,True
99,5,Basic,9.99,paid,9.99,True
100,5,Premium,29.99,failed,0.0,False
101,5,Premium,29.99,paid,29.99,True
102,5,Plus,19.99,paid,19.99,True
103,5,Basic,9.99,paid,9.99,True
104,5,Premium,29.99,paid,29.99,True
105,5,Plus,19.99,paid,19.99,True
106,5,Plus,19.99,paid,19.99,True
107,5,Basic,9.99,paid,9.99,True
108,5,Basic,9.99,paid,9.99,True
109,5,Basic,9.99,paid,9.99,True
110,5,Premium,29.99,paid,29.99,True
111,5,Basic,9.99,paid,9.99,True
112,5,Basic,9.99,paid,9.99,True
113,5,Basic,9.99,paid,9.99,True
114,5,Plus,19.99,paid,19.99,True
115,5,Basic,9.99,failed,0.0,False
116,5,Premium,29.99,paid,29.99,True
117,5,Plus,19.99,paid,19.99,True
118,5,Plus,19.99,failed,0.0,False
119,5,Basic,9.99,paid,9.99,True
120,5,Plus,19.99,paid,19.99,True
121,5,Plus,19.99,paid,19.99,True
122,5,Plus,19.99,failed,0.0,False
123,5,Basic,9.99,paid,9.99,True
124,5,Basic,9.99,paid,9.99,True
125,5,Basic,9.99,paid,9.99,True
126,5,Basic,9.99,paid,9.99,True
127,5,Basic,9.99,paid,9.99,True
128,5,Basic,9.99,paid,9.99,True
129,5,Basic,9.99,paid,9.99,True
130,5,Plus,19.99,failed,0.0,False
131,5,Basic,9.99,paid,9.99,True
132,5,Premium,29.99,paid,29.99,True
133,5,Plus,19.99,paid,19.99,True
134,5,Basic,9.99,failed,0.0,False
135,5,Plus,19.99,paid,19.99,True
136,5,Basic,9.99,paid,9.99,True
137,5,Premium,29.99,paid,29.99,True
138,5,Basic,9.99,paid,9.99,True
139,5,Plus,19.99,failed,0.0,False
140,5,Basic,9.99,paid,9.99,True
141,5,Basic,9.99,failed,0.0,False
142,5,Basic,9.99,paid,9.99,True
143,5,Premium,29.99,failed,0.0,False
144,5,Plus,19.99,failed,0.0,False
145,5,Basic,9.99,paid,9.99,True
146,5,Basic,9.99,paid,9.99,True
147,5,Basic,9.99,paid,9.99,True
148,5,Basic,9.99,paid,9.99,True
149,5,Basic,9.99,paid,9.99,True
150,5,Basic,9.99,paid,9.99,True
151,5,Plus,19.99,paid,19.99,True
152,5,Premium,29.99,failed,0.0,False
153,5,Basic,9.99,paid,9.99,True
154,5,Plus,19.99,failed,0.0,False
155,5,Basic,9.99,paid,9.99,True
156,5,Plus,19.99,paid,19.99,True
157,5,Basic,9.99,failed,0.0,False
158,5,Plus,19.99,paid,19.99,True
159,5,Plus,19.99,paid,19.99,True
160,5,Plus,19.99,paid,19.99,True
161,5,Basic,9.99,paid,9.99,True
162,5,Premium,29.99,failed,0.0,False
163,5,Basic,9.99,paid,9.99,True
164,5,Basic,9.99,paid,9.99,True
165,5,Plus,19.99,paid,19.99,True
166,5,Basic,9.99,paid,9.99,True
167,5,Plus,19.99,paid,19.99,True
168,5,Plus,19.99,paid,19.99,True
169,5,Basic,9.99,paid,9.99,True
170,5,Premium,29.99,failed,0.0,False
171,5,Basic,9.99,paid,9.99,True
172,5,Basic,9.99,paid,9.99,True
173,5,Basic,9.99,paid,9.99,True
174,5,Premium,29.99,paid,29.99,True
175,5,Basic,9.99,paid,9.99,True
176,5,Basic,9.99,paid,9.99,True
177,5,Basic,9.99,failed,0.0,True
178,5,Premium,29.99,paid,29.99,True
179,5,Premium,29.99,failed,0.0,False
180,5,Plus,19.99,failed,0.0,True
181,5,Premium,29.99,paid,29.99,True
182,5,Premium,29.99,paid,29.99,True
183,5,Basic,9.99,failed,0.0,False
184,5,Basic,9.99,failed,0.0,False
185,5,Plus,19.99,paid,19.99,True
186,5,Plus,19.99,failed,0.0,False
187,5,Basic,9.99,paid,9.99,True
188,5,Basic,9.99,paid,9.99,True
189,5,Plus,19.99,paid,19.99,True
190,5,Basic,9.99,failed,0.0,False
191,5,Premium,29.99,paid,29.99,True
192,5,Basic,9.99,paid,9.99,True
193,5,Basic,9.99,failed,0.0,True
194,5,Plus,19.99,paid,19.99,True
195,5,Basic,9.99,paid,9.99,True
196,5,Basic,9.99,paid,9.99,True
197,5,Plus,19.99,paid,19.99,True
198,5,Premium,29.99,paid,29.99,True
199,5,Basic,9.99,failed,0.0,False
200,5,Basic,9.99,failed,0.0,False
201,5,Plus,19.99,failed,0.0,False
202,5,Premium,29.99,paid,29.99,True
203,5,Basic,9.99,paid,9.99,True
204,5,Basic,9.99,paid,9.99,True
205,5,Basic,9.99,paid,9.99,True
206,5,Basic,9.99,paid,9.99,True
207,5,Basic,9.99,paid,9.99,True
208,5,Plus,19.99,paid,19.99,True
209,5,Basic,9.99,paid,9.99,True
210,5,Basic,9.99,failed,0.0,False
211,5,Plus,19.99,paid,19.99,True
212,5,Plus,19.99,paid,19.99,True
213,5,Basic,9.99,paid,9.99,True
214,5,Plus,19.99,paid,19.99,True
215,5,Plus,19.99,paid,19.99,True
216,5,Plus,19.99,paid,19.99,True
217,5,Basic,9.99,paid,9.99,True
218,5,Basic,9.99,paid,9.99,True
219,5,Premium,29.99,paid,29.99,True
220,5,Basic,9.99,paid,9.99,True
221,5,Basic,9.99,paid,9.99,True
222,5,Basic,9.99,paid,9.99,True
223,5,Plus,19.99,paid,19.99,True
224,5,Premium,29.99,paid,29.99,True
225,5,Basic,9.99,paid,9.99,True
226,5,Premium,29.99,failed,0.0,False
227,5,Basic,9.99,paid,9.99,True
228,5,Plus,19.99,paid,19.99,True
229,5,Plus,19.99,failed,0.0,False
230,5,Basic,9.99,paid,9.99,True
231,5,Basic,9.99,paid,9.99,True
232,5,Basic,9.99,paid,9.99,True
233,5,Premium,29.99,paid,29.99,True
234,5,Plus,19.99,paid,19.99,True
235,5,Premium,29.99,paid,29.99,True
236,5,Plus,19.99,paid,19.99,True
237,5,Basic,9.99,paid,9.99,True
238,5,Plus,19.99,failed,0.0,True
239,5,Basic,9.99,paid,9.99,True
240,5,Basic,9.99,paid,9.99,True
241,5,Plus,19.99,paid,19.99,True
242,5,Plus,19.99,failed,0.0,False
243,5,Basic,9.99,paid,9.99,True
244,5,Basic,9.99,paid,9.99,True
245,5,Plus,19.99,paid,19.99,True
246,5,Premium,29.99,failed,0.0,False
247,5,Plus,19.99,paid,19.99,True
248,5,Basic,9.99,failed,0.0,False
249,5,Basic,9.99,failed,0.0,False
250,5,Basic,9.99,paid,9.99,True
251,5,Plus,19.99,paid,19.99,True
252,5,Premium,29.99,paid,29.99,True
253,5,Basic,9.99,paid,9.99,True
254,5,Basic,9.99,paid,9.99,True
255,5,Basic,9.99,paid,9.99,True
256,5,Plus,19.99,failed,0.0,False
257,5,Plus,19.99,paid,19.99,True
258,5,Basic,9.99,failed,0.0,True
259,5,Basic,9.99,paid,9.99,True
260,5,Plus,19.99,paid,19.99,True
261,5,Basic,9.99,paid,9.99,True
262,5,Plus,19.99,paid,19.99,True
263,5,Basic,9.99,paid,9.99,True
264,5,Basic,9.99,paid,9.99,True
265,5,Premium,29.99,failed,0.0,False
266,5,Basic,9.99,paid,9.99,True
267,5,Basic,9.99,failed,0.0,False
268,5,Basic,9.99,paid,9.99,True
269,5,Basic,9.99,paid,9.99,True
270,5,Basic,9.99,paid,9.99,True
271,5,Basic,9.99,paid,9.99,True
272,5,Basic,9.99,paid,9.99,True
273,5,Basic,9.99,paid,9.99,True
274,5,Plus,19.99,paid,19.99,True
275,5,Plus,19.99,failed,0.0,False
276,5,Basic,9.99,failed,0.0,False
277,5,Basic,9.99,paid,9.99,True
278,5,Basic,9.99,paid,9.99,True
279,5,Premium,29.99,paid,29.99,True
280,5,Premium,29.99,paid,29.99,True
281,5,Basic,9.99,paid,9.99,True
282,5,Basic,9.99,paid,9.99,True
283,5,Basic,9.99,failed,0.0,True
284,5,Basic,9.99,paid,9.99,True
285,5,Plus,19.99,paid,19.99,True
286,5,Basic,9.99,failed,0.0,False
287,5,Basic,9.99,failed,0.0,False
288,5,Basic,9.99,paid,9.99,True
289,5,Basic,9.99,paid,9.99,True
290,5,Basic,9.99,paid,9.99,True
291,5,Plus,19.99,failed,0.0,False
292,5,Basic,9.99,paid,9.99,True
293,5,Premium,29.99,paid,29.99,True
294,5,Basic,9.99,paid,9.99,True
295,5,Plus,19.99,paid,19.99,True
296,5,Premium,29.99,failed,0.0,False
297,5,Premium,29.99,paid,29.99,True
298,5,Plus,19.99,paid,19.99,True
299,5,Plus,19.99,failed,0.0,False
300,5,Plus,19.99,failed,0.0,False
301,5,Plus,19.99,paid,19.99,True
302,5,Basic,9.99,paid,9.99,True
303,5,Basic,9.99,paid,9.99,True
304,5,Basic,9.99,paid,9.99,True
305,5,Premium,29.99,paid,29.99,True
306,5,Basic,9.99,paid,9.99,True
307,5,Basic,9.99,failed,0.0,False
308,5,Plus,19.99,paid,19.99,True
309,5,Basic,9.99,failed,0.0,False
310,5,Basic,9.99,paid,9.99,True
311,5,Basic,9.99,paid,9.99,True
312,5,Basic,9.99,paid,9.99,True
313,5,Basic,9.99,paid,9.99,True
314,5,Basic,9.99,paid,9.99,True
315,5,Basic,9.99,paid,9.99,True
316,5,Basic,9.99,paid,9.99,True
317,5,Basic,9.99,paid,9.99,True
318,5,Plus,19.99,paid,19.99,True
319,5,Basic,9.99,failed,0.0,False
320,5,Premium,29.99,paid,29.99,True
321,5,Premium,29.99,failed,0.0,False
322,5,Basic,9.99,paid,9.99,True
323,5,Basic,9.99,failed,0.0,False
324,5,Basic,9.99,failed,0.0,False
325,5,Plus,19.99,paid,19.99,True
326,5,Plus,19.99,paid,19.99,True
327,5,Plus,19.99,paid,19.99,True
328,5,Basic,9.99,paid,9.99,True
329,5,Plus,19.99,paid,19.99,True
330,5,Basic,9.99,paid,9.99,True
331,5,Plus,19.99,paid,19.99,True
332,5,Basic,9.99,paid,9.99,True
333,5,Plus,19.99,paid,19.99,True
334,5,Premium,29.99,paid,29.99,True
335,5,Basic,9.99,paid,9.99,True
336,5,Plus,19.99,paid,19.99,True
337,5,Basic,9.99,failed,0.0,False
338,5,Plus,19.99,paid,19.99,True
339,5,Basic,9.99,failed,0.0,False
340,5,Premium,29.99,paid,29.99,True
341,5,Basic,9.99,paid,9.99,True
342,5,Premium,29.99,failed,0.0,True
343,5,Plus,19.99,failed,0.0,True
344,5,Plus,19.99,paid,19.99,True
345,5,Plus,19.99,paid,19.99,True
346,5,Plus,19.99,paid,19.99,True
347,5,Premium,29.99,paid,29.99,True
348,5,Basic,9.99,failed,0.0,False
349,5,Plus,19.99,failed,0.0,False
350,5,Basic,9.99,failed,0.0,False
351,5,Plus,19.99,paid,19.99,True
352,5,Basic,9.99,paid,9.99,True
353,5,Plus,19.99,paid,19.99,True
354,5,Plus,19.99,paid,19.99,True
355,5,Basic,9.99,paid,9.99,True
356,5,Basic,9.99,paid,9.99,True
357,5,Plus,19.99,paid,19.99,True
358,5,Plus,19.99,failed,0.0,False
359,5,Basic,9.99,paid,9.99,True
360,5,Plus,19.99,paid,19.99,True
361,5,Premium,29.99,paid,29.99,True
362,5,Basic,9.99,paid,9.99,True
363,5,Basic,9.99,paid,9.99,True
364,5,Basic,9.99,paid,9.99,True
365,5,Plus,19.99,paid,19.99,True
366,5,Basic,9.99,paid,9.99,True
367,5,Plus,19.99,failed,0.0,False
368,5,Plus,19.99,paid,19.99,True
369,5,Basic,9.99,paid,9.99,True
370,5,Premium,29.99,paid,29.99,True
371,5,Plus,19.99,failed,0.0,False
372,5,Basic,9.99,paid,9.99,True
373,5,Basic,9.99,failed,0.0,True
374,5,Basic,9.99,paid,9.99,True
375,5,Basic,9.99,paid,9.99,True
376,5,Basic,9.99,paid,9.99,True
377,5,Premium,29.99,paid,29.99,True
378,5,Basic,9.99,failed,0.0,False
379,5,Basic,9.99,paid,9.99,True
380,5,Plus,19.99,failed,0.0,False
381,5,Plus,19.99,failed,0.0,False
382,5,Premium,29.99,paid,29.99,True
383,5,Plus,19.99,paid,19.99,True
384,5,Basic,9.99,failed,0.0,False
385,5,Basic,9.99,paid,9.99,True
386,5,Premium,29.99,paid,29.99,True
387,5,Plus,19.99,paid,19.99,True
388,5,Premium,29.99,paid,29.99,True
389,5,Basic,9.99,paid,9.99,True
390,5,Premium,29.99,paid,29.99,True
391,5,Plus,19.99,failed,0.0,False
392,5,Basic,9.99,paid,9.99,True
393,5,Plus,19.99,paid,19.99,True
394,5,Plus,19.99,failed,0.0,False
395,5,Basic,9.99,paid,9.99,True
396,5,Basic,9.99,paid,9.99,True
397,5,Plus,19.99,failed,0.0,False
398,5,Basic,9.99,failed,0.0,False
399,5,Basic,9.99,paid,9.99,True
400,5,Basic,9.99,paid,9.99,True
401,5,Basic,9.99,paid,9.99,True
402,5,Premium,29.99,failed,0.0,False
403,5,Plus,19.99,failed,0.0,False
404,5,Basic,9.99,paid,9.99,True
405,5,Premium,29.99,paid,29.99,True
406,5,Premium,29.99,paid,29.99,True
407,5,Basic,9.99,paid,9.99,True
408,5,Plus,19.99,paid,19.99,True
409,5,Basic,9.99,paid,9.99,True
410,5,Premium,29.99,failed,0.0,False
411,5,Plus,19.99,paid,19.99,True
412,5,Plus,19.99,paid,19.99,True
413,5,Basic,9.99,paid,9.99,True
414,5,Premium,29.99,paid,29.99,True
415,5,Basic,9.99,paid,9.99,True
416,5,Basic,9.99,paid,9.99,True
417,5,Basic,9.99,paid,9.99,True
418,5,Plus,19.99,paid,19.99,True
419,5,Basic,9.99,paid,9.99,True
420,5,Premium,29.99,paid,29.99,True
421,5,Plus,19.99,paid,19.99,True
422,5,Basic,9.99,paid,9.99,True
423,5,Basic,9.99,failed,0.0,False
424,5,Basic,9.99,paid,9.99,True
425,5,Plus,19.99,paid,19.99,True
426,5,Plus,19.99,paid,19.99,True
427,5,Basic,9.99,paid,9.99,True
428,5,Plus,19.99,paid,19.99,True
429,5,Basic,9.99,paid,9.99,True
430,5,Plus,19.99,paid,19.99,True
431,5,Premium,29.99,paid,29.99,True
432,5,Plus,19.99,paid,19.99,True
433,5,Plus,19.99,paid,19.99,True
434,5,Plus,19.99,paid,19.99,True
435,5,Basic,9.99,paid,9.99,True
436,5,Basic,9.99,paid,9.99,True
437,5,Basic,9.99,paid,9.99,True
438,5,Basic,9.99,paid,9.99,True
439,5,Plus,19.99,paid,19.99,True
440,5,Plus,19.99,paid,19.99,True
441,5,Premium,29.99,failed,0.0,True
442,5,Basic,9.99,paid,9.99,True
443,5,Plus,19.99,paid,19.99,True
444,5,Basic,9.99,paid,9.99,True
445,5,Basic,9.99,paid,9.99,True
446,5,Plus,19.99,failed,0.0,False
447,5,Premium,29.99,paid,29.99,True
448,5,Plus,19.99,paid,19.99,True
449,5,Basic,9.99,paid,9.99,True
450,5,Plus,19.99,paid,19.99,True
451,5,Basic,9.99,paid,9.99,True
452,5,Premium,29.99,paid,29.99,True
453,5,Plus,19.99,paid,19.99,True
454,5,Basic,9.99,paid,9.99,True
455,5,Basic,9.99,paid,9.99,True
456,5,Basic,9.99,failed,0.0,False
457,5,Premium,29.99,paid,29.99,True
458,5,Basic,9.99,paid,9.99,True
459,5,Plus,19.99,paid,19.99,True
460,5,Plus,19.99,paid,19.99,True
461,5,Plus,19.99,failed,0.0,False
462,5,Basic,9.99,failed,0.0,False
463,5,Premium,29.99,paid,29.99,True
464,5,Basic,9.99,paid,9.99,True
465,5,Plus,19.99,paid,19.99,True
466,5,Plus,19.99,paid,19.99,True
467,5,Plus,19.99,paid,19.99,True
468,5,Premium,29.99,paid,29.99,True
469,5,Basic,9.99,paid,9.99,True
470,5,Basic,9.99,paid,9.99,True
471,5,Basic,9.99,paid,9.99,True
472,5,Basic,9.99,paid,9.99,True
473,5,Basic,9.99,failed,0.0,False
474,5,Basic,9.99,paid,9.99,True
475,5,Basic,9.99,paid,9.99,True
476,5,Basic,9.99,paid,9.99,True
477,5,Basic,9.99,paid,9.99,True
478,5,Plus,19.99,paid,19.99,True
479,5,Plus,19.99,paid,19.99,True
480,5,Basic,9.99,paid,9.99,True
481,5,Basic,9.99,paid,9.99,True
482,5,Basic,9.99,paid,9.99,True
483,5,Plus,19.99,paid,19.99,True
484,5,Basic,9.99,failed,0.0,False
485,5,Basic,9.99,paid,9.99,True
486,5,Basic,9.99,paid,9.99,True
487,5,Basic,9.99,paid,9.99,True
488,5,Basic,9.99,failed,0.0,False
489,5,Plus,19.99,paid,19.99,True
490,5,Plus,19.99,paid,19.99,True
491,5,Plus,19.99,paid,19.99,True
492,5,Plus,19.99,paid,19.99,True
493,5,Plus,19.99,failed,0.0,False
494,5,Basic,9.99,paid,9.99,True
495,5,Plus,19.99,paid,19.99,True
496,5,Basic,9.99,paid,9.99,True
497,5,Basic,9.99,paid,9.99,True
498,5,Plus,19.99,paid,19.99,True
499,5,Basic,9.99,failed,0.0,True
500,5,Basic,9.99,failed,0.0,False
501,5,Plus,19.99,failed,0.0,False
502,5,Premium,29.99,failed,0.0,False
503,5,Premium,29.99,paid,29.99,True
504,5,Basic,9.99,paid,9.99,True
505,5,Basic,9.99,paid,9.99,True
506,5,Plus,19.99,paid,19.99,True
507,5,Basic,9.99,paid,9.99,True
508,5,Plus,19.99,paid,19.99,True
509,5,Basic,9.99,paid,9.99,True
510,5,Basic,9.99,paid,9.99,True
511,5,Basic,9.99,paid,9.99,True
512,5,Plus,19.99,paid,19.99,True
513,5,Basic,9.99,failed,0.0,False
514,5,Basic,9.99,paid,9.99,True
515,5,Basic,9.99,paid,9.99,True
516,5,Basic,9.99,paid,9.99,True
517,5,Basic,9.99,failed,0.0,False
518,5,Plus,19.99,paid,19.99,True
519,5,Basic,9.99,paid,9.99,True
520,5,Plus,19.99,paid,19.99,True
521,5,Premium,29.99,paid,29.99,True
522,5,Basic,9.99,failed,0.0,False
523,5,Basic,9.99,paid,9.99,True
524,5,Plus,19.99,paid,19.99,True
525,5,Basic,9.99,paid,9.99,True
526,5,Basic,9.99,paid,9.99,True
527,5,Premium,29.99,paid,29.99,True
528,5,Premium,29.99,paid,29.99,True
529,5,Plus,19.99,paid,19.99,True
530,5,Basic,9.99,paid,9.99,True
531,5,Plus,19.99,failed,0.0,False
532,5,Plus,19.99,paid,19.99,True
533,5,Basic,9.99,paid,9.99,True
534,5,Plus,19.99,failed,0.0,False
535,5,Basic,9.99,paid,9.99,True
536,5,Basic,9.99,paid,9.99,True
537,5,Basic,9.99,paid,9.99,True
538,5,Basic,9.99,paid,9.99,True
539,5,Basic,9.99,failed,0.0,False
540,5,Plus,19.99,paid,19.99,True
541,5,Premium,29.99,paid,29.99,True
542,5,Plus,19.99,paid,19.99,True
543,5,Plus,19.99,paid,19.99,True
544,5,Premium,29.99,failed,0.0,False
545,5,Basic,9.99,paid,9.99,True
546,5,Basic,9.99,paid,9.99,True
547,5,Basic,9.99,failed,0.0,True
548,5,Basic,9.99,paid,9.99,True
549,5,Plus,19.99,paid,19.99,True
550,5,Basic,9.99,paid,9.99,True
551,5,Basic,9.99,paid,9.99,True
552,5,Basic,9.99,paid,9.99,True
553,5,Basic,9.99,paid,9.99,True
554,5,Premium,29.99,failed,0.0,False
555,5,Basic,9.99,paid,9.99,True
556,5,Basic,9.99,paid,9.99,True
557,5,Basic,9.99,failed,0.0,False
558,5,Basic,9.99,paid,9.99,True
559,5,Plus,19.99,paid,19.99,True
560,5,Basic,9.99,failed,0.0,False
561,5,Basic,9.99,paid,9.99,True
562,5,Basic,9.99,paid,9.99,True
563,5,Plus,19.99,paid,19.99,True
564,5,Plus,19.99,paid,19.99,True
565,5,Plus,19.99,paid,19.99,True
566,5,Plus,19.99,failed,0.0,False
567,5,Plus,19.99,paid,19.99,True
568,5,Basic,9.99,paid,9.99,True
569,5,Basic,9.99,paid,9.99,True
570,5,Basic,9.99,paid,9.99,True
571,5,Basic,9.99,failed,0.0,False
572,5,Plus,19.99,paid,19.99,True
573,5,Basic,9.99,paid,9.99,True
574,5,Plus,19.99,paid,19.99,True
575,5,Premium,29.99,paid,29.99,True
576,5,Basic,9.99,paid,9.99,True
577,5,Premium,29.99,paid,29.99,True
578,5,Plus,19.99,paid,19.99,True
579,5,Premium,29.99,paid,29.99,True
580,5,Basic,9.99,paid,9.99,True
581,5,Basic,9.99,failed,0.0,False
582,5,Basic,9.99,paid,9.99,True
583,5,Basic,9.99,paid,9.99,True
584,5,Basic,9.99,paid,9.99,True
585,5,Premium,29.99,failed,0.0,False
586,5,Plus,19.99,failed,0.0,True
587,5,Basic,9.99,paid,9.99,True
588,5,Basic,9.99,paid,9.99,True
589,5,Basic,9.99,paid,9.99,True
590,5,Basic,9.99,paid,9.99,True
591,5,Premium,29.99,paid,29.99,True
592,5,Basic,9.99,paid,9.99,True
593,5,Basic,9.99,failed,0.0,False
594,5,Plus,19.99,paid,19.99,True
595,5,Basic,9.99,failed,0.0,False
596,5,Basic,9.99,failed,0.0,False
597,5,Plus,19.99,paid,19.99,True
598,5,Plus,19.99,paid,19.99,True
599,5,Premium,29.99,failed,0.0,True
600,5,Plus,19.99,paid,19.99,True
601,5,Basic,9.99,paid,9.99,True
602,5,Plus,19.99,failed,0.0,False
603,5,Premium,29.99,paid,29.99,True
604,5,Plus,19.99,failed,0.0,False
605,5,Premium,29.99,failed,0.0,False
606,5,Plus,19.99,paid,19.99,True
607,5,Premium,29.99,paid,29.99,True
608,5,Basic,9.99,paid,9.99,True
609,5,Plus,19.99,paid,19.99,True
610,5,Basic,9.99,paid,9.99,True
611,5,Plus,19.99,failed,0.0,False
612,5,Plus,19.99,paid,19.99,True
613,5,Premium,29.99,paid,29.99,True
614,5,Premium,29.99,paid,29.99,True
615,5,Basic,9.99,paid,9.99,True
616,5,Plus,19.99,paid,19.99,True
617,5,Plus,19.99,failed,0.0,False
618,5,Basic,9.99,paid,9.99,True
619,5,Basic,9.99,paid,9.99,True
620,5,Basic,9.99,paid,9.99,True
621,5,Plus,19.99,failed,0.0,False
622,5,Basic,9.99,failed,0.0,False
623,5,Premium,29.99,paid,29.99,True
624,5,Basic,9.99,failed,0.0,False
625,5,Premium,29.99,paid,29.99,True
626,5,Basic,9.99,paid,9.99,True
627,5,Plus,19.99,paid,19.99,True
628,5,Basic,9.99,paid,9.99,True
629,5,Plus,19.99,paid,19.99,True
630,5,Plus,19.99,paid,19.99,True
631,5,Premium,29.99,paid,29.99,True
632,5,Plus,19.99,paid,19.99,True
633,5,Basic,9.99,paid,9.99,True
634,5,Basic,9.99,failed,0.0,False
635,5,Basic,9.99,paid,9.99,True
636,5,Basic,9.99,failed,0.0,False
637,5,Plus,19.99,failed,0.0,True
638,5,Plus,19.99,paid,19.99,True
639,5,Plus,19.99,paid,19.99,True
640,5,Premium,29.99,paid,29.99,True
641,5,Plus,19.99,paid,19.99,True
642,5,Plus,19.99,paid,19.99,True
643,5,Basic,9.99,paid,9.99,True
644,5,Basic,9.99,paid,9.99,True
645,5,Plus,19.99,paid,19.99,True
646,5,Premium,29.99,paid,29.99,True
647,5,Basic,9.99,paid,9.99,True
648,5,Basic,9.99,paid,9.99,True
649,5,Plus,19.99,paid,19.99,True
650,5,Basic,9.99,paid,9.99,True
651,5,Basic,9.99,failed,0.0,False
652,5,Premium,29.99,paid,29.99,True
653,5,Plus,19.99,paid,19.99,True
654,5,Basic,9.99,paid,9.99,True
655,5,Premium,29.99,paid,29.99,True
656,5,Basic,9.99,failed,0.0,False
657,5,Premium,29.99,paid,29.99,True
658,5,Basic,9.99,paid,9.99,True
659,5,Plus,19.99,paid,19.99,True
660,5,Basic,9.99,paid,9.99,True
661,5,Basic,9.99,paid,9.99,True
662,5,Premium,29.99,failed,0.0,False
663,5,Basic,9.99,paid,9.99,True
664,5,Basic,9.99,paid,9.99,True
665,5,Basic,9.99,paid,9.99,True
666,5,Plus,19.99,paid,19.99,True
667,5,Plus,19.99,failed,0.0,False
668,5,Premium,29.99,paid,29.99,True
669,5,Basic,9.99,paid,9.99,True
670,5,Basic,9.99,paid,9.99,True
671,5,Basic,9.99,paid,9.99,True
672,5,Plus,19.99,paid,19.99,True
673,5,Premium,29.99,paid,29.99,True
674,5,Plus,19.99,paid,19.99,True
675,5,Plus,19.99,failed,0.0,False
676,5,Basic,9.99,paid,9.99,True
677,5,Premium,29.99,paid,29.99,True
678,5,Basic,9.99,paid,9.99,True
679,5,Basic,9.99,paid,9.99,True
680,5,Basic,9.99,paid,9.99,True
681,5,Basic,9.99,paid,9.99,True
682,5,Basic,9.99,paid,9.99,True
683,5,Basic,9.99,paid,9.99,True
684,5,Basic,9.99,paid,9.99,True
685,5,Plus,19.99,failed,0.0,False
686,5,Basic,9.99,paid,9.99,True
687,5,Basic,9.99,failed,0.0,False
688,5,Premium,29.99,paid,29.99,True
689,5,Plus,19.99,paid,19.99,True
690,5,Basic,9.99,paid,9.99,True
691,5,Basic,9.99,paid,9.99,True
692,5,Premium,29.99,paid,29.99,True
693,5,Basic,9.99,paid,9.99,True
694,5,Basic,9.99,paid,9.99,True
695,5,Premium,29.99,paid,29.99,True
696,5,Basic,9.99,paid,9.99,True
697,5,Plus,19.99,paid,19.99,True
698,5,Plus,19.99,failed,0.0,False
699,5,Plus,19.99,paid,19.99,True
700,5,Basic,9.99,paid,9.99,True
701,5,Basic,9.99,paid,9.99,True
702,5,Basic,9.99,paid,9.99,True
703,5,Basic,9.99,failed,0.0,False
704,5,Premium,29.99,failed,0.0,False
705,5,Basic,9.99,paid,9.99,True
706,5,Plus,19.99,paid,19.99,True
707,5,Plus,19.99,paid,19.99,True
708,5,Plus,19.99,paid,19.99,True
709,5,Basic,9.99,failed,0.0,True
710,5,Basic,9.99,paid,9.99,True
711,5,Premium,29.99,paid,29.99,True
712,5,Plus,19.99,paid,19.99,True
713,5,Plus,19.99,paid,19.99,True
714,5,Premium,29.99,paid,29.99,True
715,5,Plus,19.99,failed,0.0,False
716,5,Basic,9.99,failed,0.0,False
717,5,Plus,19.99,paid,19.99,True
718,5,Basic,9.99,failed,0.0,False
719,5,Plus,19.99,failed,0.0,False
720,5,Premium,29.99,paid,29.99,True
721,5,Basic,9.99,paid,9.99,True
722,5,Basic,9.99,paid,9.99,True
723,5,Basic,9.99,paid,9.99,True
724,5,Premium,29.99,paid,29.99,True
725,5,Basic,9.99,failed,0.0,False
726,5,Basic,9.99,paid,9.99,True
727,5,Basic,9.99,paid,9.99,True
728,5,Basic,9.99,paid,9.99,True
729,5,Basic,9.99,failed,0.0,False
730,5,Basic,9.99,paid,9.99,True
731,5,Basic,9.99,failed,0.0,False
732,5,Basic,9.99,paid,9.99,True
733,5,Basic,9.99,paid,9.99,True
734,5,Basic,9.99,paid,9.99,True
735,5,Basic,9.99,paid,9.99,True
736,5,Plus,19.99,paid,19.99,True
737,5,Basic,9.99,paid,9.99,True
738,5,Basic,9.99,failed,0.0,False
739,5,Basic,9.99,paid,9.99,True
740,5,Basic,9.99,paid,9.99,True
741,5,Basic,9.99,paid,9.99,True
742,5,Basic,9.99,paid,9.99,True
743,5,Premium,29.99,paid,29.99,True
744,5,Basic,9.99,paid,9.99,True
745,5,Basic,9.99,paid,9.99,True
746,5,Basic,9.99,failed,0.0,False
747,5,Basic,9.99,paid,9.99,True
748,5,Basic,9.99,paid,9.99,True
749,5,Plus,19.99,paid,19.99,True
750,5,Plus,19.99,failed,0.0,False
751,5,Basic,9.99,failed,0.0,False
752,5,Basic,9.99,paid,9.99,True
753,5,Basic,9.99,failed,0.0,False
754,5,Basic,9.99,paid,9.99,True
755,5,Plus,19.99,paid,19.99,True
756,5,Basic,9.99,paid,9.99,True
757,5,Basic,9.99,paid,9.99,True
758,5,Premium,29.99,failed,0.0,True
759,5,Basic,9.99,paid,9.99,True
760,5,Basic,9.99,failed,0.0,False
761,5,Plus,19.99,paid,19.99,True
762,5,Basic,9.99,paid,9.99,True
763,5,Basic,9.99,paid,9.99,True
764,5,Basic,9.99,paid,9.99,True
765,5,Premium,29.99,paid,29.99,True
766,5,Basic,9.99,paid,9.99,True
767,5,Basic,9.99,failed,0.0,True
768,5,Basic,9.99,paid,9.99,True
769,5,Basic,9.99,failed,0.0,False
770,5,Plus,19.99,paid,19.99,True
771,5,Basic,9.99,paid,9.99,True
772,5,Plus,19.99,failed,0.0,False
773,5,Plus,19.99,failed,0.0,False
774,5,Plus,19.99,paid,19.99,True
775,5,Basic,9.99,paid,9.99,True
776,5,Premium,29.99,failed,0.0,False
777,5,Plus,19.99,paid,19.99,True
778,5,Basic,9.99,paid,9.99,True
779,5,Plus,19.99,paid,19.99,True
780,5,Premium,29.99,paid,29.99,True
781,5,Basic,9.99,paid,9.99,True
782,5,Premium,29.99,paid,29.99,True
783,5,Basic,9.99,paid,9.99,True
784,5,Plus,19.99,paid,19.99,True
785,5,Premium,29.99,paid,29.99,True
786,5,Basic,9.99,paid,9.99,True
787,5,Plus,19.99,paid,19.99,True
788,5,Basic,9.99,paid,9.99,True
789,5,Plus,19.99,failed,0.0,False
790,5,Plus,19.99,paid,19.99,True
791,5,Basic,9.99,paid,9.99,True
792,5,Basic,9.99,paid,9.99,True
793,5,Basic,9.99,paid,9.99,True
794,5,Basic,9.99,paid,9.99,True
795,5,Basic,9.99,paid,9.99,True
796,5,Basic,9.99,paid,9.99,True
797,5,Basic,9.99,paid,9.99,True
798,5,Basic,9.99,paid,9.99,True
799,5,Plus,19.99,paid,19.99,True
800,5,Plus,19.99,paid,19.99,True
801,5,Plus,19.99,paid,19.99,True
802,5,Basic,9.99,paid,9.99,True
803,5,Premium,29.99,paid,29.99,True
804,5,Plus,19.99,failed,0.0,False
805,5,Basic,9.99,paid,9.99,True
806,5,Basic,9.99,paid,9.99,True
807,5,Plus,19.99,failed,0.0,False
808,5,Basic,9.99,paid,9.99,True
809,5,Basic,9.99,paid,9.99,True
810,5,Premium,29.99,paid,29.99,True
811,5,Basic,9.99,paid,9.99,True
812,5,Basic,9.99,paid,9.99,True
813,5,Premium,29.99,paid,29.99,True
814,5,Plus,19.99,failed,0.0,False
815,5,Basic,9.99,failed,0.0,False
816,5,Premium,29.99,failed,0.0,False
817,5,Premium,29.99,failed,0.0,True
818,5,Basic,9.99,failed,0.0,False
819,5,Plus,19.99,paid,19.99,True
820,5,Basic,9.99,paid,9.99,True
821,5,Basic,9.99,paid,9.99,True
822,5,Plus,19.99,paid,19.99,True
823,5,Basic,9.99,paid,9.99,True
824,5,Plus,19.99,paid,19.99,True
825,5,Plus,19.99,paid,19.99,True
826,5,Basic,9.99,paid,9.99,True
827,5,Plus,19.99,paid,19.99,True
828,5,Basic,9.99,paid,9.99,True
829,5,Premium,29.99,paid,29.99,True
830,5,Basic,9.99,paid,9.99,True
831,5,Plus,19.99,paid,19.99,True
832,5,Plus,19.99,paid,19.99,True
833,5,Basic,9.99,paid,9.99,True
834,5,Plus,19.99,paid,19.99,True
835,5,Plus,19.99,failed,0.0,False
836,5,Plus,19.99,paid,19.99,True
837,5,Plus,19.99,paid,19.99,True
838,5,Premium,29.99,paid,29.99,True
839,5,Basic,9.99,paid,9.99,True
840,5,Basic,9.99,paid,9.99,True
841,5,Basic,9.99,paid,9.99,True
842,5,Plus,19.99,paid,19.99,True
843,5,Basic,9.99,paid,9.99,True
844,5,Basic,9.99,paid,9.99,True
845,5,Basic,9.99,paid,9.99,True
846,5,Premium,29.99,failed,0.0,False
847,5,Basic,9.99,paid,9.99,True
848,5,Plus,19.99,paid,19.99,True
849,5,Basic,9.99,failed,0.0,False
850,5,Premium,29.99,paid,29.99,True
851,5,Basic,9.99,paid,9.99,True
852,5,Basic,9.99,paid,9.99,True
853,5,Premium,29.99,paid,29.99,True
854,5,Premium,29.99,paid,29.99,True
855,5,Basic,9.99,failed,0.0,False
856,5,Basic,9.99,failed,0.0,False
857,5,Plus,19.99,paid,19.99,True
858,5,Premium,29.99,paid,29.99,True
859,5,Basic,9.99,failed,0.0,False
860,5,Basic,9.99,paid,9.99,True
861,5,Plus,19.99,paid,19.99,True
862,5,Plus,19.99,paid,19.99,True
863,5,Plus,19.99,paid,19.99,True
864,5,Plus,19.99,failed,0.0,False
865,5,Basic,9.99,failed,0.0,False
866,5,Premium,29.99,paid,29.99,True
867,5,Premium,29.99,paid,29.99,True
868,5,Plus,19.99,paid,19.99,True
869,5,Basic,9.99,paid,9.99,True
870,5,Basic,9.99,failed,0.0,False
871,5,Plus,19.99,paid,19.99,True
872,5,Basic,9.99,failed,0.0,False
873,5,Premium,29.99,failed,0.0,False
874,5,Basic,9.99,failed,0.0,False
875,5,Plus,19.99,paid,19.99,True
876,5,Premium,29.99,paid,29.99,True
877,5,Basic,9.99,paid,9.99,True
878,5,Basic,9.99,paid,9.99,True
879,5,Plus,19.99,failed,0.0,False
880,5,Plus,19.99,failed,0.0,False
881,5,Basic,9.99,failed,0.0,False
882,5,Plus,19.99,paid,19.99,True
883,5,Premium,29.99,paid,29.99,True
884,5,Basic,9.99,paid,9.99,True
885,5,Basic,9.99,paid,9.99,True
886,5,Basic,9.99,paid,9.99,True
887,5,Basic,9.99,failed,0.0,False
888,5,Basic,9.99,paid,9.99,True
889,5,Basic,9.99,failed,0.0,False
890,5,Plus,19.99,paid,19.99,True
891,5,Basic,9.99,paid,9.99,True
892,5,Premium,29.99,paid,29.99,True
893,5,Basic,9.99,paid,9.99,True
894,5,Basic,9.99,paid,9.99,True
895,5,Plus,19.99,paid,19.99,True
896,5,Premium,29.99,paid,29.99,True
897,5,Basic,9.99,paid,9.99,True
898,5,Basic,9.99,failed,0.0,False
899,5,Basic,9.99,paid,9.99,True
900,5,Basic,9.99,paid,9.99,True
901,5,Basic,9.99,paid,9.99,True
902,5,Basic,9.99,failed,0.0,False
903,5,Basic,9.99,paid,9.99,True
904,5,Basic,9.99,paid,9.99,True
905,5,Premium,29.99,failed,0.0,False
906,5,Plus,19.99,paid,19.99,True
907,5,Basic,9.99,paid,9.99,True
908,5,Basic,9.99,paid,9.99,True
909,5,Basic,9.99,paid,9.99,True
910,5,Basic,9.99,failed,0.0,True
911,5,Plus,19.99,paid,19.99,True
912,5,Premium,29.99,failed,0.0,False
913,5,Premium,29.99,paid,29.99,True
914,5,Premium,29.99,paid,29.99,True
915,5,Premium,29.99,failed,0.0,False
916,5,Premium,29.99,paid,29.99,True
917,5,Basic,9.99,paid,9.99,True
918,5,Basic,9.99,paid,9.99,True
919,5,Basic,9.99,failed,0.0,False
920,5,Plus,19.99,paid,19.99,True
921,5,Basic,9.99,paid,9.99,True
922,5,Plus,19.99,failed,0.0,False
923,5,Plus,19.99,paid,19.99,True
924,5,Basic,9.99,paid,9.99,True
925,5,Basic,9.99,failed,0.0,True
926,5,Basic,9.99,paid,9.99,True
927,5,Basic,9.99,paid,9.99,True
928,5,Premium,29.99,paid,29.99,True
929,5,Plus,19.99,paid,19.99,True
930,5,Plus,19.99,paid,19.99,True
931,5,Basic,9.99,paid,9.99,True
932,5,Basic,9.99,paid,9.99,True
933,5,Basic,9.99,paid,9.99,True
934,5,Plus,19.99,paid,19.99,True
935,5,Plus,19.99,paid,19.99,True
936,5,Basic,9.99,paid,9.99,True
937,5,Premium,29.99,paid,29.99,True
938,5,Basic,9.99,paid,9.99,True
939,5,Premium,29.99,paid,29.99,True
940,5,Basic,9.99,failed,0.0,False
941,5,Basic,9.99,paid,9.99,True
942,5,Plus,19.99,paid,19.99,True
943,5,Basic,9.99,paid,9.99,True
944,5,Basic,9.99,paid,9.99,True
945,5,Basic,9.99,paid,9.99,True
946,5,Basic,9.99,paid,9.99,True
947,5,Plus,19.99,paid,19.99,True
948,5,Premium,29.99,paid,29.99,True
949,5,Premium,29.99,paid,29.99,True
950,5,Basic,9.99,paid,9.99,True
951,5,Basic,9.99,paid,9.99,True
952,5,Basic,9.99,failed,0.0,False
953,5,Basic,9.99,paid,9.99,True
954,5,Basic,9.99,paid,9.99,True
955,5,Premium,29.99,failed,0.0,False
956,5,Premium,29.99,paid,29.99,True
957,5,Plus,19.99,paid,19.99,True
958,5,Basic,9.99,failed,0.0,False
959,5,Basic,9.99,paid,9.99,True
960,5,Basic,9.99,paid,9.99,True
961,5,Basic,9.99,failed,0.0,False
962,5,Basic,9.99,paid,9.99,True
963,5,Basic,9.99,paid,9.99,True
964,5,Basic,9.99,paid,9.99,True
965,5,Premium,29.99,failed,0.0,False
966,5,Basic,9.99,failed,0.0,False
967,5,Premium,29.99,paid,29.99,True
968,5,Basic,9.99,paid,9.99,True
969,5,Plus,19.99,paid,19.99,True
970,5,Basic,9.99,paid,9.99,True
971,5,Basic,9.99,paid,9.99,True
972,5,Basic,9.99,paid,9.99,True
973,5,Basic,9.99,paid,9.99,True
974,5,Premium,29.99,paid,29.99,True
975,5,Basic,9.99,paid,9.99,True
976,5,Plus,19.99,paid,19.99,True
977,5,Basic,9.99,paid,9.99,True
978,5,Basic,9.99,paid,9.99,True
979,5,Basic,9.99,paid,9.99,True
980,5,Basic,9.99,failed,0.0,False
981,5,Premium,29.99,failed,0.0,False
982,5,Plus,19.99,paid,19.99,True
983,5,Plus,19.99,paid,19.99,True
984,5,Basic,9.99,paid,9.99,True
985,5,Basic,9.99,paid,9.99,True
986,5,Premium,29.99,paid,29.99,True
987,5,Basic,9.99,failed,0.0,False
988,5,Basic,9.99,failed,0.0,False
989,5,Basic,9.99,paid,9.99,True
990,5,Plus,19.99,failed,0.0,False
991,5,Plus,19.99,paid,19.99,True
992,5,Plus,19.99,failed,0.0,False
993,5,Plus,19.99,paid,19.99,True
994,5,Basic,9.99,paid,9.99,True
995,5,Premium,29.99,paid,29.99,True
996,5,Basic,9.99,failed,0.0,False
997,5,Plus,19.99,paid,19.99,True
998,5,Basic,9.99,paid,9.99,True
999,5,Premium,29.99,paid,29.99,True
1000,5,Basic,9.99,paid,9.99,True
1,6,Plus,19.99,paid,19.99,True
2,6,Basic,9.99,paid,9.99,True
3,6,Premium,29.99,paid,29.99,True
4,6,Plus,19.99,paid,19.99,True
5,6,Basic,9.99,paid,9.99,True
6,6,Premium,29.99,paid,29.99,True
7,6,Plus,19.99,paid,19.99,True
8,6,Plus,19.99,paid,19.99,True
9,6,Basic,9.99,paid,9.99,True
10,6,Basic,9.99,paid,9.99,True
11,6,Basic,9.99,paid,9.99,True
12,6,Premium,29.99,paid,29.99,True
13,6,Plus,19.99,paid,19.99,True
14,6,Plus,19.99,failed,0.0,False
15,6,Basic,9.99,paid,9.99,True
16,6,Basic,9.99,paid,9.99,True
17,6,Plus,19.99,paid,19.99,True
18,6,Basic,9.99,failed,0.0,False
19,6,Plus,19.99,paid,19.99,True
20,6,Plus,19.99,paid,19.99,True
21,6,Plus,19.99,paid,19.99,True
22,6,Basic,9.99,failed,0.0,False
23,6,Premium,29.99,failed,0.0,False
24,6,Premium,29.99,paid,29.99,True
25,6,Plus,19.99,paid,19.99,True
26,6,Basic,9.99,paid,9.99,True
27,6,Basic,9.99,paid,9.99,True
28,6,Basic,9.99,paid,9.99,True
29,6,Basic,9.99,failed,0.0,False
30,6,Plus,19.99,failed,0.0,False
31,6,Plus,19.99,failed,0.0,False
32,6,Premium,29.99,paid,29.99,True
33,6,Basic,9.99,paid,9.99,True
34,6,Basic,9.99,paid,9.99,True
35,6,Basic,9.99,paid,9.99,True
36,6,Basic,9.99,paid,9.99,True
37,6,Basic,9.99,paid,9.99,True
38,6,Basic,9.99,failed,0.0,False
39,6,Basic,9.99,failed,0.0,False
40,6,Plus,19.99,paid,19.99,True
41,6,Basic,9.99,failed,0.0,False
42,6,Plus,19.99,paid,19.99,True
43,6,Plus,19.99,failed,0.0,False
44,6,Basic,9.99,paid,9.99,True
45,6,Plus,19.99,paid,19.99,True
46,6,Plus,19.99,paid,19.99,True
47,6,Basic,9.99,paid,9.99,True
48,6,Basic,9.99,failed,0.0,False
49,6,Plus,19.99,paid,19.99,True
50,6,Basic,9.99,failed,0.0,False
51,6,Basic,9.99,paid,9.99,True
52,6,Basic,9.99,failed,0.0,False
53,6,Plus,19.99,paid,19.99,True
54,6,Plus,19.99,paid,19.99,True
55,6,Plus,19.99,paid,19.99,True
56,6,Plus,19.99,paid,19.99,True
57,6,Basic,9.99,failed,0.0,False
58,6,Plus,19.99,failed,0.0,False
59,6,Basic,9.99,paid,9.99,True
60,6,Basic,9.99,paid,9.99,True
61,6,Plus,19.99,paid,19.99,True
62,6,Basic,9.99,paid,9.99,True
63,6,Plus,19.99,paid,19.99,True
64,6,Plus,19.99,paid,19.99,True
65,6,Plus,19.99,paid,19.99,True
66,6,Plus,19.99,paid,19.99,True
67,6,Plus,19.99,paid,19.99,True
68,6,Basic,9.99,paid,9.99,True
69,6,Basic,9.99,paid,9.99,True
70,6,Basic,9.99,paid,9.99,True
71,6,Basic,9.99,paid,9.99,True
72,6,Basic,9.99,paid,9.99,True
73,6,Premium,29.99,failed,0.0,False
74,6,Basic,9.99,paid,9.99,True
75,6,Basic,9.99,paid,9.99,True
76,6,Basic,9.99,paid,9.99,True
77,6,Basic,9.99,paid,9.99,True
78,6,Plus,19.99,paid,19.99,True
79,6,Plus,19.99,paid,19.99,True
80,6,Plus,19.99,failed,0.0,False
81,6,Plus,19.99,failed,0.0,False
82,6,Basic,9.99,failed,0.0,False
83,6,Plus,19.99,failed,0.0,False
84,6,Basic,9.99,failed,0.0,False
85,6,Basic,9.99,paid,9.99,True
86,6,Basic,9.99,paid,9.99,True
87,6,Plus,19.99,paid,19.99,True
88,6,Basic,9.99,paid,9.99,True
89,6,Basic,9.99,failed,0.0,False
90,6,Basic,9.99,paid,9.99,True
91,6,Basic,9.99,paid,9.99,True
92,6,Plus,19.99,paid,19.99,True
93,6,Basic,9.99,paid,9.99,True
94,6,Basic,9.99,paid,9.99,True
95,6,Basic,9.99,paid,9.99,True
96,6,Plus,19.99,paid,19.99,True
97,6,Basic,9.99,failed,0.0,False
98,6,Basic,9.99,paid,9.99,True
99,6,Basic,9.99,paid,9.99,True
100,6,Premium,29.99,failed,0.0,False
101,6,Premium,29.99,paid,29.99,True
102,6,Plus,19.99,failed,0.0,False
103,6,Basic,9.99,paid,9.99,True
104,6,Premium,29.99,paid,29.99,True
105,6,Plus,19.99,paid,19.99,True
106,6,Plus,19.99,paid,19.99,True
107,6,Basic,9.99,paid,9.99,True
108,6,Basic,9.99,paid,9.99,True
109,6,Basic,9.99,paid,9.99,True
110,6,Premium,29.99,paid,29.99,True
111,6,Basic,9.99,paid,9.99,True
112,6,Basic,9.99,paid,9.99,True
113,6,Basic,9.99,paid,9.99,True
114,6,Plus,19.99,paid,19.99,True
115,6,Basic,9.99,failed,0.0,False
116,6,Premium,29.99,paid,29.99,True
117,6,Plus,19.99,paid,19.99,True
118,6,Plus,19.99,failed,0.0,False
119,6,Basic,9.99,paid,9.99,True
120,6,Plus,19.99,paid,19.99,True
121,6,Plus,19.99,paid,19.99,True
122,6,Plus,19.99,failed,0.0,False
123,6,Basic,9.99,paid,9.99,True
124,6,Basic,9.99,failed,0.0,False
125,6,Basic,9.99,paid,9.99,True
126,6,Basic,9.99,paid,9.99,True
127,6,Basic,9.99,paid,9.99,True
128,6,Basic,9.99,paid,9.99,True
129,6,Basic,9.99,paid,9.99,True
130,6,Plus,19.99,failed,0.0,False
131,6,Basic,9.99,paid,9.99,True
132,6,Premium,29.99,paid,29.99,True
133,6,Plus,19.99,paid,19.99,True
134,6,Basic,9.99,failed,0.0,False
135,6,Plus,19.99,paid,19.99,True
136,6,Basic,9.99,paid,9.99,True
137,6,Premium,29.99,paid,29.99,True
138,6,Basic,9.99,paid,9.99,True
139,6,Plus,19.99,failed,0.0,False
140,6,Basic,9.99,paid,9.99,True
141,6,Basic,9.99,failed,0.0,False
142,6,Basic,9.99,paid,9.99,True
143,6,Premium,29.99,failed,0.0,False
144,6,Plus,19.99,failed,0.0,False
145,6,Basic,9.99,paid,9.99,True
146,6,Basic,9.99,paid,9.99,True
147,6,Basic,9.99,paid,9.99,True
148,6,Basic,9.99,failed,0.0,False
149,6,Basic,9.99,paid,9.99,True
150,6,Basic,9.99,paid,9.99,True
151,6,Plus,19.99,paid,19.99,True
152,6,Premium,29.99,failed,0.0,False
153,6,Basic,9.99,paid,9.99,True
154,6,Plus,19.99,failed,0.0,False
155,6,Basic,9.99,paid,9.99,True
156,6,Plus,19.99,paid,19.99,True
157,6,Basic,9.99,failed,0.0,False
158,6,Plus,19.99,paid,19.99,True
159,6,Plus,19.99,paid,19.99,True
160,6,Plus,19.99,failed,0.0,False
161,6,Basic,9.99,paid,9.99,True
162,6,Premium,29.99,failed,0.0,False
163,6,Basic,9.99,paid,9.99,True
164,6,Basic,9.99,paid,9.99,True
165,6,Plus,19.99,paid,19.99,True
166,6,Basic,9.99,paid,9.99,True
167,6,Plus,19.99,failed,0.0,False
168,6,Plus,19.99,paid,19.99,True
169,6,Basic,9.99,paid,9.99,True
170,6,Premium,29.99,failed,0.0,False
171,6,Basic,9.99,paid,9.99,True
172,6,Basic,9.99,paid,9.99,True
173,6,Basic,9.99,paid,9.99,True
174,6,Premium,29.99,paid,29.99,True
175,6,Basic,9.99,paid,9.99,True
176,6,Basic,9.99,paid,9.99,True
177,6,Basic,9.99,paid,9.99,True
178,6,Premium,29.99,paid,29.99,True
179,6,Premium,29.99,failed,0.0,False
180,6,Plus,19.99,paid,19.99,True
181,6,Premium,29.99,failed,0.0,False
182,6,Premium,29.99,paid,29.99,True
183,6,Basic,9.99,failed,0.0,False
184,6,Basic,9.99,failed,0.0,False
185,6,Plus,19.99,paid,19.99,True
186,6,Plus,19.99,failed,0.0,False
187,6,Basic,9.99,paid,9.99,True
188,6,Basic,9.99,paid,9.99,True
189,6,Plus,19.99,paid,19.99,True
190,6,Basic,9.99,failed,0.0,False
191,6,Premium,29.99,paid,29.99,True
192,6,Basic,9.99,paid,9.99,True
193,6,Basic,9.99,paid,9.99,True
194,6,Plus,19.99,paid,19.99,True
195,6,Basic,9.99,paid,9.99,True
196,6,Basic,9.99,paid,9.99,True
197,6,Plus,19.99,paid,19.99,True
198,6,Premium,29.99,paid,29.99,True
199,6,Basic,9.99,failed,0.0,False
200,6,Basic,9.99,failed,0.0,False
201,6,Plus,19.99,failed,0.0,False
202,6,Premium,29.99,paid,29.99,True
203,6,Basic,9.99,failed,0.0,False
204,6,Basic,9.99,paid,9.99,True
205,6,Basic,9.99,paid,9.99,True
206,6,Basic,9.99,paid,9.99,True
207,6,Basic,9.99,paid,9.99,True
208,6,Plus,19.99,paid,19.99,True
209,6,Basic,9.99,paid,9.99,True
210,6,Basic,9.99,failed,0.0,False
211,6,Plus,19.99,paid,19.99,True
212,6,Plus,19.99,paid,19.99,True
213,6,Basic,9.99,paid,9.99,True
214,6,Plus,19.99,paid,19.99,True
215,6,Plus,19.99,paid,19.99,True
216,6,Plus,19.99,paid,19.99,True
217,6,Basic,9.99,paid,9.99,True
218,6,Basic,9.99,paid,9.99,True
219,6,Premium,29.99,paid,29.99,True
220,6,Basic,9.99,failed,0.0,False
221,6,Basic,9.99,paid,9.99,True
222,6,Basic,9.99,paid,9.99,True
223,6,Plus,19.99,paid,19.99,True
224,6,Premium,29.99,paid,29.99,True
225,6,Basic,9.99,paid,9.99,True
226,6,Premium,29.99,failed,0.0,False
227,6,Basic,9.99,paid,9.99,True
228,6,Plus,19.99,failed,0.0,False
229,6,Plus,19.99,failed,0.0,False
230,6,Basic,9.99,paid,9.99,True
231,6,Basic,9.99,paid,9.99,True
232,6,Basic,9.99,paid,9.99,True
233,6,Premium,29.99,paid,29.99,True
234,6,Plus,19.99,paid,19.99,True
235,6,Premium,29.99,paid,29.99,True
236,6,Plus,19.99,paid,19.99,True
237,6,Basic,9.99,paid,9.99,True
238,6,Plus,19.99,paid,19.99,True
239,6,Basic,9.99,paid,9.99,True
240,6,Basic,9.99,paid,9.99,True
241,6,Plus,19.99,paid,19.99,True
242,6,Plus,19.99,failed,0.0,False
243,6,Basic,9.99,paid,9.99,True
244,6,Basic,9.99,paid,9.99,True
245,6,Plus,19.99,failed,0.0,True
246,6,Premium,29.99,failed,0.0,False
247,6,Plus,19.99,paid,19.99,True
248,6,Basic,9.99,failed,0.0,False
249,6,Basic,9.99,failed,0.0,False
250,6,Basic,9.99,paid,9.99,True
251,6,Plus,19.99,paid,19.99,True
252,6,Premium,29.99,paid,29.99,True
253,6,Basic,9.99,paid,9.99,True
254,6,Basic,9.99,paid,9.99,True
255,6,Basic,9.99,paid,9.99,True
256,6,Plus,19.99,failed,0.0,False
257,6,Plus,19.99,paid,19.99,True
258,6,Basic,9.99,paid,9.99,True
259,6,Basic,9.99,failed,0.0,False
260,6,Plus,19.99,failed,0.0,False
261,6,Basic,9.99,paid,9.99,True
262,6,Plus,19.99,paid,19.99,True
263,6,Basic,9.99,failed,0.0,False
264,6,Basic,9.99,paid,9.99,True
265,6,Premium,29.99,failed,0.0,False
266,6,Basic,9.99,paid,9.99,True
267,6,Basic,9.99,failed,0.0,False
268,6,Basic,9.99,paid,9.99,True
269,6,Basic,9.99,paid,9.99,True
270,6,Basic,9.99,paid,9.99,True
271,6,Basic,9.99,paid,9.99,True
272,6,Basic,9.99,paid,9.99,True
273,6,Basic,9.99,paid,9.99,True
274,6,Plus,19.99,failed,0.0,False
275,6,Plus,19.99,failed,0.0,False
276,6,Basic,9.99,failed,0.0,False
277,6,Basic,9.99,paid,9.99,True
278,6,Basic,9.99,paid,9.99,True
279,6,Premium,29.99,paid,29.99,True
280,6,Premium,29.99,failed,0.0,False
281,6,Basic,9.99,paid,9.99,True
282,6,Basic,9.99,failed,0.0,True
283,6,Basic,9.99,failed,0.0,False
284,6,Basic,9.99,failed,0.0,False
285,6,Plus,19.99,paid,19.99,True
286,6,Basic,9.99,failed,0.0,False
287,6,Basic,9.99,failed,0.0,False
288,6,Basic,9.99,paid,9.99,True
289,6,Basic,9.99,paid,9.99,True
290,6,Basic,9.99,paid,9.99,True
291,6,Plus,19.99,failed,0.0,False
292,6,Basic,9.99,failed,0.0,False
293,6,Premium,29.99,paid,29.99,True
294,6,Basic,9.99,paid,9.99,True
295,6,Plus,19.99,paid,19.99,True
296,6,Premium,29.99,failed,0.0,False
297,6,Premium,29.99,paid,29.99,True
298,6,Plus,19.99,paid,19.99,True
299,6,Plus,19.99,failed,0.0,False
300,6,Plus,19.99,failed,0.0,False
301,6,Plus,19.99,paid,19.99,True
302,6,Basic,9.99,failed,0.0,False
303,6,Basic,9.99,paid,9.99,True
304,6,Basic,9.99,paid,9.99,True
305,6,Premium,29.99,paid,29.99,True
306,6,Basic,9.99,paid,9.99,True
307,6,Basic,9.99,failed,0.0,False
308,6,Plus,19.99,paid,19.99,True
309,6,Basic,9.99,failed,0.0,False
310,6,Basic,9.99,paid,9.99,True
311,6,Basic,9.99,paid,9.99,True
312,6,Basic,9.99,paid,9.99,True
313,6,Basic,9.99,paid,9.99,True
314,6,Basic,9.99,paid,9.99,True
315,6,Basic,9.99,paid,9.99,True
316,6,Basic,9.99,failed,0.0,False
317,6,Basic,9.99,paid,9.99,True
318,6,Plus,19.99,paid,19.99,True
319,6,Basic,9.99,failed,0.0,False
320,6,Premium,29.99,paid,29.99,True
321,6,Premium,29.99,failed,0.0,False
322,6,Basic,9.99,paid,9.99,True
323,6,Basic,9.99,failed,0.0,False
324,6,Basic,9.99,failed,0.0,False
325,6,Plus,19.99,paid,19.99,True
326,6,Plus,19.99,paid,19.99,True
327,6,Plus,19.99,paid,19.99,True
328,6,Basic,9.99,paid,9.99,True
329,6,Plus,19.99,failed,0.0,False
330,6,Basic,9.99,paid,9.99,True
331,6,Plus,19.99,failed,0.0,False
332,6,Basic,9.99,paid,9.99,True
333,6,Plus,19.99,failed,0.0,False
334,6,Premium,29.99,paid,29.99,True
335,6,Basic,9.99,paid,9.99,True
336,6,Plus,19.99,paid,19.99,True
337,6,Basic,9.99,failed,0.0,False
338,6,Plus,19.99,paid,19.99,True
339,6,Basic,9.99,failed,0.0,False
340,6,Premium,29.99,paid,29.99,True
341,6,Basic,9.99,paid,9.99,True
342,6,Premium,29.99,paid,29.99,True
343,6,Plus,19.99,paid,19.99,True
344,6,Plus,19.99,paid,19.99,True
345,6,Plus,19.99,paid,19.99,True
346,6,Plus,19.99,paid,19.99,True
347,6,Premium,29.99,paid,29.99,True
348,6,Basic,9.99,failed,0.0,False
349,6,Plus,19.99,failed,0.0,False
350,6,Basic,9.99,failed,0.0,False
351,6,Plus,19.99,paid,19.99,True
352,6,Basic,9.99,paid,9.99,True
353,6,Plus,19.99,paid,19.99,True
354,6,Plus,19.99,paid,19.99,True
355,6,Basic,9.99,failed,0.0,False
356,6,Basic,9.99,paid,9.99,True
357,6,Plus,19.99,paid,19.99,True
358,6,Plus,19.99,failed,0.0,False
359,6,Basic,9.99,failed,0.0,False
360,6,Plus,19.99,paid,19.99,True
361,6,Premium,29.99,paid,29.99,True
362,6,Basic,9.99,paid,9.99,True
363,6,Basic,9.99,paid,9.99,True
364,6,Basic,9.99,paid,9.99,True
365,6,Plus,19.99,paid,19.99,True
366,6,Basic,9.99,paid,9.99,True
367,6,Plus,19.99,failed,0.0,False
368,6,Plus,19.99,paid,19.99,True
369,6,Basic,9.99,paid,9.99,True
370,6,Premium,29.99,paid,29.99,True
371,6,Plus,19.99,failed,0.0,False
372,6,Basic,9.99,paid,9.99,True
373,6,Basic,9.99,paid,9.99,True
374,6,Basic,9.99,paid,9.99,True
375,6,Basic,9.99,paid,9.99,True
376,6,Basic,9.99,paid,9.99,True
377,6,Premium,29.99,paid,29.99,True
378,6,Basic,9.99,failed,0.0,False
379,6,Basic,9.99,paid,9.99,True
380,6,Plus,19.99,failed,0.0,False
381,6,Plus,19.99,failed,0.0,False
382,6,Premium,29.99,paid,29.99,True
383,6,Plus,19.99,paid,19.99,True
384,6,Basic,9.99,failed,0.0,False
385,6,Basic,9.99,paid,9.99,True
386,6,Premium,29.99,paid,29.99,True
387,6,Plus,19.99,paid,19.99,True
388,6,Premium,29.99,paid,29.99,True
389,6,Basic,9.99,paid,9.99,True
390,6,Premium,29.99,failed,0.0,False
391,6,Plus,19.99,failed,0.0,False
392,6,Basic,9.99,paid,9.99,True
393,6,Plus,19.99,paid,19.99,True
394,6,Plus,19.99,failed,0.0,False
395,6,Basic,9.99,paid,9.99,True
396,6,Basic,9.99,paid,9.99,True
397,6,Plus,19.99,failed,0.0,False
398,6,Basic,9.99,failed,0.0,False
399,6,Basic,9.99,paid,9.99,True
400,6,Basic,9.99,paid,9.99,True
401,6,Basic,9.99,paid,9.99,True
402,6,Premium,29.99,failed,0.0,False
403,6,Plus,19.99,failed,0.0,False
404,6,Basic,9.99,paid,9.99,True
405,6,Premium,29.99,paid,29.99,True
406,6,Premium,29.99,paid,29.99,True
407,6,Basic,9.99,paid,9.99,True
408,6,Plus,19.99,paid,19.99,True
409,6,Basic,9.99,paid,9.99,True
410,6,Premium,29.99,failed,0.0,False
411,6,Plus,19.99,paid,19.99,True
412,6,Plus,19.99,failed,0.0,False
413,6,Basic,9.99,paid,9.99,True
414,6,Premium,29.99,paid,29.99,True
415,6,Basic,9.99,paid,9.99,True
416,6,Basic,9.99,paid,9.99,True
417,6,Basic,9.99,failed,0.0,False
418,6,Plus,19.99,paid,19.99,True
419,6,Basic,9.99,paid,9.99,True
420,6,Premium,29.99,paid,29.99,True
421,6,Plus,19.99,paid,19.99,True
422,6,Basic,9.99,paid,9.99,True
423,6,Basic,9.99,failed,0.0,False
424,6,Basic,9.99,paid,9.99,True
425,6,Plus,19.99,paid,19.99,True
426,6,Plus,19.99,paid,19.99,True
427,6,Basic,9.99,paid,9.99,True
428,6,Plus,19.99,paid,19.99,True
429,6,Basic,9.99,paid,9.99,True
430,6,Plus,19.99,paid,19.99,True
431,6,Premium,29.99,failed,0.0,False
432,6,Plus,19.99,failed,0.0,False
433,6,Plus,19.99,paid,19.99,True
434,6,Plus,19.99,paid,19.99,True
435,6,Basic,9.99,paid,9.99,True
436,6,Basic,9.99,paid,9.99,True
437,6,Basic,9.99,paid,9.99,True
438,6,Basic,9.99,paid,9.99,True
439,6,Plus,19.99,paid,19.99,True
440,6,Plus,19.99,paid,19.99,True
441,6,Premium,29.99,paid,29.99,True
442,6,Basic,9.99,paid,9.99,True
443,6,Plus,19.99,paid,19.99,True
444,6,Basic,9.99,paid,9.99,True
445,6,Basic,9.99,paid,9.99,True
446,6,Plus,19.99,failed,0.0,False
447,6,Premium,29.99,paid,29.99,True
448,6,Plus,19.99,failed,0.0,False
449,6,Basic,9.99,paid,9.99,True
450,6,Plus,19.99,paid,19.99,True
451,6,Basic,9.99,paid,9.99,True
452,6,Premium,29.99,paid,29.99,True
453,6,Plus,19.99,paid,19.99,True
454,6,Basic,9.99,paid,9.99,True
455,6,Basic,9.99,paid,9.99,True
456,6,Basic,9.99,failed,0.0,False
457,6,Premium,29.99,paid,29.99,True
458,6,Basic,9.99,paid,9.99,True
459,6,Plus,19.99,paid,19.99,True
460,6,Plus,19.99,paid,19.99,True
461,6,Plus,19.99,failed,0.0,False
462,6,Basic,9.99,failed,0.0,False
463,6,Premium,29.99,paid,29.99,True
464,6,Basic,9.99,paid,9.99,True
465,6,Plus,19.99,paid,19.99,True
466,6,Plus,19.99,paid,19.99,True
467,6,Plus,19.99,paid,19.99,True
468,6,Premium,29.99,paid,29.99,True
469,6,Basic,9.99,paid,9.99,True
470,6,Basic,9.99,failed,0.0,False
471,6,Basic,9.99,paid,9.99,True
472,6,Basic,9.99,paid,9.99,True
473,6,Basic,9.99,failed,0.0,False
474,6,Basic,9.99,paid,9.99,True
475,6,Basic,9.99,paid,9.99,True
476,6,Basic,9.99,paid,9.99,True
477,6,Basic,9.99,paid,9.99,True
478,6,Plus,19.99,paid,19.99,True
479,6,Plus,19.99,failed,0.0,False
480,6,Basic,9.99,paid,9.99,True
481,6,Basic,9.99,paid,9.99,True
482,6,Basic,9.99,paid,9.99,True
483,6,Plus,19.99,paid,19.99,True
484,6,Basic,9.99,failed,0.0,False
485,6,Basic,9.99,paid,9.99,True
486,6,Basic,9.99,paid,9.99,True
487,6,Basic,9.99,paid,9.99,True
488,6,Basic,9.99,failed,0.0,False
489,6,Plus,19.99,paid,19.99,True
490,6,Plus,19.99,paid,19.99,True
491,6,Plus,19.99,paid,19.99,True
492,6,Plus,19.99,paid,19.99,True
493,6,Plus,19.99,failed,0.0,False
494,6,Basic,9.99,paid,9.99,True
495,6,Plus,19.99,paid,19.99,True
496,6,Basic,9.99,failed,0.0,True
497,6,Basic,9.99,paid,9.99,True
498,6,Plus,19.99,paid,19.99,True
499,6,Basic,9.99,paid,9.99,True
500,6,Basic,9.99,failed,0.0,False
501,6,Plus,19.99,failed,0.0,False
502,6,Premium,29.99,failed,0.0,False
503,6,Premium,29.99,paid,29.99,True
504,6,Basic,9.99,paid,9.99,True
505,6,Basic,9.99,paid,9.99,True
506,6,Plus,19.99,paid,19.99,True
507,6,Basic,9.99,failed,0.0,False
508,6,Plus,19.99,paid,19.99,True
509,6,Basic,9.99,failed,0.0,True
510,6,Basic,9.99,paid,9.99,True
511,6,Basic,9.99,paid,9.99,True
512,6,Plus,19.99,paid,19.99,True
513,6,Basic,9.99,failed,0.0,False
514,6,Basic,9.99,paid,9.99,True
515,6,Basic,9.99,paid,9.99,True
516,6,Basic,9.99,paid,9.99,True
517,6,Basic,9.99,failed,0.0,False
518,6,Plus,19.99,failed,0.0,False
519,6,Basic,9.99,paid,9.99,True
520,6,Plus,19.99,paid,19.99,True
521,6,Premium,29.99,paid,29.99,True
522,6,Basic,9.99,failed,0.0,False
523,6,Basic,9.99,failed,0.0,False
524,6,Plus,19.99,paid,19.99,True
525,6,Basic,9.99,paid,9.99,True
526,6,Basic,9.99,failed,0.0,True
527,6,Premium,29.99,paid,29.99,True
528,6,Premium,29.99,paid,29.99,True
529,6,Plus,19.99,paid,19.99,True
530,6,Basic,9.99,failed,0.0,False
531,6,Plus,19.99,failed,0.0,False
532,6,Plus,19.99,paid,19.99,True
533,6,Basic,9.99,paid,9.99,True
534,6,Plus,19.99,failed,0.0,False
535,6,Basic,9.99,paid,9.99,True
536,6,Basic,9.99,paid,9.99,True
537,6,Basic,9.99,paid,9.99,True
538,6,Basic,9.99,paid,9.99,True
539,6,Basic,9.99,failed,0.0,False
540,6,Plus,19.99,paid,19.99,True
541,6,Premium,29.99,paid,29.99,True
542,6,Plus,19.99,paid,19.99,True
543,6,Plus,19.99,paid,19.99,True
544,6,Premium,29.99,failed,0.0,False
545,6,Basic,9.99,paid,9.99,True
546,6,Basic,9.99,paid,9.99,True
547,6,Basic,9.99,paid,9.99,True
548,6,Basic,9.99,paid,9.99,True
549,6,Plus,19.99,paid,19.99,True
550,6,Basic,9.99,paid,9.99,True
551,6,Basic,9.99,paid,9.99,True
552,6,Basic,9.99,paid,9.99,True
553,6,Basic,9.99,paid,9.99,True
554,6,Premium,29.99,failed,0.0,False
555,6,Basic,9.99,paid,9.99,True
556,6,Basic,9.99,paid,9.99,True
557,6,Basic,9.99,failed,0.0,False
558,6,Basic,9.99,paid,9.99,True
559,6,Plus,19.99,paid,19.99,True
560,6,Basic,9.99,failed,0.0,False
561,6,Basic,9.99,paid,9.99,True
562,6,Basic,9.99,paid,9.99,True
563,6,Plus,19.99,failed,0.0,False
564,6,Plus,19.99,paid,19.99,True
565,6,Plus,19.99,paid,19.99,True
566,6,Plus,19.99,failed,0.0,False
567,6,Plus,19.99,paid,19.99,True
568,6,Basic,9.99,paid,9.99,True
569,6,Basic,9.99,paid,9.99,True
570,6,Basic,9.99,paid,9.99,True
571,6,Basic,9.99,failed,0.0,False
572,6,Plus,19.99,paid,19.99,True
573,6,Basic,9.99,paid,9.99,True
574,6,Plus,19.99,paid,19.99,True
575,6,Premium,29.99,paid,29.99,True
576,6,Basic,9.99,paid,9.99,True
577,6,Premium,29.99,paid,29.99,True
578,6,Plus,19.99,paid,19.99,True
579,6,Premium,29.99,paid,29.99,True
580,6,Basic,9.99,paid,9.99,True
581,6,Basic,9.99,failed,0.0,False
582,6,Basic,9.99,paid,9.99,True
583,6,Basic,9.99,paid,9.99,True
584,6,Basic,9.99,paid,9.99,True
585,6,Premium,29.99,failed,0.0,False
586,6,Plus,19.99,paid,19.99,True
587,6,Basic,9.99,paid,9.99,True
588,6,Basic,9.99,paid,9.99,True
589,6,Basic,9.99,paid,9.99,True
590,6,Basic,9.99,paid,9.99,True
591,6,Premium,29.99,paid,29.99,True
592,6,Basic,9.99,paid,9.99,True
593,6,Basic,9.99,failed,0.0,False
594,6,Plus,19.99,paid,19.99,True
595,6,Basic,9.99,failed,0.0,False
596,6,Basic,9.99,failed,0.0,False
597,6,Plus,19.99,paid,19.99,True
598,6,Plus,19.99,paid,19.99,True
599,6,Premium,29.99,paid,29.99,True
600,6,Plus,19.99,paid,19.99,True
601,6,Basic,9.99,paid,9.99,True
602,6,Plus,19.99,failed,0.0,False
603,6,Premium,29.99,paid,29.99,True
604,6,Plus,19.99,failed,0.0,False
605,6,Premium,29.99,failed,0.0,False
606,6,Plus,19.99,failed,0.0,False
607,6,Premium,29.99,failed,0.0,False
608,6,Basic,9.99,paid,9.99,True
609,6,Plus,19.99,paid,19.99,True
610,6,Basic,9.99,paid,9.99,True
611,6,Plus,19.99,failed,0.0,False
612,6,Plus,19.99,paid,19.99,True
613,6,Premium,29.99,failed,0.0,False
614,6,Premium,29.99,failed,0.0,False
615,6,Basic,9.99,paid,9.99,True
616,6,Plus,19.99,paid,19.99,True
617,6,Plus,19.99,failed,0.0,False
618,6,Basic,9.99,paid,9.99,True
619,6,Basic,9.99,failed,0.0,False
620,6,Basic,9.99,paid,9.99,True
621,6,Plus,19.99,failed,0.0,False
622,6,Basic,9.99,failed,0.0,False
623,6,Premium,29.99,paid,29.99,True
624,6,Basic,9.99,failed,0.0,False
625,6,Premium,29.99,paid,29.99,True
626,6,Basic,9.99,paid,9.99,True
627,6,Plus,19.99,paid,19.99,True
628,6,Basic,9.99,paid,9.99,True
629,6,Plus,19.99,paid,19.99,True
630,6,Plus,19.99,paid,19.99,True
631,6,Premium,29.99,paid,29.99,True
632,6,Plus,19.99,paid,19.99,True
633,6,Basic,9.99,paid,9.99,True
634,6,Basic,9.99,failed,0.0,False
635,6,Basic,9.99,paid,9.99,True
636,6,Basic,9.99,failed,0.0,False
637,6,Plus,19.99,paid,19.99,True
638,6,Plus,19.99,paid,19.99,True
639,6,Plus,19.99,paid,19.99,True
640,6,Premium,29.99,paid,29.99,True
641,6,Plus,19.99,paid,19.99,True
642,6,Plus,19.99,paid,19.99,True
643,6,Basic,9.99,paid,9.99,True
644,6,Basic,9.99,paid,9.99,True
645,6,Plus,19.99,paid,19.99,True
646,6,Premium,29.99,paid,29.99,True
647,6,Basic,9.99,paid,9.99,True
648,6,Basic,9.99,paid,9.99,True
649,6,Plus,19.99,paid,19.99,True
650,6,Basic,9.99,failed,0.0,False
651,6,Basic,9.99,failed,0.0,False
652,6,Premium,29.99,paid,29.99,True
653,6,Plus,19.99,paid,19.99,True
654,6,Basic,9.99,paid,9.99,True
655,6,Premium,29.99,paid,29.99,True
656,6,Basic,9.99,failed,0.0,False
657,6,Premium,29.99,paid,29.99,True
658,6,Basic,9.99,paid,9.99,True
659,6,Plus,19.99,paid,19.99,True
660,6,Basic,9.99,paid,9.99,True
661,6,Basic,9.99,failed,0.0,False
662,6,Premium,29.99,failed,0.0,False
663,6,Basic,9.99,paid,9.99,True
664,6,Basic,9.99,paid,9.99,True
665,6,Basic,9.99,paid,9.99,True
666,6,Plus,19.99,paid,19.99,True
667,6,Plus,19.99,failed,0.0,False
668,6,Premium,29.99,paid,29.99,True
669,6,Basic,9.99,paid,9.99,True
670,6,Basic,9.99,failed,0.0,True
671,6,Basic,9.99,paid,9.99,True
672,6,Plus,19.99,paid,19.99,True
673,6,Premium,29.99,paid,29.99,True
674,6,Plus,19.99,paid,19.99,True
675,6,Plus,19.99,failed,0.0,False
676,6,Basic,9.99,paid,9.99,True
677,6,Premium,29.99,failed,0.0,False
678,6,Basic,9.99,paid,9.99,True
679,6,Basic,9.99,failed,0.0,False
680,6,Basic,9.99,paid,9.99,True
681,6,Basic,9.99,paid,9.99,True
682,6,Basic,9.99,paid,9.99,True
683,6,Basic,9.99,paid,9.99,True
684,6,Basic,9.99,failed,0.0,False
685,6,Plus,19.99,failed,0.0,False
686,6,Basic,9.99,paid,9.99,True
687,6,Basic,9.99,failed,0.0,False
688,6,Premium,29.99,paid,29.99,True
689,6,Plus,19.99,paid,19.99,True
690,6,Basic,9.99,paid,9.99,True
691,6,Basic,9.99,paid,9.99,True
692,6,Premium,29.99,paid,29.99,True
693,6,Basic,9.99,paid,9.99,True
694,6,Basic,9.99,paid,9.99,True
695,6,Premium,29.99,failed,0.0,False
696,6,Basic,9.99,paid,9.99,True
697,6,Plus,19.99,paid,19.99,True
698,6,Plus,19.99,failed,0.0,False
699,6,Plus,19.99,paid,19.99,True
700,6,Basic,9.99,paid,9.99,True
701,6,Basic,9.99,paid,9.99,True
702,6,Basic,9.99,paid,9.99,True
703,6,Basic,9.99,failed,0.0,False
704,6,Premium,29.99,failed,0.0,False
705,6,Basic,9.99,paid,9.99,True
706,6,Plus,19.99,paid,19.99,True
707,6,Plus,19.99,paid,19.99,True
708,6,Plus,19.99,failed,0.0,False
709,6,Basic,9.99,paid,9.99,True
710,6,Basic,9.99,paid,9.99,True
711,6,Premium,29.99,paid,29.99,True
712,6,Plus,19.99,paid,19.99,True
713,6,Plus,19.99,failed,0.0,False
714,6,Premium,29.99,paid,29.99,True
715,6,Plus,19.99,failed,0.0,False
716,6,Basic,9.99,failed,0.0,False
717,6,Plus,19.99,paid,19.99,True
718,6,Basic,9.99,failed,0.0,False
719,6,Plus,19.99,failed,0.0,False
720,6,Premium,29.99,paid,29.99,True
721,6,Basic,9.99,paid,9.99,True
722,6,Basic,9.99,paid,9.99,True
723,6,Basic,9.99,paid,9.99,True
724,6,Premium,29.99,paid,29.99,True
725,6,Basic,9.99,failed,0.0,False
726,6,Basic,9.99,paid,9.99,True
727,6,Basic,9.99,paid,9.99,True
728,6,Basic,9.99,paid,9.99,True
729,6,Basic,9.99,failed,0.0,False
730,6,Basic,9.99,paid,9.99,True
731,6,Basic,9.99,failed,0.0,False
732,6,Basic,9.99,paid,9.99,True
733,6,Basic,9.99,paid,9.99,True
734,6,Basic,9.99,paid,9.99,True
735,6,Basic,9.99,paid,9.99,True
736,6,Plus,19.99,paid,19.99,True
737,6,Basic,9.99,paid,9.99,True
738,6,Basic,9.99,failed,0.0,False
739,6,Basic,9.99,paid,9.99,True
740,6,Basic,9.99,paid,9.99,True
741,6,Basic,9.99,paid,9.99,True
742,6,Basic,9.99,paid,9.99,True
743,6,Premium,29.99,paid,29.99,True
744,6,Basic,9.99,paid,9.99,True
745,6,Basic,9.99,failed,0.0,False
746,6,Basic,9.99,failed,0.0,False
747,6,Basic,9.99,paid,9.99,True
748,6,Basic,9.99,paid,9.99,True
749,6,Plus,19.99,paid,19.99,True
750,6,Plus,19.99,failed,0.0,False
751,6,Basic,9.99,failed,0.0,False
752,6,Basic,9.99,paid,9.99,True
753,6,Basic,9.99,failed,0.0,False
754,6,Basic,9.99,paid,9.99,True
755,6,Plus,19.99,paid,19.99,True
756,6,Basic,9.99,paid,9.99,True
757,6,Basic,9.99,paid,9.99,True
758,6,Premium,29.99,paid,29.99,True
759,6,Basic,9.99,paid,9.99,True
760,6,Basic,9.99,failed,0.0,False
761,6,Plus,19.99,failed,0.0,False
762,6,Basic,9.99,paid,9.99,True
763,6,Basic,9.99,paid,9.99,True
764,6,Basic,9.99,paid,9.99,True
765,6,Premium,29.99,paid,29.99,True
766,6,Basic,9.99,paid,9.99,True
767,6,Basic,9.99,paid,9.99,True
768,6,Basic,9.99,paid,9.99,True
769,6,Basic,9.99,failed,0.0,False
770,6,Plus,19.99,paid,19.99,True
771,6,Basic,9.99,paid,9.99,True
772,6,Plus,19.99,failed,0.0,False
773,6,Plus,19.99,failed,0.0,False
774,6,Plus,19.99,paid,19.99,True
775,6,Basic,9.99,paid,9.99,True
776,6,Premium,29.99,failed,0.0,False
777,6,Plus,19.99,failed,0.0,False
778,6,Basic,9.99,paid,9.99,True
779,6,Plus,19.99,paid,19.99,True
780,6,Premium,29.99,paid,29.99,True
781,6,Basic,9.99,paid,9.99,True
782,6,Premium,29.99,paid,29.99,True
783,6,Basic,9.99,paid,9.99,True
784,6,Plus,19.99,paid,19.99,True
785,6,Premium,29.99,paid,29.99,True
786,6,Basic,9.99,paid,9.99,True
787,6,Plus,19.99,paid,19.99,True
788,6,Basic,9.99,paid,9.99,True
789,6,Plus,19.99,failed,0.0,False
790,6,Plus,19.99,paid,19.99,True
791,6,Basic,9.99,paid,9.99,True
792,6,Basic,9.99,failed,0.0,False
793,6,Basic,9.99,paid,9.99,True
794,6,Basic,9.99,paid,9.99,True
795,6,Basic,9.99,paid,9.99,True
796,6,Basic,9.99,paid,9.99,True
797,6,Basic,9.99,paid,9.99,True
798,6,Basic,9.99,paid,9.99,True
799,6,Plus,19.99,paid,19.99,True
800,6,Plus,19.99,failed,0.0,False
801,6,Plus,19.99,paid,19.99,True
802,6,Basic,9.99,paid,9.99,True
803,6,Premium,29.99,paid,29.99,True
804,6,Plus,19.99,failed,0.0,False
805,6,Basic,9.99,paid,9.99,True
806,6,Basic,9.99,paid,9.99,True
807,6,Plus,19.99,failed,0.0,False
808,6,Basic,9.99,paid,9.99,True
809,6,Basic,9.99,failed,0.0,False
810,6,Premium,29.99,paid,29.99,True
811,6,Basic,9.99,paid,9.99,True
812,6,Basic,9.99,paid,9.99,True
813,6,Premium,29.99,paid,29.99,True
814,6,Plus,19.99,failed,0.0,False
815,6,Basic,9.99,failed,0.0,False
816,6,Premium,29.99,failed,0.0,False
817,6,Premium,29.99,paid,29.99,True
818,6,Basic,9.99,failed,0.0,False
819,6,Plus,19.99,paid,19.99,True
820,6,Basic,9.99,paid,9.99,True
821,6,Basic,9.99,paid,9.99,True
822,6,Plus,19.99,paid,19.99,True
823,6,Basic,9.99,paid,9.99,True
824,6,Plus,19.99,paid,19.99,True
825,6,Plus,19.99,paid,19.99,True
826,6,Basic,9.99,paid,9.99,True
827,6,Plus,19.99,paid,19.99,True
828,6,Basic,9.99,paid,9.99,True
829,6,Premium,29.99,failed,0.0,True
830,6,Basic,9.99,paid,9.99,True
831,6,Plus,19.99,paid,19.99,True
832,6,Plus,19.99,paid,19.99,True
833,6,Basic,9.99,paid,9.99,True
834,6,Plus,19.99,paid,19.99,True
835,6,Plus,19.99,failed,0.0,False
836,6,Plus,19.99,paid,19.99,True
837,6,Plus,19.99,paid,19.99,True
838,6,Premium,29.99,failed,0.0,False
839,6,Basic,9.99,paid,9.99,True
840,6,Basic,9.99,paid,9.99,True
841,6,Basic,9.99,paid,9.99,True
842,6,Plus,19.99,paid,19.99,True
843,6,Basic,9.99,paid,9.99,True
844,6,Basic,9.99,paid,9.99,True
845,6,Basic,9.99,paid,9.99,True
846,6,Premium,29.99,failed,0.0,False
847,6,Basic,9.99,paid,9.99,True
848,6,Plus,19.99,paid,19.99,True
849,6,Basic,9.99,failed,0.0,False
850,6,Premium,29.99,paid,29.99,True
851,6,Basic,9.99,paid,9.99,True
852,6,Basic,9.99,paid,9.99,True
853,6,Premium,29.99,paid,29.99,True
854,6,Premium,29.99,paid,29.99,True
855,6,Basic,9.99,failed,0.0,False
856,6,Basic,9.99,failed,0.0,False
857,6,Plus,19.99,paid,19.99,True
858,6,Premium,29.99,failed,0.0,True
859,6,Basic,9.99,failed,0.0,False
860,6,Basic,9.99,paid,9.99,True
861,6,Plus,19.99,paid,19.99,True
862,6,Plus,19.99,paid,19.99,True
863,6,Plus,19.99,failed,0.0,False
864,6,Plus,19.99,failed,0.0,False
865,6,Basic,9.99,failed,0.0,False
866,6,Premium,29.99,paid,29.99,True
867,6,Premium,29.99,paid,29.99,True
868,6,Plus,19.99,paid,19.99,True
869,6,Basic,9.99,paid,9.99,True
870,6,Basic,9.99,failed,0.0,False
871,6,Plus,19.99,paid,19.99,True
872,6,Basic,9.99,failed,0.0,False
873,6,Premium,29.99,failed,0.0,False
874,6,Basic,9.99,failed,0.0,False
875,6,Plus,19.99,paid,19.99,True
876,6,Premium,29.99,paid,29.99,True
877,6,Basic,9.99,paid,9.99,True
878,6,Basic,9.99,failed,0.0,False
879,6,Plus,19.99,failed,0.0,False
880,6,Plus,19.99,failed,0.0,False
881,6,Basic,9.99,failed,0.0,False
882,6,Plus,19.99,paid,19.99,True
883,6,Premium,29.99,paid,29.99,True
884,6,Basic,9.99,paid,9.99,True
885,6,Basic,9.99,failed,0.0,False
886,6,Basic,9.99,failed,0.0,True
887,6,Basic,9.99,failed,0.0,False
888,6,Basic,9.99,paid,9.99,True
889,6,Basic,9.99,failed,0.0,False
890,6,Plus,19.99,paid,19.99,True
891,6,Basic,9.99,paid,9.99,True
892,6,Premium,29.99,paid,29.99,True
893,6,Basic,9.99,paid,9.99,True
894,6,Basic,9.99,paid,9.99,True
895,6,Plus,19.99,paid,19.99,True
896,6,Premium,29.99,paid,29.99,True
897,6,Basic,9.99,failed,0.0,False
898,6,Basic,9.99,failed,0.0,False
899,6,Basic,9.99,paid,9.99,True
900,6,Basic,9.99,paid,9.99,True
901,6,Basic,9.99,paid,9.99,True
902,6,Basic,9.99,failed,0.0,False
903,6,Basic,9.99,paid,9.99,True
904,6,Basic,9.99,paid,9.99,True
905,6,Premium,29.99,failed,0.0,False
906,6,Plus,19.99,paid,19.99,True
907,6,Basic,9.99,failed,0.0,True
908,6,Basic,9.99,paid,9.99,True
909,6,Basic,9.99,paid,9.99,True
910,6,Basic,9.99,paid,9.99,True
911,6,Plus,19.99,paid,19.99,True
912,6,Premium,29.99,failed,0.0,False
913,6,Premium,29.99,paid,29.99,True
914,6,Premium,29.99,paid,29.99,True
915,6,Premium,29.99,failed,0.0,False
916,6,Premium,29.99,paid,29.99,True
917,6,Basic,9.99,paid,9.99,True
918,6,Basic,9.99,paid,9.99,True
919,6,Basic,9.99,failed,0.0,False
920,6,Plus,19.99,paid,19.99,True
921,6,Basic,9.99,paid,9.99,True
922,6,Plus,19.99,failed,0.0,False
923,6,Plus,19.99,paid,19.99,True
924,6,Basic,9.99,paid,9.99,True
925,6,Basic,9.99,paid,9.99,True
926,6,Basic,9.99,paid,9.99,True
927,6,Basic,9.99,paid,9.99,True
928,6,Premium,29.99,paid,29.99,True
929,6,Plus,19.99,failed,0.0,False
930,6,Plus,19.99,paid,19.99,True
931,6,Basic,9.99,paid,9.99,True
932,6,Basic,9.99,paid,9.99,True
933,6,Basic,9.99,paid,9.99,True
934,6,Plus,19.99,paid,19.99,True
935,6,Plus,19.99,paid,19.99,True
936,6,Basic,9.99,paid,9.99,True
937,6,Premium,29.99,paid,29.99,True
938,6,Basic,9.99,paid,9.99,True
939,6,Premium,29.99,paid,29.99,True
940,6,Basic,9.99,failed,0.0,False
941,6,Basic,9.99,paid,9.99,True
942,6,Plus,19.99,failed,0.0,False
943,6,Basic,9.99,paid,9.99,True
944,6,Basic,9.99,paid,9.99,True
945,6,Basic,9.99,paid,9.99,True
946,6,Basic,9.99,paid,9.99,True
947,6,Plus,19.99,paid,19.99,True
948,6,Premium,29.99,failed,0.0,False
949,6,Premium,29.99,paid,29.99,True
950,6,Basic,9.99,paid,9.99,True
951,6,Basic,9.99,paid,9.99,True
952,6,Basic,9.99,failed,0.0,False
953,6,Basic,9.99,paid,9.99,True
954,6,Basic,9.99,failed,0.0,False
955,6,Premium,29.99,failed,0.0,False
956,6,Premium,29.99,paid,29.99,True
957,6,Plus,19.99,paid,19.99,True
958,6,Basic,9.99,failed,0.0,False
959,6,Basic,9.99,paid,9.99,True
960,6,Basic,9.99,paid,9.99,True
961,6,Basic,9.99,failed,0.0,False
962,6,Basic,9.99,paid,9.99,True
963,6,Basic,9.99,paid,9.99,True
964,6,Basic,9.99,paid,9.99,True
965,6,Premium,29.99,failed,0.0,False
966,6,Basic,9.99,failed,0.0,False
967,6,Premium,29.99,paid,29.99,True
968,6,Basic,9.99,failed,0.0,False
969,6,Plus,19.99,paid,19.99,True
970,6,Basic,9.99,paid,9.99,True
971,6,Basic,9.99,paid,9.99,True
972,6,Basic,9.99,paid,9.99,True
973,6,Basic,9.99,paid,9.99,True
974,6,Premium,29.99,paid,29.99,True
975,6,Basic,9.99,failed,0.0,False
976,6,Plus,19.99,paid,19.99,True
977,6,Basic,9.99,paid,9.99,True
978,6,Basic,9.99,paid,9.99,True
979,6,Basic,9.99,paid,9.99,True
980,6,Basic,9.99,failed,0.0,False
981,6,Premium,29.99,failed,0.0,False
982,6,Plus,19.99,paid,19.99,True
983,6,Plus,19.99,failed,0.0,False
984,6,Basic,9.99,paid,9.99,True
985,6,Basic,9.99,paid,9.99,True
986,6,Premium,29.99,paid,29.99,True
987,6,Basic,9.99,failed,0.0,False
988,6,Basic,9.99,failed,0.0,False
989,6,Basic,9.99,failed,0.0,False
990,6,Plus,19.99,failed,0.0,False
991,6,Plus,19.99,paid,19.99,True
992,6,Plus,19.99,failed,0.0,False
993,6,Plus,19.99,paid,19.99,True
994,6,Basic,9.99,paid,9.99,True
995,6,Premium,29.99,paid,29.99,True
996,6,Basic,9.99,failed,0.0,False
997,6,Plus,19.99,paid,19.99,True
998,6,Basic,9.99,failed,0.0,False
999,6,Premium,29.99,paid,29.99,True
1000,6,Basic,9.99,paid,9.99,True
1,7,Plus,19.99,paid,19.99,True
2,7,Basic,9.99,failed,0.0,False
3,7,Premium,29.99,paid,29.99,True
4,7,Plus,19.99,paid,19.99,True
5,7,Basic,9.99,paid,9.99,True
6,7,Premium,29.99,failed,0.0,False
7,7,Plus,19.99,paid,19.99,True
8,7,Plus,19.99,paid,19.99,True
9,7,Basic,9.99,paid,9.99,True
10,7,Basic,9.99,paid,9.99,True
11,7,Basic,9.99,paid,9.99,True
12,7,Premium,29.99,failed,0.0,False
13,7,Plus,19.99,paid,19.99,True
14,7,Plus,19.99,failed,0.0,False
15,7,Basic,9.99,paid,9.99,True
16,7,Basic,9.99,paid,9.99,True
17,7,Plus,19.99,paid,19.99,True
18,7,Basic,9.99,failed,0.0,False
19,7,Plus,19.99,paid,19.99,True
20,7,Plus,19.99,paid,19.99,True
21,7,Plus,19.99,failed,0.0,False
22,7,Basic,9.99,failed,0.0,False
23,7,Premium,29.99,failed,0.0,False
24,7,Premium,29.99,paid,29.99,True
25,7,Plus,19.99,paid,19.99,True
26,7,Basic,9.99,paid,9.99,True
27,7,Basic,9.99,paid,9.99,True
28,7,Basic,9.99,paid,9.99,True
29,7,Basic,9.99,failed,0.0,False
30,7,Plus,19.99,failed,0.0,False
31,7,Plus,19.99,failed,0.0,False
32,7,Premium,29.99,paid,29.99,True
33,7,Basic,9.99,paid,9.99,True
34,7,Basic,9.99,paid,9.99,True
35,7,Basic,9.99,paid,9.99,True
36,7,Basic,9.99,paid,9.99,True
37,7,Basic,9.99,paid,9.99,True
38,7,Basic,9.99,failed,0.0,False
39,7,Basic,9.99,failed,0.0,False
40,7,Plus,19.99,paid,19.99,True
41,7,Basic,9.99,failed,0.0,False
42,7,Plus,19.99,paid,19.99,True
43,7,Plus,19.99,failed,0.0,False
44,7,Basic,9.99,paid,9.99,True
45,7,Plus,19.99,paid,19.99,True
46,7,Plus,19.99,failed,0.0,False
47,7,Basic,9.99,paid,9.99,True
48,7,Basic,9.99,failed,0.0,False
49,7,Plus,19.99,paid,19.99,True
50,7,Basic,9.99,failed,0.0,False
51,7,Basic,9.99,paid,9.99,True
52,7,Basic,9.99,failed,0.0,False
53,7,Plus,19.99,paid,19.99,True
54,7,Plus,19.99,paid,19.99,True
55,7,Plus,19.99,failed,0.0,False
56,7,Plus,19.99,paid,19.99,True
57,7,Basic,9.99,failed,0.0,False
58,7,Plus,19.99,failed,0.0,False
59,7,Basic,9.99,paid,9.99,True
60,7,Basic,9.99,paid,9.99,True
61,7,Plus,19.99,paid,19.99,True
62,7,Basic,9.99,paid,9.99,True
63,7,Plus,19.99,paid,19.99,True
64,7,Plus,19.99,paid,19.99,True
65,7,Plus,19.99,failed,0.0,False
66,7,Plus,19.99,paid,19.99,True
67,7,Plus,19.99,paid,19.99,True
68,7,Basic,9.99,paid,9.99,True
69,7,Basic,9.99,paid,9.99,True
70,7,Basic,9.99,paid,9.99,True
71,7,Basic,9.99,paid,9.99,True
72,7,Basic,9.99,paid,9.99,True
73,7,Premium,29.99,failed,0.0,False
74,7,Basic,9.99,paid,9.99,True
75,7,Basic,9.99,paid,9.99,True
76,7,Basic,9.99,paid,9.99,True
77,7,Basic,9.99,paid,9.99,True
78,7,Plus,19.99,paid,19.99,True
79,7,Plus,19.99,paid,19.99,True
80,7,Plus,19.99,failed,0.0,False
81,7,Plus,19.99,failed,0.0,False
82,7,Basic,9.99,failed,0.0,False
83,7,Plus,19.99,failed,0.0,False
84,7,Basic,9.99,failed,0.0,False
85,7,Basic,9.99,failed,0.0,False
86,7,Basic,9.99,paid,9.99,True
87,7,Plus,19.99,paid,19.99,True
88,7,Basic,9.99,failed,0.0,False
89,7,Basic,9.99,failed,0.0,False
90,7,Basic,9.99,failed,0.0,False
91,7,Basic,9.99,paid,9.99,True
92,7,Plus,19.99,paid,19.99,True
93,7,Basic,9.99,paid,9.99,True
94,7,Basic,9.99,paid,9.99,True
95,7,Basic,9.99,paid,9.99,True
96,7,Plus,19.99,paid,19.99,True
97,7,Basic,9.99,failed,0.0,False
98,7,Basic,9.99,paid,9.99,True
99,7,Basic,9.99,paid,9.99,True
100,7,Premium,29.99,failed,0.0,False
101,7,Premium,29.99,paid,29.99,True
102,7,Plus,19.99,failed,0.0,False
103,7,Basic,9.99,paid,9.99,True
104,7,Premium,29.99,paid,29.99,True
105,7,Plus,19.99,paid,19.99,True
106,7,Plus,19.99,paid,19.99,True
107,7,Basic,9.99,paid,9.99,True
108,7,Basic,9.99,paid,9.99,True
109,7,Basic,9.99,paid,9.99,True
110,7,Premium,29.99,paid,29.99,True
111,7,Basic,9.99,paid,9.99,True
112,7,Basic,9.99,failed,0.0,False
113,7,Basic,9.99,failed,0.0,False
114,7,Plus,19.99,paid,19.99,True
115,7,Basic,9.99,failed,0.0,False
116,7,Premium,29.99,paid,29.99,True
117,7,Plus,19.99,paid,19.99,True
118,7,Plus,19.99,failed,0.0,False
119,7,Basic,9.99,paid,9.99,True
120,7,Plus,19.99,paid,19.99,True
121,7,Plus,19.99,paid,19.99,True
122,7,Plus,19.99,failed,0.0,False
123,7,Basic,9.99,paid,9.99,True
124,7,Basic,9.99,failed,0.0,False
125,7,Basic,9.99,paid,9.99,True
126,7,Basic,9.99,paid,9.99,True
127,7,Basic,9.99,paid,9.99,True
128,7,Basic,9.99,paid,9.99,True
129,7,Basic,9.99,paid,9.99,True
130,7,Plus,19.99,failed,0.0,False
131,7,Basic,9.99,paid,9.99,True
132,7,Premium,29.99,paid,29.99,True
133,7,Plus,19.99,paid,19.99,True
134,7,Basic,9.99,failed,0.0,False
135,7,Plus,19.99,paid,19.99,True
136,7,Basic,9.99,paid,9.99,True
137,7,Premium,29.99,paid,29.99,True
138,7,Basic,9.99,paid,9.99,True
139,7,Plus,19.99,failed,0.0,False
140,7,Basic,9.99,paid,9.99,True
141,7,Basic,9.99,failed,0.0,False
142,7,Basic,9.99,paid,9.99,True
143,7,Premium,29.99,failed,0.0,False
144,7,Plus,19.99,failed,0.0,False
145,7,Basic,9.99,paid,9.99,True
146,7,Basic,9.99,paid,9.99,True
147,7,Basic,9.99,paid,9.99,True
148,7,Basic,9.99,failed,0.0,False
149,7,Basic,9.99,failed,0.0,False
150,7,Basic,9.99,paid,9.99,True
151,7,Plus,19.99,paid,19.99,True
152,7,Premium,29.99,failed,0.0,False
153,7,Basic,9.99,paid,9.99,True
154,7,Plus,19.99,failed,0.0,False
155,7,Basic,9.99,paid,9.99,True
156,7,Plus,19.99,paid,19.99,True
157,7,Basic,9.99,failed,0.0,False
158,7,Plus,19.99,paid,19.99,True
159,7,Plus,19.99,paid,19.99,True
160,7,Plus,19.99,failed,0.0,False
161,7,Basic,9.99,paid,9.99,True
162,7,Premium,29.99,failed,0.0,False
163,7,Basic,9.99,paid,9.99,True
164,7,Basic,9.99,paid,9.99,True
165,7,Plus,19.99,paid,19.99,True
166,7,Basic,9.99,failed,0.0,False
167,7,Plus,19.99,failed,0.0,False
168,7,Plus,19.99,failed,0.0,True
169,7,Basic,9.99,failed,0.0,False
170,7,Premium,29.99,failed,0.0,False
171,7,Basic,9.99,paid,9.99,True
172,7,Basic,9.99,paid,9.99,True
173,7,Basic,9.99,paid,9.99,True
174,7,Premium,29.99,paid,29.99,True
175,7,Basic,9.99,paid,9.99,True
176,7,Basic,9.99,paid,9.99,True
177,7,Basic,9.99,paid,9.99,True
178,7,Premium,29.99,paid,29.99,True
179,7,Premium,29.99,failed,0.0,False
180,7,Plus,19.99,paid,19.99,True
181,7,Premium,29.99,failed,0.0,False
182,7,Premium,29.99,paid,29.99,True
183,7,Basic,9.99,failed,0.0,False
184,7,Basic,9.99,failed,0.0,False
185,7,Plus,19.99,paid,19.99,True
186,7,Plus,19.99,failed,0.0,False
187,7,Basic,9.99,paid,9.99,True
188,7,Basic,9.99,paid,9.99,True
189,7,Plus,19.99,paid,19.99,True
190,7,Basic,9.99,failed,0.0,False
191,7,Premium,29.99,paid,29.99,True
192,7,Basic,9.99,paid,9.99,True
193,7,Basic,9.99,failed,0.0,False
194,7,Plus,19.99,paid,19.99,True
195,7,Basic,9.99,failed,0.0,False
196,7,Basic,9.99,paid,9.99,True
197,7,Plus,19.99,failed,0.0,False
198,7,Premium,29.99,paid,29.99,True
199,7,Basic,9.99,failed,0.0,False
200,7,Basic,9.99,failed,0.0,False
201,7,Plus,19.99,failed,0.0,False
202,7,Premium,29.99,paid,29.99,True
203,7,Basic,9.99,failed,0.0,False
204,7,Basic,9.99,paid,9.99,True
205,7,Basic,9.99,paid,9.99,True
206,7,Basic,9.99,paid,9.99,True
207,7,Basic,9.99,paid,9.99,True
208,7,Plus,19.99,paid,19.99,True
209,7,Basic,9.99,paid,9.99,True
210,7,Basic,9.99,failed,0.0,False
211,7,Plus,19.99,paid,19.99,True
212,7,Plus,19.99,failed,0.0,False
213,7,Basic,9.99,failed,0.0,False
214,7,Plus,19.99,paid,19.99,True
215,7,Plus,19.99,paid,19.99,True
216,7,Plus,19.99,paid,19.99,True
217,7,Basic,9.99,paid,9.99,True
218,7,Basic,9.99,paid,9.99,True
219,7,Premium,29.99,paid,29.99,True
220,7,Basic,9.99,failed,0.0,False
221,7,Basic,9.99,paid,9.99,True
222,7,Basic,9.99,paid,9.99,True
223,7,Plus,19.99,paid,19.99,True
224,7,Premium,29.99,paid,29.99,True
225,7,Basic,9.99,paid,9.99,True
226,7,Premium,29.99,failed,0.0,False
227,7,Basic,9.99,paid,9.99,True
228,7,Plus,19.99,failed,0.0,False
229,7,Plus,19.99,failed,0.0,False
230,7,Basic,9.99,failed,0.0,False
231,7,Basic,9.99,paid,9.99,True
232,7,Basic,9.99,paid,9.99,True
233,7,Premium,29.99,paid,29.99,True
234,7,Plus,19.99,failed,0.0,False
235,7,Premium,29.99,paid,29.99,True
236,7,Plus,19.99,failed,0.0,True
237,7,Basic,9.99,paid,9.99,True
238,7,Plus,19.99,paid,19.99,True
239,7,Basic,9.99,paid,9.99,True
240,7,Basic,9.99,paid,9.99,True
241,7,Plus,19.99,paid,19.99,True
242,7,Plus,19.99,failed,0.0,False
243,7,Basic,9.99,failed,0.0,True
244,7,Basic,9.99,paid,9.99,True
245,7,Plus,19.99,failed,0.0,False
246,7,Premium,29.99,failed,0.0,False
247,7,Plus,19.99,failed,0.0,True
248,7,Basic,9.99,failed,0.0,False
249,7,Basic,9.99,failed,0.0,False
250,7,Basic,9.99,paid,9.99,True
251,7,Plus,19.99,paid,19.99,True
252,7,Premium,29.99,paid,29.99,True
253,7,Basic,9.99,paid,9.99,True
254,7,Basic,9.99,paid,9.99,True
255,7,Basic,9.99,paid,9.99,True
256,7,Plus,19.99,failed,0.0,False
257,7,Plus,19.99,paid,19.99,True
258,7,Basic,9.99,paid,9.99,True
259,7,Basic,9.99,failed,0.0,False
260,7,Plus,19.99,failed,0.0,False
261,7,Basic,9.99,failed,0.0,False
262,7,Plus,19.99,paid,19.99,True
263,7,Basic,9.99,failed,0.0,False
264,7,Basic,9.99,failed,0.0,False
265,7,Premium,29.99,failed,0.0,False
266,7,Basic,9.99,paid,9.99,True
267,7,Basic,9.99,failed,0.0,False
268,7,Basic,9.99,paid,9.99,True
269,7,Basic,9.99,failed,0.0,False
270,7,Basic,9.99,failed,0.0,False
271,7,Basic,9.99,failed,0.0,True
272,7,Basic,9.99,paid,9.99,True
273,7,Basic,9.99,paid,9.99,True
274,7,Plus,19.99,failed,0.0,False
275,7,Plus,19.99,failed,0.0,False
276,7,Basic,9.99,failed,0.0,False
277,7,Basic,9.99,paid,9.99,True
278,7,Basic,9.99,paid,9.99,True
279,7,Premium,29.99,failed,0.0,False
280,7,Premium,29.99,failed,0.0,False
281,7,Basic,9.99,paid,9.99,True
282,7,Basic,9.99,paid,9.99,True
283,7,Basic,9.99,failed,0.0,False
284,7,Basic,9.99,failed,0.0,False
285,7,Plus,19.99,paid,19.99,True
286,7,Basic,9.99,failed,0.0,False
287,7,Basic,9.99,failed,0.0,False
288,7,Basic,9.99,paid,9.99,True
289,7,Basic,9.99,paid,9.99,True
290,7,Basic,9.99,paid,9.99,True
291,7,Plus,19.99,failed,0.0,False
292,7,Basic,9.99,failed,0.0,False
293,7,Premium,29.99,paid,29.99,True
294,7,Basic,9.99,paid,9.99,True
295,7,Plus,19.99,paid,19.99,True
296,7,Premium,29.99,failed,0.0,False
297,7,Premium,29.99,paid,29.99,True
298,7,Plus,19.99,paid,19.99,True
299,7,Plus,19.99,failed,0.0,False
300,7,Plus,19.99,failed,0.0,False
301,7,Plus,19.99,paid,19.99,True
302,7,Basic,9.99,failed,0.0,False
303,7,Basic,9.99,paid,9.99,True
304,7,Basic,9.99,paid,9.99,True
305,7,Premium,29.99,paid,29.99,True
306,7,Basic,9.99,paid,9.99,True
307,7,Basic,9.99,failed,0.0,False
308,7,Plus,19.99,paid,19.99,True
309,7,Basic,9.99,failed,0.0,False
310,7,Basic,9.99,paid,9.99,True
311,7,Basic,9.99,paid,9.99,True
312,7,Basic,9.99,paid,9.99,True
313,7,Basic,9.99,failed,0.0,False
314,7,Basic,9.99,paid,9.99,True
315,7,Basic,9.99,paid,9.99,True
316,7,Basic,9.99,failed,0.0,False
317,7,Basic,9.99,paid,9.99,True
318,7,Plus,19.99,paid,19.99,True
319,7,Basic,9.99,failed,0.0,False
320,7,Premium,29.99,paid,29.99,True
321,7,Premium,29.99,failed,0.0,False
322,7,Basic,9.99,paid,9.99,True
323,7,Basic,9.99,failed,0.0,False
324,7,Basic,9.99,failed,0.0,False
325,7,Plus,19.99,paid,19.99,True
326,7,Plus,19.99,paid,19.99,True
327,7,Plus,19.99,paid,19.99,True
328,7,Basic,9.99,paid,9.99,True
329,7,Plus,19.99,failed,0.0,False
330,7,Basic,9.99,paid,9.99,True
331,7,Plus,19.99,failed,0.0,False
332,7,Basic,9.99,paid,9.99,True
333,7,Plus,19.99,failed,0.0,False
334,7,Premium,29.99,paid,29.99,True
335,7,Basic,9.99,paid,9.99,True
336,7,Plus,19.99,paid,19.99,True
337,7,Basic,9.99,failed,0.0,False
338,7,Plus,19.99,paid,19.99,True
339,7,Basic,9.99,failed,0.0,False
340,7,Premium,29.99,paid,29.99,True
341,7,Basic,9.99,paid,9.99,True
342,7,Premium,29.99,paid,29.99,True
343,7,Plus,19.99,paid,19.99,True
344,7,Plus,19.99,paid,19.99,True
345,7,Plus,19.99,paid,19.99,True
346,7,Plus,19.99,paid,19.99,True
347,7,Premium,29.99,failed,0.0,False
348,7,Basic,9.99,failed,0.0,False
349,7,Plus,19.99,failed,0.0,False
350,7,Basic,9.99,failed,0.0,False
351,7,Plus,19.99,paid,19.99,True
352,7,Basic,9.99,paid,9.99,True
353,7,Plus,19.99,paid,19.99,True
354,7,Plus,19.99,paid,19.99,True
355,7,Basic,9.99,failed,0.0,False
356,7,Basic,9.99,paid,9.99,True
357,7,Plus,19.99,failed,0.0,True
358,7,Plus,19.99,failed,0.0,False
359,7,Basic,9.99,failed,0.0,False
360,7,Plus,19.99,paid,19.99,True
361,7,Premium,29.99,paid,29.99,True
362,7,Basic,9.99,paid,9.99,True
363,7,Basic,9.99,paid,9.99,True
364,7,Basic,9.99,paid,9.99,True
365,7,Plus,19.99,paid,19.99,True
366,7,Basic,9.99,paid,9.99,True
367,7,Plus,19.99,failed,0.0,False
368,7,Plus,19.99,paid,19.99,True
369,7,Basic,9.99,paid,9.99,True
370,7,Premium,29.99,paid,29.99,True
371,7,Plus,19.99,failed,0.0,False
372,7,Basic,9.99,paid,9.99,True
373,7,Basic,9.99,paid,9.99,True
374,7,Basic,9.99,paid,9.99,True
375,7,Basic,9.99,paid,9.99,True
376,7,Basic,9.99,paid,9.99,True
377,7,Premium,29.99,paid,29.99,True
378,7,Basic,9.99,failed,0.0,False
379,7,Basic,9.99,failed,0.0,False
380,7,Plus,19.99,failed,0.0,False
381,7,Plus,19.99,failed,0.0,False
382,7,Premium,29.99,paid,29.99,True
383,7,Plus,19.99,paid,19.99,True
384,7,Basic,9.99,failed,0.0,False
385,7,Basic,9.99,paid,9.99,True
386,7,Premium,29.99,failed,0.0,True
387,7,Plus,19.99,paid,19.99,True
388,7,Premium,29.99,paid,29.99,True
389,7,Basic,9.99,paid,9.99,True
390,7,Premium,29.99,failed,0.0,False
391,7,Plus,19.99,failed,0.0,False
392,7,Basic,9.99,paid,9.99,True
393,7,Plus,19.99,paid,19.99,True
394,7,Plus,19.99,failed,0.0,False
395,7,Basic,9.99,paid,9.99,True
396,7,Basic,9.99,paid,9.99,True
397,7,Plus,19.99,failed,0.0,False
398,7,Basic,9.99,failed,0.0,False
399,7,Basic,9.99,paid,9.99,True
400,7,Basic,9.99,paid,9.99,True
401,7,Basic,9.99,paid,9.99,True
402,7,Premium,29.99,failed,0.0,False
403,7,Plus,19.99,failed,0.0,False
404,7,Basic,9.99,paid,9.99,True
405,7,Premium,29.99,paid,29.99,True
406,7,Premium,29.99,paid,29.99,True
407,7,Basic,9.99,paid,9.99,True
408,7,Plus,19.99,paid,19.99,True
409,7,Basic,9.99,paid,9.99,True
410,7,Premium,29.99,failed,0.0,False
411,7,Plus,19.99,failed,0.0,True
412,7,Plus,19.99,failed,0.0,False
413,7,Basic,9.99,paid,9.99,True
414,7,Premium,29.99,paid,29.99,True
415,7,Basic,9.99,paid,9.99,True
416,7,Basic,9.99,paid,9.99,True
417,7,Basic,9.99,failed,0.0,False
418,7,Plus,19.99,paid,19.99,True
419,7,Basic,9.99,paid,9.99,True
420,7,Premium,29.99,paid,29.99,True
421,7,Plus,19.99,paid,19.99,True
422,7,Basic,9.99,paid,9.99,True
423,7,Basic,9.99,failed,0.0,False
424,7,Basic,9.99,paid,9.99,True
425,7,Plus,19.99,paid,19.99,True
426,7,Plus,19.99,paid,19.99,True
427,7,Basic,9.99,paid,9.99,True
428,7,Plus,19.99,paid,19.99,True
429,7,Basic,9.99,paid,9.99,True
430,7,Plus,19.99,paid,19.99,True
431,7,Premium,29.99,failed,0.0,False
432,7,Plus,19.99,failed,0.0,False
433,7,Plus,19.99,paid,19.99,True
434,7,Plus,19.99,paid,19.99,True
435,7,Basic,9.99,paid,9.99,True
436,7,Basic,9.99,paid,9.99,True
437,7,Basic,9.99,paid,9.99,True
438,7,Basic,9.99,paid,9.99,True
439,7,Plus,19.99,paid,19.99,True
440,7,Plus,19.99,paid,19.99,True
441,7,Premium,29.99,paid,29.99,True
442,7,Basic,9.99,paid,9.99,True
443,7,Plus,19.99,paid,19.99,True
444,7,Basic,9.99,paid,9.99,True
445,7,Basic,9.99,failed,0.0,False
446,7,Plus,19.99,failed,0.0,False
447,7,Premium,29.99,paid,29.99,True
448,7,Plus,19.99,failed,0.0,False
449,7,Basic,9.99,failed,0.0,False
450,7,Plus,19.99,paid,19.99,True
451,7,Basic,9.99,paid,9.99,True
452,7,Premium,29.99,paid,29.99,True
453,7,Plus,19.99,paid,19.99,True
454,7,Basic,9.99,paid,9.99,True
455,7,Basic,9.99,paid,9.99,True
456,7,Basic,9.99,failed,0.0,False
457,7,Premium,29.99,paid,29.99,True
458,7,Basic,9.99,paid,9.99,True
459,7,Plus,19.99,paid,19.99,True
460,7,Plus,19.99,paid,19.99,True
461,7,Plus,19.99,failed,0.0,False
462,7,Basic,9.99,failed,0.0,False
463,7,Premium,29.99,failed,0.0,False
464,7,Basic,9.99,paid,9.99,True
465,7,Plus,19.99,paid,19.99,True
466,7,Plus,19.99,paid,19.99,True
467,7,Plus,19.99,paid,19.99,True
468,7,Premium,29.99,paid,29.99,True
469,7,Basic,9.99,paid,9.99,True
470,7,Basic,9.99,failed,0.0,False
471,7,Basic,9.99,paid,9.99,True
472,7,Basic,9.99,paid,9.99,True
473,7,Basic,9.99,failed,0.0,False
474,7,Basic,9.99,paid,9.99,True
475,7,Basic,9.99,paid,9.99,True
476,7,Basic,9.99,paid,9.99,True
477,7,Basic,9.99,paid,9.99,True
478,7,Plus,19.99,paid,19.99,True
479,7,Plus,19.99,failed,0.0,False
480,7,Basic,9.99,paid,9.99,True
481,7,Basic,9.99,paid,9.99,True
482,7,Basic,9.99,paid,9.99,True
483,7,Plus,19.99,paid,19.99,True
484,7,Basic,9.99,failed,0.0,False
485,7,Basic,9.99,paid,9.99,True
486,7,Basic,9.99,paid,9.99,True
487,7,Basic,9.99,paid,9.99,True
488,7,Basic,9.99,failed,0.0,False
489,7,Plus,19.99,paid,19.99,True
490,7,Plus,19.99,paid,19.99,True
491,7,Plus,19.99,paid,19.99,True
492,7,Plus,19.99,paid,19.99,True
493,7,Plus,19.99,failed,0.0,False
494,7,Basic,9.99,paid,9.99,True
495,7,Plus,19.99,paid,19.99,True
496,7,Basic,9.99,paid,9.99,True
497,7,Basic,9.99,paid,9.99,True
498,7,Plus,19.99,paid,19.99,True
499,7,Basic,9.99,paid,9.99,True
500,7,Basic,9.99,failed,0.0,False
501,7,Plus,19.99,failed,0.0,False
502,7,Premium,29.99,failed,0.0,False
503,7,Premium,29.99,failed,0.0,False
504,7,Basic,9.99,paid,9.99,True
505,7,Basic,9.99,paid,9.99,True
506,7,Plus,19.99,failed,0.0,False
507,7,Basic,9.99,failed,0.0,False
508,7,Plus,19.99,paid,19.99,True
509,7,Basic,9.99,paid,9.99,True
510,7,Basic,9.99,paid,9.99,True
511,7,Basic,9.99,paid,9.99,True
512,7,Plus,19.99,paid,19.99,True
513,7,Basic,9.99,failed,0.0,False
514,7,Basic,9.99,failed,0.0,False
515,7,Basic,9.99,paid,9.99,True
516,7,Basic,9.99,paid,9.99,True
517,7,Basic,9.99,failed,0.0,False
518,7,Plus,19.99,failed,0.0,False
519,7,Basic,9.99,paid,9.99,True
520,7,Plus,19.99,paid,19.99,True
521,7,Premium,29.99,paid,29.99,True
522,7,Basic,9.99,failed,0.0,False
523,7,Basic,9.99,failed,0.0,False
524,7,Plus,19.99,paid,19.99,True
525,7,Basic,9.99,paid,9.99,True
526,7,Basic,9.99,paid,9.99,True
527,7,Premium,29.99,paid,29.99,True
528,7,Premium,29.99,paid,29.99,True
529,7,Plus,19.99,paid,19.99,True
530,7,Basic,9.99,failed,0.0,False
531,7,Plus,19.99,failed,0.0,False
532,7,Plus,19.99,paid,19.99,True
533,7,Basic,9.99,paid,9.99,True
534,7,Plus,19.99,failed,0.0,False
535,7,Basic,9.99,paid,9.99,True
536,7,Basic,9.99,paid,9.99,True
537,7,Basic,9.99,paid,9.99,True
538,7,Basic,9.99,paid,9.99,True
539,7,Basic,9.99,failed,0.0,False
540,7,Plus,19.99,paid,19.99,True
541,7,Premium,29.99,paid,29.99,True
542,7,Plus,19.99,paid,19.99,True
543,7,Plus,19.99,paid,19.99,True
544,7,Premium,29.99,failed,0.0,False
545,7,Basic,9.99,paid,9.99,True
546,7,Basic,9.99,paid,9.99,True
547,7,Basic,9.99,paid,9.99,True
548,7,Basic,9.99,paid,9.99,True
549,7,Plus,19.99,paid,19.99,True
550,7,Basic,9.99,paid,9.99,True
551,7,Basic,9.99,paid,9.99,True
552,7,Basic,9.99,paid,9.99,True
553,7,Basic,9.99,paid,9.99,True
554,7,Premium,29.99,failed,0.0,False
555,7,Basic,9.99,paid,9.99,True
556,7,Basic,9.99,failed,0.0,False
557,7,Basic,9.99,failed,0.0,False
558,7,Basic,9.99,paid,9.99,True
559,7,Plus,19.99,failed,0.0,True
560,7,Basic,9.99,failed,0.0,False
561,7,Basic,9.99,paid,9.99,True
562,7,Basic,9.99,paid,9.99,True
563,7,Plus,19.99,failed,0.0,False
564,7,Plus,19.99,paid,19.99,True
565,7,Plus,19.99,paid,19.99,True
566,7,Plus,19.99,failed,0.0,False
567,7,Plus,19.99,paid,19.99,True
568,7,Basic,9.99,paid,9.99,True
569,7,Basic,9.99,paid,9.99,True
570,7,Basic,9.99,paid,9.99,True
571,7,Basic,9.99,failed,0.0,False
572,7,Plus,19.99,paid,19.99,True
573,7,Basic,9.99,paid,9.99,True
574,7,Plus,19.99,paid,19.99,True
575,7,Premium,29.99,paid,29.99,True
576,7,Basic,9.99,paid,9.99,True
577,7,Premium,29.99,failed,0.0,False
578,7,Plus,19.99,paid,19.99,True
579,7,Premium,29.99,paid,29.99,True
580,7,Basic,9.99,paid,9.99,True
581,7,Basic,9.99,failed,0.0,False
582,7,Basic,9.99,paid,9.99,True
583,7,Basic,9.99,paid,9.99,True
584,7,Basic,9.99,paid,9.99,True
585,7,Premium,29.99,failed,0.0,False
586,7,Plus,19.99,paid,19.99,True
587,7,Basic,9.99,failed,0.0,False
588,7,Basic,9.99,paid,9.99,True
589,7,Basic,9.99,paid,9.99,True
590,7,Basic,9.99,paid,9.99,True
591,7,Premium,29.99,paid,29.99,True
592,7,Basic,9.99,paid,9.99,True
593,7,Basic,9.99,failed,0.0,False
594,7,Plus,19.99,paid,19.99,True
595,7,Basic,9.99,failed,0.0,False
596,7,Basic,9.99,failed,0.0,False
597,7,Plus,19.99,paid,19.99,True
598,7,Plus,19.99,paid,19.99,True
599,7,Premium,29.99,paid,29.99,True
600,7,Plus,19.99,paid,19.99,True
601,7,Basic,9.99,paid,9.99,True
602,7,Plus,19.99,failed,0.0,False
603,7,Premium,29.99,paid,29.99,True
604,7,Plus,19.99,failed,0.0,False
605,7,Premium,29.99,failed,0.0,False
606,7,Plus,19.99,failed,0.0,False
607,7,Premium,29.99,failed,0.0,False
608,7,Basic,9.99,failed,0.0,False
609,7,Plus,19.99,paid,19.99,True
610,7,Basic,9.99,paid,9.99,True
611,7,Plus,19.99,failed,0.0,False
612,7,Plus,19.99,paid,19.99,True
613,7,Premium,29.99,failed,0.0,False
614,7,Premium,29.99,failed,0.0,False
615,7,Basic,9.99,failed,0.0,False
616,7,Plus,19.99,failed,0.0,False
617,7,Plus,19.99,failed,0.0,False
618,7,Basic,9.99,paid,9.99,True
619,7,Basic,9.99,failed,0.0,False
620,7,Basic,9.99,paid,9.99,True
621,7,Plus,19.99,failed,0.0,False
622,7,Basic,9.99,failed,0.0,False
623,7,Premium,29.99,paid,29.99,True
624,7,Basic,9.99,failed,0.0,False
625,7,Premium,29.99,paid,29.99,True
626,7,Basic,9.99,paid,9.99,True
627,7,Plus,19.99,failed,0.0,False
628,7,Basic,9.99,paid,9.99,True
629,7,Plus,19.99,paid,19.99,True
630,7,Plus,19.99,paid,19.99,True
631,7,Premium,29.99,paid,29.99,True
632,7,Plus,19.99,failed,0.0,False
633,7,Basic,9.99,paid,9.99,True
634,7,Basic,9.99,failed,0.0,False
635,7,Basic,9.99,paid,9.99,True
636,7,Basic,9.99,failed,0.0,False
637,7,Plus,19.99,paid,19.99,True
638,7,Plus,19.99,paid,19.99,True
639,7,Plus,19.99,paid,19.99,True
640,7,Premium,29.99,paid,29.99,True
641,7,Plus,19.99,paid,19.99,True
642,7,Plus,19.99,paid,19.99,True
643,7,Basic,9.99,paid,9.99,True
644,7,Basic,9.99,paid,9.99,True
645,7,Plus,19.99,paid,19.99,True
646,7,Premium,29.99,paid,29.99,True
647,7,Basic,9.99,paid,9.99,True
648,7,Basic,9.99,paid,9.99,True
649,7,Plus,19.99,paid,19.99,True
650,7,Basic,9.99,failed,0.0,False
651,7,Basic,9.99,failed,0.0,False
652,7,Premium,29.99,paid,29.99,True
653,7,Plus,19.99,paid,19.99,True
654,7,Basic,9.99,paid,9.99,True
655,7,Premium,29.99,paid,29.99,True
656,7,Basic,9.99,failed,0.0,False
657,7,Premium,29.99,paid,29.99,True
658,7,Basic,9.99,paid,9.99,True
659,7,Plus,19.99,paid,19.99,True
660,7,Basic,9.99,paid,9.99,True
661,7,Basic,9.99,failed,0.0,False
662,7,Premium,29.99,failed,0.0,False
663,7,Basic,9.99,paid,9.99,True
664,7,Basic,9.99,paid,9.99,True
665,7,Basic,9.99,paid,9.99,True
666,7,Plus,19.99,paid,19.99,True
667,7,Plus,19.99,failed,0.0,False
668,7,Premium,29.99,paid,29.99,True
669,7,Basic,9.99,paid,9.99,True
670,7,Basic,9.99,paid,9.99,True
671,7,Basic,9.99,paid,9.99,True
672,7,Plus,19.99,paid,19.99,True
673,7,Premium,29.99,paid,29.99,True
674,7,Plus,19.99,paid,19.99,True
675,7,Plus,19.99,failed,0.0,False
676,7,Basic,9.99,paid,9.99,True
677,7,Premium,29.99,failed,0.0,False
678,7,Basic,9.99,paid,9.99,True
679,7,Basic,9.99,failed,0.0,False
680,7,Basic,9.99,paid,9.99,True
681,7,Basic,9.99,paid,9.99,True
682,7,Basic,9.99,paid,9.99,True
683,7,Basic,9.99,paid,9.99,True
684,7,Basic,9.99,failed,0.0,False
685,7,Plus,19.99,failed,0.0,False
686,7,Basic,9.99,paid,9.99,True
687,7,Basic,9.99,failed,0.0,False
688,7,Premium,29.99,failed,0.0,True
689,7,Plus,19.99,paid,19.99,True
690,7,Basic,9.99,paid,9.99,True
691,7,Basic,9.99,paid,9.99,True
692,7,Premium,29.99,paid,29.99,True
693,7,Basic,9.99,paid,9.99,True
694,7,Basic,9.99,paid,9.99,True
695,7,Premium,29.99,failed,0.0,False
696,7,Basic,9.99,paid,9.99,True
697,7,Plus,19.99,paid,19.99,True
698,7,Plus,19.99,failed,0.0,False
699,7,Plus,19.99,paid,19.99,True
700,7,Basic,9.99,paid,9.99,True
701,7,Basic,9.99,paid,9.99,True
702,7,Basic,9.99,paid,9.99,True
703,7,Basic,9.99,failed,0.0,False
704,7,Premium,29.99,failed,0.0,False
705,7,Basic,9.99,paid,9.99,True
706,7,Plus,19.99,paid,19.99,True
707,7,Plus,19.99,paid,19.99,True
708,7,Plus,19.99,failed,0.0,False
709,7,Basic,9.99,paid,9.99,True
710,7,Basic,9.99,paid,9.99,True
711,7,Premium,29.99,paid,29.99,True
712,7,Plus,19.99,paid,19.99,True
713,7,Plus,19.99,failed,0.0,False
714,7,Premium,29.99,failed,0.0,False
715,7,Plus,19.99,failed,0.0,False
716,7,Basic,9.99,failed,0.0,False
717,7,Plus,19.99,paid,19.99,True
718,7,Basic,9.99,failed,0.0,False
719,7,Plus,19.99,failed,0.0,False
720,7,Premium,29.99,paid,29.99,True
721,7,Basic,9.99,paid,9.99,True
722,7,Basic,9.99,paid,9.99,True
723,7,Basic,9.99,paid,9.99,True
724,7,Premium,29.99,paid,29.99,True
725,7,Basic,9.99,failed,0.0,False
726,7,Basic,9.99,paid,9.99,True
727,7,Basic,9.99,paid,9.99,True
728,7,Basic,9.99,paid,9.99,True
729,7,Basic,9.99,failed,0.0,False
730,7,Basic,9.99,paid,9.99,True
731,7,Basic,9.99,failed,0.0,False
732,7,Basic,9.99,paid,9.99,True
733,7,Basic,9.99,paid,9.99,True
734,7,Basic,9.99,failed,0.0,False
735,7,Basic,9.99,paid,9.99,True
736,7,Plus,19.99,paid,19.99,True
737,7,Basic,9.99,paid,9.99,True
738,7,Basic,9.99,failed,0.0,False
739,7,Basic,9.99,paid,9.99,True
740,7,Basic,9.99,failed,0.0,False
741,7,Basic,9.99,paid,9.99,True
742,7,Basic,9.99,paid,9.99,True
743,7,Premium,29.99,paid,29.99,True
744,7,Basic,9.99,paid,9.99,True
745,7,Basic,9.99,failed,0.0,False
746,7,Basic,9.99,failed,0.0,False
747,7,Basic,9.99,paid,9.99,True
748,7,Basic,9.99,paid,9.99,True
749,7,Plus,19.99,failed,0.0,False
750,7,Plus,19.99,failed,0.0,False
751,7,Basic,9.99,failed,0.0,False
752,7,Basic,9.99,paid,9.99,True
753,7,Basic,9.99,failed,0.0,False
754,7,Basic,9.99,paid,9.99,True
755,7,Plus,19.99,paid,19.99,True
756,7,Basic,9.99,paid,9.99,True
757,7,Basic,9.99,paid,9.99,True
758,7,Premium,29.99,paid,29.99,True
759,7,Basic,9.99,paid,9.99,True
760,7,Basic,9.99,failed,0.0,False
761,7,Plus,19.99,failed,0.0,False
762,7,Basic,9.99,paid,9.99,True
763,7,Basic,9.99,paid,9.99,True
764,7,Basic,9.99,failed,0.0,True
765,7,Premium,29.99,paid,29.99,True
766,7,Basic,9.99,paid,9.99,True
767,7,Basic,9.99,paid,9.99,True
768,7,Basic,9.99,failed,0.0,True
769,7,Basic,9.99,failed,0.0,False
770,7,Plus,19.99,paid,19.99,True
771,7,Basic,9.99,paid,9.99,True
772,7,Plus,19.99,failed,0.0,False
773,7,Plus,19.99,failed,0.0,False
774,7,Plus,19.99,paid,19.99,True
775,7,Basic,9.99,paid,9.99,True
776,7,Premium,29.99,failed,0.0,False
777,7,Plus,19.99,failed,0.0,False
778,7,Basic,9.99,failed,0.0,False
779,7,Plus,19.99,paid,19.99,True
780,7,Premium,29.99,paid,29.99,True
781,7,Basic,9.99,failed,0.0,False
782,7,Premium,29.99,paid,29.99,True
783,7,Basic,9.99,paid,9.99,True
784,7,Plus,19.99,paid,19.99,True
785,7,Premium,29.99,paid,29.99,True
786,7,Basic,9.99,paid,9.99,True
787,7,Plus,19.99,paid,19.99,True
788,7,Basic,9.99,paid,9.99,True
789,7,Plus,19.99,failed,0.0,False
790,7,Plus,19.99,paid,19.99,True
791,7,Basic,9.99,paid,9.99,True
792,7,Basic,9.99,failed,0.0,False
793,7,Basic,9.99,failed,0.0,True
794,7,Basic,9.99,paid,9.99,True
795,7,Basic,9.99,paid,9.99,True
796,7,Basic,9.99,paid,9.99,True
797,7,Basic,9.99,paid,9.99,True
798,7,Basic,9.99,paid,9.99,True
799,7,Plus,19.99,paid,19.99,True
800,7,Plus,19.99,failed,0.0,False
801,7,Plus,19.99,paid,19.99,True
802,7,Basic,9.99,paid,9.99,True
803,7,Premium,29.99,paid,29.99,True
804,7,Plus,19.99,failed,0.0,False
805,7,Basic,9.99,paid,9.99,True
806,7,Basic,9.99,paid,9.99,True
807,7,Plus,19.99,failed,0.0,False
808,7,Basic,9.99,paid,9.99,True
809,7,Basic,9.99,failed,0.0,False
810,7,Premium,29.99,paid,29.99,True
811,7,Basic,9.99,failed,0.0,False
812,7,Basic,9.99,paid,9.99,True
813,7,Premium,29.99,paid,29.99,True
814,7,Plus,19.99,failed,0.0,False
815,7,Basic,9.99,failed,0.0,False
816,7,Premium,29.99,failed,0.0,False
817,7,Premium,29.99,paid,29.99,True
818,7,Basic,9.99,failed,0.0,False
819,7,Plus,19.99,paid,19.99,True
820,7,Basic,9.99,paid,9.99,True
821,7,Basic,9.99,paid,9.99,True
822,7,Plus,19.99,paid,19.99,True
823,7,Basic,9.99,paid,9.99,True
824,7,Plus,19.99,paid,19.99,True
825,7,Plus,19.99,paid,19.99,True
826,7,Basic,9.99,failed,0.0,False
827,7,Plus,19.99,paid,19.99,True
828,7,Basic,9.99,paid,9.99,True
829,7,Premium,29.99,paid,29.99,True
830,7,Basic,9.99,paid,9.99,True
831,7,Plus,19.99,paid,19.99,True
832,7,Plus,19.99,paid,19.99,True
833,7,Basic,9.99,paid,9.99,True
834,7,Plus,19.99,paid,19.99,True
835,7,Plus,19.99,failed,0.0,False
836,7,Plus,19.99,paid,19.99,True
837,7,Plus,19.99,paid,19.99,True
838,7,Premium,29.99,failed,0.0,False
839,7,Basic,9.99,paid,9.99,True
840,7,Basic,9.99,paid,9.99,True
841,7,Basic,9.99,paid,9.99,True
842,7,Plus,19.99,paid,19.99,True
843,7,Basic,9.99,paid,9.99,True
844,7,Basic,9.99,paid,9.99,True
845,7,Basic,9.99,paid,9.99,True
846,7,Premium,29.99,failed,0.0,False
847,7,Basic,9.99,failed,0.0,False
848,7,Plus,19.99,paid,19.99,True
849,7,Basic,9.99,failed,0.0,False
850,7,Premium,29.99,paid,29.99,True
851,7,Basic,9.99,paid,9.99,True
852,7,Basic,9.99,paid,9.99,True
853,7,Premium,29.99,paid,29.99,True
854,7,Premium,29.99,paid,29.99,True
855,7,Basic,9.99,failed,0.0,False
856,7,Basic,9.99,failed,0.0,False
857,7,Plus,19.99,paid,19.99,True
858,7,Premium,29.99,paid,29.99,True
859,7,Basic,9.99,failed,0.0,False
860,7,Basic,9.99,paid,9.99,True
861,7,Plus,19.99,paid,19.99,True
862,7,Plus,19.99,paid,19.99,True
863,7,Plus,19.99,failed,0.0,False
864,7,Plus,19.99,failed,0.0,False
865,7,Basic,9.99,failed,0.0,False
866,7,Premium,29.99,paid,29.99,True
867,7,Premium,29.99,paid,29.99,True
868,7,Plus,19.99,paid,19.99,True
869,7,Basic,9.99,paid,9.99,True
870,7,Basic,9.99,failed,0.0,False
871,7,Plus,19.99,paid,19.99,True
872,7,Basic,9.99,failed,0.0,False
873,7,Premium,29.99,failed,0.0,False
874,7,Basic,9.99,failed,0.0,False
875,7,Plus,19.99,paid,19.99,True
876,7,Premium,29.99,paid,29.99,True
877,7,Basic,9.99,paid,9.99,True
878,7,Basic,9.99,failed,0.0,False
879,7,Plus,19.99,failed,0.0,False
880,7,Plus,19.99,failed,0.0,False
881,7,Basic,9.99,failed,0.0,False
882,7,Plus,19.99,paid,19.99,True
883,7,Premium,29.99,failed,0.0,False
884,7,Basic,9.99,paid,9.99,True
885,7,Basic,9.99,failed,0.0,False
886,7,Basic,9.99,paid,9.99,True
887,7,Basic,9.99,failed,0.0,False
888,7,Basic,9.99,failed,0.0,False
889,7,Basic,9.99,failed,0.0,False
890,7,Plus,19.99,paid,19.99,True
891,7,Basic,9.99,paid,9.99,True
892,7,Premium,29.99,paid,29.99,True
893,7,Basic,9.99,paid,9.99,True
894,7,Basic,9.99,paid,9.99,True
895,7,Plus,19.99,paid,19.99,True
896,7,Premium,29.99,paid,29.99,True
897,7,Basic,9.99,failed,0.0,False
898,7,Basic,9.99,failed,0.0,False
899,7,Basic,9.99,paid,9.99,True
900,7,Basic,9.99,paid,9.99,True
901,7,Basic,9.99,paid,9.99,True
902,7,Basic,9.99,failed,0.0,False
903,7,Basic,9.99,paid,9.99,True
904,7,Basic,9.99,paid,9.99,True
905,7,Premium,29.99,failed,0.0,False
906,7,Plus,19.99,paid,19.99,True
907,7,Basic,9.99,paid,9.99,True
908,7,Basic,9.99,paid,9.99,True
909,7,Basic,9.99,paid,9.99,True
910,7,Basic,9.99,failed,0.0,True
911,7,Plus,19.99,paid,19.99,True
912,7,Premium,29.99,failed,0.0,False
913,7,Premium,29.99,paid,29.99,True
914,7,Premium,29.99,paid,29.99,True
915,7,Premium,29.99,failed,0.0,False
916,7,Premium,29.99,paid,29.99,True
917,7,Basic,9.99,paid,9.99,True
918,7,Basic,9.99,paid,9.99,True
919,7,Basic,9.99,failed,0.0,False
920,7,Plus,19.99,paid,19.99,True
921,7,Basic,9.99,paid,9.99,True
922,7,Plus,19.99,failed,0.0,False
923,7,Plus,19.99,paid,19.99,True
924,7,Basic,9.99,failed,0.0,False
925,7,Basic,9.99,paid,9.99,True
926,7,Basic,9.99,paid,9.99,True
927,7,Basic,9.99,paid,9.99,True
928,7,Premium,29.99,paid,29.99,True
929,7,Plus,19.99,failed,0.0,False
930,7,Plus,19.99,paid,19.99,True
931,7,Basic,9.99,paid,9.99,True
932,7,Basic,9.99,paid,9.99,True
933,7,Basic,9.99,paid,9.99,True
934,7,Plus,19.99,paid,19.99,True
935,7,Plus,19.99,paid,19.99,True
936,7,Basic,9.99,paid,9.99,True
937,7,Premium,29.99,paid,29.99,True
938,7,Basic,9.99,paid,9.99,True
939,7,Premium,29.99,paid,29.99,True
940,7,Basic,9.99,failed,0.0,False
941,7,Basic,9.99,paid,9.99,True
942,7,Plus,19.99,failed,0.0,False
943,7,Basic,9.99,paid,9.99,True
944,7,Basic,9.99,paid,9.99,True
945,7,Basic,9.99,paid,9.99,True
946,7,Basic,9.99,paid,9.99,True
947,7,Plus,19.99,paid,19.99,True
948,7,Premium,29.99,failed,0.0,False
949,7,Premium,29.99,failed,0.0,False
950,7,Basic,9.99,paid,9.99,True
951,7,Basic,9.99,paid,9.99,True
952,7,Basic,9.99,failed,0.0,False
953,7,Basic,9.99,failed,0.0,False
954,7,Basic,9.99,failed,0.0,False
955,7,Premium,29.99,failed,0.0,False
956,7,Premium,29.99,paid,29.99,True
957,7,Plus,19.99,paid,19.99,True
958,7,Basic,9.99,failed,0.0,False
959,7,Basic,9.99,paid,9.99,True
960,7,Basic,9.99,paid,9.99,True
961,7,Basic,9.99,failed,0.0,False
962,7,Basic,9.99,failed,0.0,False
963,7,Basic,9.99,paid,9.99,True
964,7,Basic,9.99,failed,0.0,False
965,7,Premium,29.99,failed,0.0,False
966,7,Basic,9.99,failed,0.0,False
967,7,Premium,29.99,failed,0.0,True
968,7,Basic,9.99,failed,0.0,False
969,7,Plus,19.99,paid,19.99,True
970,7,Basic,9.99,paid,9.99,True
971,7,Basic,9.99,failed,0.0,False
972,7,Basic,9.99,paid,9.99,True
973,7,Basic,9.99,paid,9.99,True
974,7,Premium,29.99,paid,29.99,True
975,7,Basic,9.99,failed,0.0,False
976,7,Plus,19.99,paid,19.99,True
977,7,Basic,9.99,paid,9.99,True
978,7,Basic,9.99,paid,9.99,True
979,7,Basic,9.99,paid,9.99,True
980,7,Basic,9.99,failed,0.0,False
981,7,Premium,29.99,failed,0.0,False
982,7,Plus,19.99,paid,19.99,True
983,7,Plus,19.99,failed,0.0,False
984,7,Basic,9.99,paid,9.99,True
985,7,Basic,9.99,paid,9.99,True
986,7,Premium,29.99,paid,29.99,True
987,7,Basic,9.99,failed,0.0,False
988,7,Basic,9.99,failed,0.0,False
989,7,Basic,9.99,failed,0.0,False
990,7,Plus,19.99,failed,0.0,False
991,7,Plus,19.99,failed,0.0,False
992,7,Plus,19.99,failed,0.0,False
993,7,Plus,19.99,paid,19.99,True
994,7,Basic,9.99,paid,9.99,True
995,7,Premium,29.99,failed,0.0,False
996,7,Basic,9.99,failed,0.0,False
997,7,Plus,19.99,paid,19.99,True
998,7,Basic,9.99,failed,0.0,False
999,7,Premium,29.99,paid,29.99,True
1000,7,Basic,9.99,paid,9.99,True
1,8,Plus,19.99,failed,0.0,False
2,8,Basic,9.99,failed,0.0,False
3,8,Premium,29.99,paid,29.99,True
4,8,Plus,19.99,paid,19.99,True
5,8,Basic,9.99,paid,9.99,True
6,8,Premium,29.99,failed,0.0,False
7,8,Plus,19.99,paid,19.99,True
8,8,Plus,19.99,paid,19.99,True
9,8,Basic,9.99,paid,9.99,True
10,8,Basic,9.99,paid,9.99,True
11,8,Basic,9.99,paid,9.99,True
12,8,Premium,29.99,failed,0.0,False
13,8,Plus,19.99,paid,19.99,True
14,8,Plus,19.99,failed,0.0,False
15,8,Basic,9.99,paid,9.99,True
16,8,Basic,9.99,paid,9.99,True
17,8,Plus,19.99,paid,19.99,True
18,8,Basic,9.99,failed,0.0,False
19,8,Plus,19.99,paid,19.99,True
20,8,Plus,19.99,paid,19.99,True
21,8,Plus,19.99,failed,0.0,False
22,8,Basic,9.99,failed,0.0,False
23,8,Premium,29.99,failed,0.0,False
24,8,Premium,29.99,paid,29.99,True
25,8,Plus,19.99,paid,19.99,True
26,8,Basic,9.99,paid,9.99,True
27,8,Basic,9.99,paid,9.99,True
28,8,Basic,9.99,paid,9.99,True
29,8,Basic,9.99,failed,0.0,False
30,8,Plus,19.99,failed,0.0,False
31,8,Plus,19.99,failed,0.0,False
32,8,Premium,29.99,failed,0.0,True
33,8,Basic,9.99,paid,9.99,True
34,8,Basic,9.99,paid,9.99,True
35,8,Basic,9.99,paid,9.99,True
36,8,Basic,9.99,paid,9.99,True
37,8,Basic,9.99,paid,9.99,True
38,8,Basic,9.99,failed,0.0,False
39,8,Basic,9.99,failed,0.0,False
40,8,Plus,19.99,paid,19.99,True
41,8,Basic,9.99,failed,0.0,False
42,8,Plus,19.99,paid,19.99,True
43,8,Plus,19.99,failed,0.0,False
44,8,Basic,9.99,paid,9.99,True
45,8,Plus,19.99,paid,19.99,True
46,8,Plus,19.99,failed,0.0,False
47,8,Basic,9.99,failed,0.0,False
48,8,Basic,9.99,failed,0.0,False
49,8,Plus,19.99,paid,19.99,True
50,8,Basic,9.99,failed,0.0,False
51,8,Basic,9.99,paid,9.99,True
52,8,Basic,9.99,failed,0.0,False
53,8,Plus,19.99,paid,19.99,True
54,8,Plus,19.99,failed,0.0,False
55,8,Plus,19.99,failed,0.0,False
56,8,Plus,19.99,paid,19.99,True
57,8,Basic,9.99,failed,0.0,False
58,8,Plus,19.99,failed,0.0,False
59,8,Basic,9.99,paid,9.99,True
60,8,Basic,9.99,failed,0.0,False
61,8,Plus,19.99,paid,19.99,True
62,8,Basic,9.99,paid,9.99,True
63,8,Plus,19.99,paid,19.99,True
64,8,Plus,19.99,paid,19.99,True
65,8,Plus,19.99,failed,0.0,False
66,8,Plus,19.99,paid,19.99,True
67,8,Plus,19.99,paid,19.99,True
68,8,Basic,9.99,paid,9.99,True
69,8,Basic,9.99,paid,9.99,True
70,8,Basic,9.99,paid,9.99,True
71,8,Basic,9.99,paid,9.99,True
72,8,Basic,9.99,failed,0.0,True
73,8,Premium,29.99,failed,0.0,False
74,8,Basic,9.99,paid,9.99,True
75,8,Basic,9.99,paid,9.99,True
76,8,Basic,9.99,paid,9.99,True
77,8,Basic,9.99,paid,9.99,True
78,8,Plus,19.99,paid,19.99,True
79,8,Plus,19.99,paid,19.99,True
80,8,Plus,19.99,failed,0.0,False
81,8,Plus,19.99,failed,0.0,False
82,8,Basic,9.99,failed,0.0,False
83,8,Plus,19.99,failed,0.0,False
84,8,Basic,9.99,failed,0.0,False
85,8,Basic,9.99,failed,0.0,False
86,8,Basic,9.99,paid,9.99,True
87,8,Plus,19.99,paid,19.99,True
88,8,Basic,9.99,failed,0.0,False
89,8,Basic,9.99,failed,0.0,False
90,8,Basic,9.99,failed,0.0,False
91,8,Basic,9.99,paid,9.99,True
92,8,Plus,19.99,paid,19.99,True
93,8,Basic,9.99,paid,9.99,True
94,8,Basic,9.99,paid,9.99,True
95,8,Basic,9.99,paid,9.99,True
96,8,Plus,19.99,paid,19.99,True
97,8,Basic,9.99,failed,0.0,False
98,8,Basic,9.99,failed,0.0,False
99,8,Basic,9.99,paid,9.99,True
100,8,Premium,29.99,failed,0.0,False
101,8,Premium,29.99,paid,29.99,True
102,8,Plus,19.99,failed,0.0,False
103,8,Basic,9.99,failed,0.0,False
104,8,Premium,29.99,paid,29.99,True
105,8,Plus,19.99,paid,19.99,True
106,8,Plus,19.99,failed,0.0,True
107,8,Basic,9.99,failed,0.0,False
108,8,Basic,9.99,paid,9.99,True
109,8,Basic,9.99,paid,9.99,True
110,8,Premium,29.99,paid,29.99,True
111,8,Basic,9.99,paid,9.99,True
112,8,Basic,9.99,failed,0.0,False
113,8,Basic,9.99,failed,0.0,False
114,8,Plus,19.99,paid,19.99,True
115,8,Basic,9.99,failed,0.0,False
116,8,Premium,29.99,paid,29.99,True
117,8,Plus,19.99,paid,19.99,True
118,8,Plus,19.99,failed,0.0,False
119,8,Basic,9.99,paid,9.99,True
120,8,Plus,19.99,paid,19.99,True
121,8,Plus,19.99,paid,19.99,True
122,8,Plus,19.99,failed,0.0,False
123,8,Basic,9.99,paid,9.99,True
124,8,Basic,9.99,failed,0.0,False
125,8,Basic,9.99,paid,9.99,True
126,8,Basic,9.99,paid,9.99,True
127,8,Basic,9.99,paid,9.99,True
128,8,Basic,9.99,paid,9.99,True
129,8,Basic,9.99,failed,0.0,False
130,8,Plus,19.99,failed,0.0,False
131,8,Basic,9.99,paid,9.99,True
132,8,Premium,29.99,paid,29.99,True
133,8,Plus,19.99,paid,19.99,True
134,8,Basic,9.99,failed,0.0,False
135,8,Plus,19.99,paid,19.99,True
136,8,Basic,9.99,paid,9.99,True
137,8,Premium,29.99,paid,29.99,True
138,8,Basic,9.99,failed,0.0,False
139,8,Plus,19.99,failed,0.0,False
140,8,Basic,9.99,paid,9.99,True
141,8,Basic,9.99,failed,0.0,False
142,8,Basic,9.99,paid,9.99,True
143,8,Premium,29.99,failed,0.0,False
144,8,Plus,19.99,failed,0.0,False
145,8,Basic,9.99,paid,9.99,True
146,8,Basic,9.99,paid,9.99,True
147,8,Basic,9.99,failed,0.0,False
148,8,Basic,9.99,failed,0.0,False
149,8,Basic,9.99,failed,0.0,False
150,8,Basic,9.99,paid,9.99,True
151,8,Plus,19.99,paid,19.99,True
152,8,Premium,29.99,failed,0.0,False
153,8,Basic,9.99,paid,9.99,True
154,8,Plus,19.99,failed,0.0,False
155,8,Basic,9.99,paid,9.99,True
156,8,Plus,19.99,paid,19.99,True
157,8,Basic,9.99,failed,0.0,False
158,8,Plus,19.99,paid,19.99,True
159,8,Plus,19.99,paid,19.99,True
160,8,Plus,19.99,failed,0.0,False
161,8,Basic,9.99,paid,9.99,True
162,8,Premium,29.99,failed,0.0,False
163,8,Basic,9.99,paid,9.99,True
164,8,Basic,9.99,paid,9.99,True
165,8,Plus,19.99,paid,19.99,True
166,8,Basic,9.99,failed,0.0,False
167,8,Plus,19.99,failed,0.0,False
168,8,Plus,19.99,paid,19.99,True
169,8,Basic,9.99,failed,0.0,False
170,8,Premium,29.99,failed,0.0,False
171,8,Basic,9.99,paid,9.99,True
172,8,Basic,9.99,paid,9.99,True
173,8,Basic,9.99,failed,0.0,False
174,8,Premium,29.99,paid,29.99,True
175,8,Basic,9.99,paid,9.99,True
176,8,Basic,9.99,paid,9.99,True
177,8,Basic,9.99,paid,9.99,True
178,8,Premium,29.99,paid,29.99,True
179,8,Premium,29.99,failed,0.0,False
180,8,Plus,19.99,paid,19.99,True
181,8,Premium,29.99,failed,0.0,False
182,8,Premium,29.99,paid,29.99,True
183,8,Basic,9.99,failed,0.0,False
184,8,Basic,9.99,failed,0.0,False
185,8,Plus,19.99,failed,0.0,False
186,8,Plus,19.99,failed,0.0,False
187,8,Basic,9.99,paid,9.99,True
188,8,Basic,9.99,paid,9.99,True
189,8,Plus,19.99,paid,19.99,True
190,8,Basic,9.99,failed,0.0,False
191,8,Premium,29.99,paid,29.99,True
192,8,Basic,9.99,paid,9.99,True
193,8,Basic,9.99,failed,0.0,False
194,8,Plus,19.99,paid,19.99,True
195,8,Basic,9.99,failed,0.0,False
196,8,Basic,9.99,paid,9.99,True
197,8,Plus,19.99,failed,0.0,False
198,8,Premium,29.99,paid,29.99,True
199,8,Basic,9.99,failed,0.0,False
200,8,Basic,9.99,failed,0.0,False
201,8,Plus,19.99,failed,0.0,False
202,8,Premium,29.99,paid,29.99,True
203,8,Basic,9.99,failed,0.0,False
204,8,Basic,9.99,paid,9.99,True
205,8,Basic,9.99,paid,9.99,True
206,8,Basic,9.99,paid,9.99,True
207,8,Basic,9.99,paid,9.99,True
208,8,Plus,19.99,paid,19.99,True
209,8,Basic,9.99,paid,9.99,True
210,8,Basic,9.99,failed,0.0,False
211,8,Plus,19.99,paid,19.99,True
212,8,Plus,19.99,failed,0.0,False
213,8,Basic,9.99,failed,0.0,False
214,8,Plus,19.99,failed,0.0,False
215,8,Plus,19.99,paid,19.99,True
216,8,Plus,19.99,paid,19.99,True
217,8,Basic,9.99,paid,9.99,True
218,8,Basic,9.99,failed,0.0,False
219,8,Premium,29.99,paid,29.99,True
220,8,Basic,9.99,failed,0.0,False
221,8,Basic,9.99,paid,9.99,True
222,8,Basic,9.99,paid,9.99,True
223,8,Plus,19.99,paid,19.99,True
224,8,Premium,29.99,paid,29.99,True
225,8,Basic,9.99,paid,9.99,True
226,8,Premium,29.99,failed,0.0,False
227,8,Basic,9.99,paid,9.99,True
228,8,Plus,19.99,failed,0.0,False
229,8,Plus,19.99,failed,0.0,False
230,8,Basic,9.99,failed,0.0,False
231,8,Basic,9.99,paid,9.99,True
232,8,Basic,9.99,failed,0.0,False
233,8,Premium,29.99,failed,0.0,False
234,8,Plus,19.99,failed,0.0,False
235,8,Premium,29.99,paid,29.99,True
236,8,Plus,19.99,paid,19.99,True
237,8,Basic,9.99,paid,9.99,True
238,8,Plus,19.99,paid,19.99,True
239,8,Basic,9.99,paid,9.99,True
240,8,Basic,9.99,paid,9.99,True
241,8,Plus,19.99,paid,19.99,True
242,8,Plus,19.99,failed,0.0,False
243,8,Basic,9.99,paid,9.99,True
244,8,Basic,9.99,paid,9.99,True
245,8,Plus,19.99,failed,0.0,False
246,8,Premium,29.99,failed,0.0,False
247,8,Plus,19.99,paid,19.99,True
248,8,Basic,9.99,failed,0.0,False
249,8,Basic,9.99,failed,0.0,False
250,8,Basic,9.99,paid,9.99,True
251,8,Plus,19.99,paid,19.99,True
252,8,Premium,29.99,paid,29.99,True
253,8,Basic,9.99,paid,9.99,True
254,8,Basic,9.99,paid,9.99,True
255,8,Basic,9.99,paid,9.99,True
256,8,Plus,19.99,failed,0.0,False
257,8,Plus,19.99,paid,19.99,True
258,8,Basic,9.99,paid,9.99,True
259,8,Basic,9.99,failed,0.0,False
260,8,Plus,19.99,failed,0.0,False
261,8,Basic,9.99,failed,0.0,False
262,8,Plus,19.99,paid,19.99,True
263,8,Basic,9.99,failed,0.0,False
264,8,Basic,9.99,failed,0.0,False
265,8,Premium,29.99,failed,0.0,False
266,8,Basic,9.99,paid,9.99,True
267,8,Basic,9.99,failed,0.0,False
268,8,Basic,9.99,paid,9.99,True
269,8,Basic,9.99,failed,0.0,False
270,8,Basic,9.99,failed,0.0,False
271,8,Basic,9.99,failed,0.0,False
272,8,Basic,9.99,failed,0.0,True
273,8,Basic,9.99,paid,9.99,True
274,8,Plus,19.99,failed,0.0,False
275,8,Plus,19.99,failed,0.0,False
276,8,Basic,9.99,failed,0.0,False
277,8,Basic,9.99,paid,9.99,True
278,8,Basic,9.99,paid,9.99,True
279,8,Premium,29.99,failed,0.0,False
280,8,Premium,29.99,failed,0.0,False
281,8,Basic,9.99,paid,9.99,True
282,8,Basic,9.99,paid,9.99,True
283,8,Basic,9.99,failed,0.0,False
284,8,Basic,9.99,failed,0.0,False
285,8,Plus,19.99,paid,19.99,True
286,8,Basic,9.99,failed,0.0,False
287,8,Basic,9.99,failed,0.0,False
288,8,Basic,9.99,paid,9.99,True
289,8,Basic,9.99,paid,9.99,True
290,8,Basic,9.99,paid,9.99,True
291,8,Plus,19.99,failed,0.0,False
292,8,Basic,9.99,failed,0.0,False
293,8,Premium,29.99,paid,29.99,True
294,8,Basic,9.99,paid,9.99,True
295,8,Plus,19.99,paid,19.99,True
296,8,Premium,29.99,failed,0.0,False
297,8,Premium,29.99,paid,29.99,True
298,8,Plus,19.99,paid,19.99,True
299,8,Plus,19.99,failed,0.0,False
300,8,Plus,19.99,failed,0.0,False
301,8,Plus,19.99,paid,19.99,True
302,8,Basic,9.99,failed,0.0,False
303,8,Basic,9.99,paid,9.99,True
304,8,Basic,9.99,paid,9.99,True
305,8,Premium,29.99,paid,29.99,True
306,8,Basic,9.99,paid,9.99,True
307,8,Basic,9.99,failed,0.0,False
308,8,Plus,19.99,paid,19.99,True
309,8,Basic,9.99,failed,0.0,False
310,8,Basic,9.99,paid,9.99,True
311,8,Basic,9.99,paid,9.99,True
312,8,Basic,9.99,paid,9.99,True
313,8,Basic,9.99,failed,0.0,False
314,8,Basic,9.99,paid,9.99,True
315,8,Basic,9.99,paid,9.99,True
316,8,Basic,9.99,failed,0.0,False
317,8,Basic,9.99,paid,9.99,True
318,8,Plus,19.99,paid,19.99,True
319,8,Basic,9.99,failed,0.0,False
320,8,Premium,29.99,paid,29.99,True
321,8,Premium,29.99,failed,0.0,False
322,8,Basic,9.99,paid,9.99,True
323,8,Basic,9.99,failed,0.0,False
324,8,Basic,9.99,failed,0.0,False
325,8,Plus,19.99,paid,19.99,True
326,8,Plus,19.99,failed,0.0,True
327,8,Plus,19.99,paid,19.99,True
328,8,Basic,9.99,failed,0.0,False
329,8,Plus,19.99,failed,0.0,False
330,8,Basic,9.99,paid,9.99,True
331,8,Plus,19.99,failed,0.0,False
332,8,Basic,9.99,paid,9.99,True
333,8,Plus,19.99,failed,0.0,False
334,8,Premium,29.99,paid,29.99,True
335,8,Basic,9.99,paid,9.99,True
336,8,Plus,19.99,paid,19.99,True
337,8,Basic,9.99,failed,0.0,False
338,8,Plus,19.99,paid,19.99,True
339,8,Basic,9.99,failed,0.0,False
340,8,Premium,29.99,paid,29.99,True
341,8,Basic,9.99,paid,9.99,True
342,8,Premium,29.99,paid,29.99,True
343,8,Plus,19.99,paid,19.99,True
344,8,Plus,19.99,paid,19.99,True
345,8,Plus,19.99,paid,19.99,True
346,8,Plus,19.99,paid,19.99,True
347,8,Premium,29.99,failed,0.0,False
348,8,Basic,9.99,failed,0.0,False
349,8,Plus,19.99,failed,0.0,False
350,8,Basic,9.99,failed,0.0,False
351,8,Plus,19.99,paid,19.99,True
352,8,Basic,9.99,paid,9.99,True
353,8,Plus,19.99,paid,19.99,True
354,8,Plus,19.99,failed,0.0,False
355,8,Basic,9.99,failed,0.0,False
356,8,Basic,9.99,paid,9.99,True
357,8,Plus,19.99,paid,19.99,True
358,8,Plus,19.99,failed,0.0,False
359,8,Basic,9.99,failed,0.0,False
360,8,Plus,19.99,paid,19.99,True
361,8,Premium,29.99,paid,29.99,True
362,8,Basic,9.99,paid,9.99,True
363,8,Basic,9.99,paid,9.99,True
364,8,Basic,9.99,paid,9.99,True
365,8,Plus,19.99,paid,19.99,True
366,8,Basic,9.99,paid,9.99,True
367,8,Plus,19.99,failed,0.0,False
368,8,Plus,19.99,paid,19.99,True
369,8,Basic,9.99,paid,9.99,True
370,8,Premium,29.99,paid,29.99,True
371,8,Plus,19.99,failed,0.0,False
372,8,Basic,9.99,paid,9.99,True
373,8,Basic,9.99,paid,9.99,True
374,8,Basic,9.99,paid,9.99,True
375,8,Basic,9.99,paid,9.99,True
376,8,Basic,9.99,paid,9.99,True
377,8,Premium,29.99,paid,29.99,True
378,8,Basic,9.99,failed,0.0,False
379,8,Basic,9.99,failed,0.0,False
380,8,Plus,19.99,failed,0.0,False
381,8,Plus,19.99,failed,0.0,False
382,8,Premium,29.99,paid,29.99,True
383,8,Plus,19.99,paid,19.99,True
384,8,Basic,9.99,failed,0.0,False
385,8,Basic,9.99,failed,0.0,False
386,8,Premium,29.99,paid,29.99,True
387,8,Plus,19.99,paid,19.99,True
388,8,Premium,29.99,paid,29.99,True
389,8,Basic,9.99,paid,9.99,True
390,8,Premium,29.99,failed,0.0,False
391,8,Plus,19.99,failed,0.0,False
392,8,Basic,9.99,failed,0.0,False
393,8,Plus,19.99,paid,19.99,True
394,8,Plus,19.99,failed,0.0,False
395,8,Basic,9.99,paid,9.99,True
396,8,Basic,9.99,paid,9.99,True
397,8,Plus,19.99,failed,0.0,False
398,8,Basic,9.99,failed,0.0,False
399,8,Basic,9.99,paid,9.99,True
400,8,Basic,9.99,paid,9.99,True
401,8,Basic,9.99,failed,0.0,False
402,8,Premium,29.99,failed,0.0,False
403,8,Plus,19.99,failed,0.0,False
404,8,Basic,9.99,paid,9.99,True
405,8,Premium,29.99,paid,29.99,True
406,8,Premium,29.99,paid,29.99,True
407,8,Basic,9.99,paid,9.99,True
408,8,Plus,19.99,paid,19.99,True
409,8,Basic,9.99,paid,9.99,True
410,8,Premium,29.99,failed,0.0,False
411,8,Plus,19.99,paid,19.99,True
412,8,Plus,19.99,failed,0.0,False
413,8,Basic,9.99,paid,9.99,True
414,8,Premium,29.99,paid,29.99,True
415,8,Basic,9.99,failed,0.0,False
416,8,Basic,9.99,failed,0.0,False
417,8,Basic,9.99,failed,0.0,False
418,8,Plus,19.99,paid,19.99,True
419,8,Basic,9.99,paid,9.99,True
420,8,Premium,29.99,paid,29.99,True
421,8,Plus,19.99,paid,19.99,True
422,8,Basic,9.99,paid,9.99,True
423,8,Basic,9.99,failed,0.0,False
424,8,Basic,9.99,paid,9.99,True
425,8,Plus,19.99,paid,19.99,True
426,8,Plus,19.99,paid,19.99,True
427,8,Basic,9.99,paid,9.99,True
428,8,Plus,19.99,paid,19.99,True
429,8,Basic,9.99,paid,9.99,True
430,8,Plus,19.99,failed,0.0,False
431,8,Premium,29.99,failed,0.0,False
432,8,Plus,19.99,failed,0.0,False
433,8,Plus,19.99,paid,19.99,True
434,8,Plus,19.99,failed,0.0,False
435,8,Basic,9.99,paid,9.99,True
436,8,Basic,9.99,paid,9.99,True
437,8,Basic,9.99,paid,9.99,True
438,8,Basic,9.99,paid,9.99,True
439,8,Plus,19.99,paid,19.99,True
440,8,Plus,19.99,paid,19.99,True
441,8,Premium,29.99,paid,29.99,True
442,8,Basic,9.99,paid,9.99,True
443,8,Plus,19.99,failed,0.0,False
444,8,Basic,9.99,paid,9.99,True
445,8,Basic,9.99,failed,0.0,False
446,8,Plus,19.99,failed,0.0,False
447,8,Premium,29.99,paid,29.99,True
448,8,Plus,19.99,failed,0.0,False
449,8,Basic,9.99,failed,0.0,False
450,8,Plus,19.99,paid,19.99,True
451,8,Basic,9.99,paid,9.99,True
452,8,Premium,29.99,paid,29.99,True
453,8,Plus,19.99,paid,19.99,True
454,8,Basic,9.99,paid,9.99,True
455,8,Basic,9.99,paid,9.99,True
456,8,Basic,9.99,failed,0.0,False
457,8,Premium,29.99,paid,29.99,True
458,8,Basic,9.99,paid,9.99,True
459,8,Plus,19.99,paid,19.99,True
460,8,Plus,19.99,paid,19.99,True
461,8,Plus,19.99,failed,0.0,False
462,8,Basic,9.99,failed,0.0,False
463,8,Premium,29.99,failed,0.0,False
464,8,Basic,9.99,paid,9.99,True
465,8,Plus,19.99,paid,19.99,True
466,8,Plus,19.99,paid,19.99,True
467,8,Plus,19.99,failed,0.0,False
468,8,Premium,29.99,paid,29.99,True
469,8,Basic,9.99,paid,9.99,True
470,8,Basic,9.99,failed,0.0,False
471,8,Basic,9.99,paid,9.99,True
472,8,Basic,9.99,paid,9.99,True
473,8,Basic,9.99,failed,0.0,False
474,8,Basic,9.99,paid,9.99,True
475,8,Basic,9.99,paid,9.99,True
476,8,Basic,9.99,paid,9.99,True
477,8,Basic,9.99,failed,0.0,False
478,8,Plus,19.99,paid,19.99,True
479,8,Plus,19.99,failed,0.0,False
480,8,Basic,9.99,paid,9.99,True
481,8,Basic,9.99,paid,9.99,True
482,8,Basic,9.99,paid,9.99,True
483,8,Plus,19.99,failed,0.0,True
484,8,Basic,9.99,failed,0.0,False
485,8,Basic,9.99,paid,9.99,True
486,8,Basic,9.99,paid,9.99,True
487,8,Basic,9.99,paid,9.99,True
488,8,Basic,9.99,failed,0.0,False
489,8,Plus,19.99,paid,19.99,True
490,8,Plus,19.99,paid,19.99,True
491,8,Plus,19.99,paid,19.99,True
492,8,Plus,19.99,failed,0.0,True
493,8,Plus,19.99,failed,0.0,False
494,8,Basic,9.99,paid,9.99,True
495,8,Plus,19.99,paid,19.99,True
496,8,Basic,9.99,paid,9.99,True
497,8,Basic,9.99,paid,9.99,True
498,8,Plus,19.99,paid,19.99,True
499,8,Basic,9.99,paid,9.99,True
500,8,Basic,9.99,failed,0.0,False
501,8,Plus,19.99,failed,0.0,False
502,8,Premium,29.99,failed,0.0,False
503,8,Premium,29.99,failed,0.0,False
504,8,Basic,9.99,paid,9.99,True
505,8,Basic,9.99,paid,9.99,True
506,8,Plus,19.99,failed,0.0,False
507,8,Basic,9.99,failed,0.0,False
508,8,Plus,19.99,paid,19.99,True
509,8,Basic,9.99,paid,9.99,True
510,8,Basic,9.99,paid,9.99,True
511,8,Basic,9.99,paid,9.99,True
512,8,Plus,19.99,failed,0.0,True
513,8,Basic,9.99,failed,0.0,False
514,8,Basic,9.99,failed,0.0,False
515,8,Basic,9.99,paid,9.99,True
516,8,Basic,9.99,paid,9.99,True
517,8,Basic,9.99,failed,0.0,False
518,8,Plus,19.99,failed,0.0,False
519,8,Basic,9.99,paid,9.99,True
520,8,Plus,19.99,paid,19.99,True
521,8,Premium,29.99,paid,29.99,True
522,8,Basic,9.99,failed,0.0,False
523,8,Basic,9.99,failed,0.0,False
524,8,Plus,19.99,paid,19.99,True
525,8,Basic,9.99,paid,9.99,True
526,8,Basic,9.99,paid,9.99,True
527,8,Premium,29.99,failed,0.0,True
528,8,Premium,29.99,paid,29.99,True
529,8,Plus,19.99,paid,19.99,True
530,8,Basic,9.99,failed,0.0,False
531,8,Plus,19.99,failed,0.0,False
532,8,Plus,19.99,paid,19.99,True
533,8,Basic,9.99,failed,0.0,False
534,8,Plus,19.99,failed,0.0,False
535,8,Basic,9.99,paid,9.99,True
536,8,Basic,9.99,failed,0.0,True
537,8,Basic,9.99,paid,9.99,True
538,8,Basic,9.99,failed,0.0,False
539,8,Basic,9.99,failed,0.0,False
540,8,Plus,19.99,paid,19.99,True
541,8,Premium,29.99,failed,0.0,True
542,8,Plus,19.99,paid,19.99,True
543,8,Plus,19.99,paid,19.99,True
544,8,Premium,29.99,failed,0.0,False
545,8,Basic,9.99,failed,0.0,False
546,8,Basic,9.99,paid,9.99,True
547,8,Basic,9.99,paid,9.99,True
548,8,Basic,9.99,paid,9.99,True
549,8,Plus,19.99,paid,19.99,True
550,8,Basic,9.99,paid,9.99,True
551,8,Basic,9.99,paid,9.99,True
552,8,Basic,9.99,paid,9.99,True
553,8,Basic,9.99,paid,9.99,True
554,8,Premium,29.99,failed,0.0,False
555,8,Basic,9.99,paid,9.99,True
556,8,Basic,9.99,failed,0.0,False
557,8,Basic,9.99,failed,0.0,False
558,8,Basic,9.99,paid,9.99,True
559,8,Plus,19.99,paid,19.99,True
560,8,Basic,9.99,failed,0.0,False
561,8,Basic,9.99,paid,9.99,True
562,8,Basic,9.99,paid,9.99,True
563,8,Plus,19.99,failed,0.0,False
564,8,Plus,19.99,paid,19.99,True
565,8,Plus,19.99,paid,19.99,True
566,8,Plus,19.99,failed,0.0,False
567,8,Plus,19.99,paid,19.99,True
568,8,Basic,9.99,paid,9.99,True
569,8,Basic,9.99,paid,9.99,True
570,8,Basic,9.99,paid,9.99,True
571,8,Basic,9.99,failed,0.0,False
572,8,Plus,19.99,paid,19.99,True
573,8,Basic,9.99,paid,9.99,True
574,8,Plus,19.99,paid,19.99,True
575,8,Premium,29.99,paid,29.99,True
576,8,Basic,9.99,paid,9.99,True
577,8,Premium,29.99,failed,0.0,False
578,8,Plus,19.99,paid,19.99,True
579,8,Premium,29.99,paid,29.99,True
580,8,Basic,9.99,paid,9.99,True
581,8,Basic,9.99,failed,0.0,False
582,8,Basic,9.99,paid,9.99,True
583,8,Basic,9.99,paid,9.99,True
584,8,Basic,9.99,paid,9.99,True
585,8,Premium,29.99,failed,0.0,False
586,8,Plus,19.99,paid,19.99,True
587,8,Basic,9.99,failed,0.0,False
588,8,Basic,9.99,paid,9.99,True
589,8,Basic,9.99,paid,9.99,True
590,8,Basic,9.99,paid,9.99,True
591,8,Premium,29.99,paid,29.99,True
592,8,Basic,9.99,paid,9.99,True
593,8,Basic,9.99,failed,0.0,False
594,8,Plus,19.99,paid,19.99,True
595,8,Basic,9.99,failed,0.0,False
596,8,Basic,9.99,failed,0.0,False
597,8,Plus,19.99,paid,19.99,True
598,8,Plus,19.99,paid,19.99,True
599,8,Premium,29.99,paid,29.99,True
600,8,Plus,19.99,paid,19.99,True
601,8,Basic,9.99,paid,9.99,True
602,8,Plus,19.99,failed,0.0,False
603,8,Premium,29.99,paid,29.99,True
604,8,Plus,19.99,failed,0.0,False
605,8,Premium,29.99,failed,0.0,False
606,8,Plus,19.99,failed,0.0,False
607,8,Premium,29.99,failed,0.0,False
608,8,Basic,9.99,failed,0.0,False
609,8,Plus,19.99,paid,19.99,True
610,8,Basic,9.99,paid,9.99,True
611,8,Plus,19.99,failed,0.0,False
612,8,Plus,19.99,paid,19.99,True
613,8,Premium,29.99,failed,0.0,False
614,8,Premium,29.99,failed,0.0,False
615,8,Basic,9.99,failed,0.0,False
616,8,Plus,19.99,failed,0.0,False
617,8,Plus,19.99,failed,0.0,False
618,8,Basic,9.99,paid,9.99,True
619,8,Basic,9.99,failed,0.0,False
620,8,Basic,9.99,paid,9.99,True
621,8,Plus,19.99,failed,0.0,False
622,8,Basic,9.99,failed,0.0,False
623,8,Premium,29.99,paid,29.99,True
624,8,Basic,9.99,failed,0.0,False
625,8,Premium,29.99,failed,0.0,False
626,8,Basic,9.99,paid,9.99,True
627,8,Plus,19.99,failed,0.0,False
628,8,Basic,9.99,paid,9.99,True
629,8,Plus,19.99,paid,19.99,True
630,8,Plus,19.99,paid,19.99,True
631,8,Premium,29.99,paid,29.99,True
632,8,Plus,19.99,failed,0.0,False
633,8,Basic,9.99,failed,0.0,False
634,8,Basic,9.99,failed,0.0,False
635,8,Basic,9.99,paid,9.99,True
636,8,Basic,9.99,failed,0.0,False
637,8,Plus,19.99,paid,19.99,True
638,8,Plus,19.99,paid,19.99,True
639,8,Plus,19.99,paid,19.99,True
640,8,Premium,29.99,paid,29.99,True
641,8,Plus,19.99,paid,19.99,True
642,8,Plus,19.99,paid,19.99,True
643,8,Basic,9.99,paid,9.99,True
644,8,Basic,9.99,failed,0.0,False
645,8,Plus,19.99,paid,19.99,True
646,8,Premium,29.99,paid,29.99,True
647,8,Basic,9.99,paid,9.99,True
648,8,Basic,9.99,paid,9.99,True
649,8,Plus,19.99,paid,19.99,True
650,8,Basic,9.99,failed,0.0,False
651,8,Basic,9.99,failed,0.0,False
652,8,Premium,29.99,paid,29.99,True
653,8,Plus,19.99,paid,19.99,True
654,8,Basic,9.99,paid,9.99,True
655,8,Premium,29.99,paid,29.99,True
656,8,Basic,9.99,failed,0.0,False
657,8,Premium,29.99,paid,29.99,True
658,8,Basic,9.99,paid,9.99,True
659,8,Plus,19.99,paid,19.99,True
660,8,Basic,9.99,paid,9.99,True
661,8,Basic,9.99,failed,0.0,False
662,8,Premium,29.99,failed,0.0,False
663,8,Basic,9.99,failed,0.0,False
664,8,Basic,9.99,paid,9.99,True
665,8,Basic,9.99,paid,9.99,True
666,8,Plus,19.99,paid,19.99,True
667,8,Plus,19.99,failed,0.0,False
668,8,Premium,29.99,paid,29.99,True
669,8,Basic,9.99,paid,9.99,True
670,8,Basic,9.99,paid,9.99,True
671,8,Basic,9.99,paid,9.99,True
672,8,Plus,19.99,paid,19.99,True
673,8,Premium,29.99,paid,29.99,True
674,8,Plus,19.99,failed,0.0,False
675,8,Plus,19.99,failed,0.0,False
676,8,Basic,9.99,paid,9.99,True
677,8,Premium,29.99,failed,0.0,False
678,8,Basic,9.99,paid,9.99,True
679,8,Basic,9.99,failed,0.0,False
680,8,Basic,9.99,paid,9.99,True
681,8,Basic,9.99,failed,0.0,True
682,8,Basic,9.99,paid,9.99,True
683,8,Basic,9.99,paid,9.99,True
684,8,Basic,9.99,failed,0.0,False
685,8,Plus,19.99,failed,0.0,False
686,8,Basic,9.99,paid,9.99,True
687,8,Basic,9.99,failed,0.0,False
688,8,Premium,29.99,failed,0.0,True
689,8,Plus,19.99,failed,0.0,False
690,8,Basic,9.99,paid,9.99,True
691,8,Basic,9.99,failed,0.0,False
692,8,Premium,29.99,paid,29.99,True
693,8,Basic,9.99,paid,9.99,True
694,8,Basic,9.99,paid,9.99,True
695,8,Premium,29.99,failed,0.0,False
696,8,Basic,9.99,paid,9.99,True
697,8,Plus,19.99,failed,0.0,False
698,8,Plus,19.99,failed,0.0,False
699,8,Plus,19.99,paid,19.99,True
700,8,Basic,9.99,paid,9.99,True
701,8,Basic,9.99,paid,9.99,True
702,8,Basic,9.99,paid,9.99,True
703,8,Basic,9.99,failed,0.0,False
704,8,Premium,29.99,failed,0.0,False
705,8,Basic,9.99,paid,9.99,True
706,8,Plus,19.99,paid,19.99,True
707,8,Plus,19.99,paid,19.99,True
708,8,Plus,19.99,failed,0.0,False
709,8,Basic,9.99,failed,0.0,False
710,8,Basic,9.99,paid,9.99,True
711,8,Premium,29.99,paid,29.99,True
712,8,Plus,19.99,paid,19.99,True
713,8,Plus,19.99,failed,0.0,False
714,8,Premium,29.99,failed,0.0,False
715,8,Plus,19.99,failed,0.0,False
716,8,Basic,9.99,failed,0.0,False
717,8,Plus,19.99,paid,19.99,True
718,8,Basic,9.99,failed,0.0,False
719,8,Plus,19.99,failed,0.0,False
720,8,Premium,29.99,paid,29.99,True
721,8,Basic,9.99,paid,9.99,True
722,8,Basic,9.99,paid,9.99,True
723,8,Basic,9.99,paid,9.99,True
724,8,Premium,29.99,paid,29.99,True
725,8,Basic,9.99,failed,0.0,False
726,8,Basic,9.99,paid,9.99,True
727,8,Basic,9.99,paid,9.99,True
728,8,Basic,9.99,paid,9.99,True
729,8,Basic,9.99,failed,0.0,False
730,8,Basic,9.99,paid,9.99,True
731,8,Basic,9.99,failed,0.0,False
732,8,Basic,9.99,paid,9.99,True
733,8,Basic,9.99,paid,9.99,True
734,8,Basic,9.99,failed,0.0,False
735,8,Basic,9.99,paid,9.99,True
736,8,Plus,19.99,paid,19.99,True
737,8,Basic,9.99,paid,9.99,True
738,8,Basic,9.99,failed,0.0,False
739,8,Basic,9.99,paid,9.99,True
740,8,Basic,9.99,failed,0.0,False
741,8,Basic,9.99,paid,9.99,True
742,8,Basic,9.99,paid,9.99,True
743,8,Premium,29.99,paid,29.99,True
744,8,Basic,9.99,paid,9.99,True
745,8,Basic,9.99,failed,0.0,False
746,8,Basic,9.99,failed,0.0,False
747,8,Basic,9.99,paid,9.99,True
748,8,Basic,9.99,paid,9.99,True
749,8,Plus,19.99,failed,0.0,False
750,8,Plus,19.99,failed,0.0,False
751,8,Basic,9.99,failed,0.0,False
752,8,Basic,9.99,failed,0.0,False
753,8,Basic,9.99,failed,0.0,False
754,8,Basic,9.99,paid,9.99,True
755,8,Plus,19.99,failed,0.0,False
756,8,Basic,9.99,paid,9.99,True
757,8,Basic,9.99,paid,9.99,True
758,8,Premium,29.99,paid,29.99,True
759,8,Basic,9.99,paid,9.99,True
760,8,Basic,9.99,failed,0.0,False
761,8,Plus,19.99,failed,0.0,False
762,8,Basic,9.99,paid,9.99,True
763,8,Basic,9.99,failed,0.0,False
764,8,Basic,9.99,paid,9.99,True
765,8,Premium,29.99,paid,29.99,True
766,8,Basic,9.99,paid,9.99,True
767,8,Basic,9.99,paid,9.99,True
768,8,Basic,9.99,paid,9.99,True
769,8,Basic,9.99,failed,0.0,False
770,8,Plus,19.99,paid,19.99,True
771,8,Basic,9.99,paid,9.99,True
772,8,Plus,19.99,failed,0.0,False
773,8,Plus,19.99,failed,0.0,False
774,8,Plus,19.99,paid,19.99,True
775,8,Basic,9.99,paid,9.99,True
776,8,Premium,29.99,failed,0.0,False
777,8,Plus,19.99,failed,0.0,False
778,8,Basic,9.99,failed,0.0,False
779,8,Plus,19.99,failed,0.0,False
780,8,Premium,29.99,paid,29.99,True
781,8,Basic,9.99,failed,0.0,False
782,8,Premium,29.99,paid,29.99,True
783,8,Basic,9.99,paid,9.99,True
784,8,Plus,19.99,paid,19.99,True
785,8,Premium,29.99,paid,29.99,True
786,8,Basic,9.99,paid,9.99,True
787,8,Plus,19.99,paid,19.99,True
788,8,Basic,9.99,paid,9.99,True
789,8,Plus,19.99,failed,0.0,False
790,8,Plus,19.99,failed,0.0,True
791,8,Basic,9.99,paid,9.99,True
792,8,Basic,9.99,failed,0.0,False
793,8,Basic,9.99,paid,9.99,True
794,8,Basic,9.99,paid,9.99,True
795,8,Basic,9.99,paid,9.99,True
796,8,Basic,9.99,paid,9.99,True
797,8,Basic,9.99,paid,9.99,True
798,8,Basic,9.99,paid,9.99,True
799,8,Plus,19.99,paid,19.99,True
800,8,Plus,19.99,failed,0.0,False
801,8,Plus,19.99,failed,0.0,False
802,8,Basic,9.99,paid,9.99,True
803,8,Premium,29.99,paid,29.99,True
804,8,Plus,19.99,failed,0.0,False
805,8,Basic,9.99,paid,9.99,True
806,8,Basic,9.99,paid,9.99,True
807,8,Plus,19.99,failed,0.0,False
808,8,Basic,9.99,paid,9.99,True
809,8,Basic,9.99,failed,0.0,False
810,8,Premium,29.99,paid,29.99,True
811,8,Basic,9.99,failed,0.0,False
812,8,Basic,9.99,paid,9.99,True
813,8,Premium,29.99,paid,29.99,True
814,8,Plus,19.99,failed,0.0,False
815,8,Basic,9.99,failed,0.0,False
816,8,Premium,29.99,failed,0.0,False
817,8,Premium,29.99,paid,29.99,True
818,8,Basic,9.99,failed,0.0,False
819,8,Plus,19.99,paid,19.99,True
820,8,Basic,9.99,paid,9.99,True
821,8,Basic,9.99,paid,9.99,True
822,8,Plus,19.99,paid,19.99,True
823,8,Basic,9.99,paid,9.99,True
824,8,Plus,19.99,paid,19.99,True
825,8,Plus,19.99,paid,19.99,True
826,8,Basic,9.99,failed,0.0,False
827,8,Plus,19.99,paid,19.99,True
828,8,Basic,9.99,paid,9.99,True
829,8,Premium,29.99,paid,29.99,True
830,8,Basic,9.99,paid,9.99,True
831,8,Plus,19.99,paid,19.99,True
832,8,Plus,19.99,paid,19.99,True
833,8,Basic,9.99,paid,9.99,True
834,8,Plus,19.99,paid,19.99,True
835,8,Plus,19.99,failed,0.0,False
836,8,Plus,19.99,paid,19.99,True
837,8,Plus,19.99,paid,19.99,True
838,8,Premium,29.99,failed,0.0,False
839,8,Basic,9.99,paid,9.99,True
840,8,Basic,9.99,paid,9.99,True
841,8,Basic,9.99,paid,9.99,True
842,8,Plus,19.99,paid,19.99,True
843,8,Basic,9.99,paid,9.99,True
844,8,Basic,9.99,paid,9.99,True
845,8,Basic,9.99,paid,9.99,True
846,8,Premium,29.99,failed,0.0,False
847,8,Basic,9.99,failed,0.0,False
848,8,Plus,19.99,paid,19.99,True
849,8,Basic,9.99,failed,0.0,False
850,8,Premium,29.99,paid,29.99,True
851,8,Basic,9.99,paid,9.99,True
852,8,Basic,9.99,paid,9.99,True
853,8,Premium,29.99,paid,29.99,True
854,8,Premium,29.99,paid,29.99,True
855,8,Basic,9.99,failed,0.0,False
856,8,Basic,9.99,failed,0.0,False
857,8,Plus,19.99,paid,19.99,True
858,8,Premium,29.99,paid,29.99,True
859,8,Basic,9.99,failed,0.0,False
860,8,Basic,9.99,paid,9.99,True
861,8,Plus,19.99,paid,19.99,True
862,8,Plus,19.99,paid,19.99,True
863,8,Plus,19.99,failed,0.0,False
864,8,Plus,19.99,failed,0.0,False
865,8,Basic,9.99,failed,0.0,False
866,8,Premium,29.99,paid,29.99,True
867,8,Premium,29.99,paid,29.99,True
868,8,Plus,19.99,paid,19.99,True
869,8,Basic,9.99,failed,0.0,False
870,8,Basic,9.99,failed,0.0,False
871,8,Plus,19.99,paid,19.99,True
872,8,Basic,9.99,failed,0.0,False
873,8,Premium,29.99,failed,0.0,False
874,8,Basic,9.99,failed,0.0,False
875,8,Plus,19.99,paid,19.99,True
876,8,Premium,29.99,paid,29.99,True
877,8,Basic,9.99,paid,9.99,True
878,8,Basic,9.99,failed,0.0,False
879,8,Plus,19.99,failed,0.0,False
880,8,Plus,19.99,failed,0.0,False
881,8,Basic,9.99,failed,0.0,False
882,8,Plus,19.99,failed,0.0,True
883,8,Premium,29.99,failed,0.0,False
884,8,Basic,9.99,paid,9.99,True
885,8,Basic,9.99,failed,0.0,False
886,8,Basic,9.99,paid,9.99,True
887,8,Basic,9.99,failed,0.0,False
888,8,Basic,9.99,failed,0.0,False
889,8,Basic,9.99,failed,0.0,False
890,8,Plus,19.99,paid,19.99,True
891,8,Basic,9.99,paid,9.99,True
892,8,Premium,29.99,paid,29.99,True
893,8,Basic,9.99,paid,9.99,True
894,8,Basic,9.99,paid,9.99,True
895,8,Plus,19.99,paid,19.99,True
896,8,Premium,29.99,paid,29.99,True
897,8,Basic,9.99,failed,0.0,False
898,8,Basic,9.99,failed,0.0,False
899,8,Basic,9.99,paid,9.99,True
900,8,Basic,9.99,paid,9.99,True
901,8,Basic,9.99,paid,9.99,True
902,8,Basic,9.99,failed,0.0,False
903,8,Basic,9.99,paid,9.99,True
904,8,Basic,9.99,failed,0.0,False
905,8,Premium,29.99,failed,0.0,False
906,8,Plus,19.99,paid,19.99,True
907,8,Basic,9.99,paid,9.99,True
908,8,Basic,9.99,paid,9.99,True
909,8,Basic,9.99,paid,9.99,True
910,8,Basic,9.99,paid,9.99,True
911,8,Plus,19.99,paid,19.99,True
912,8,Premium,29.99,failed,0.0,False
913,8,Premium,29.99,paid,29.99,True
914,8,Premium,29.99,paid,29.99,True
915,8,Premium,29.99,failed,0.0,False
916,8,Premium,29.99,paid,29.99,True
917,8,Basic,9.99,paid,9.99,True
918,8,Basic,9.99,paid,9.99,True
919,8,Basic,9.99,failed,0.0,False
920,8,Plus,19.99,paid,19.99,True
921,8,Basic,9.99,paid,9.99,True
922,8,Plus,19.99,failed,0.0,False
923,8,Plus,19.99,paid,19.99,True
924,8,Basic,9.99,failed,0.0,False
925,8,Basic,9.99,paid,9.99,True
926,8,Basic,9.99,paid,9.99,True
927,8,Basic,9.99,paid,9.99,True
928,8,Premium,29.99,paid,29.99,True
929,8,Plus,19.99,failed,0.0,False
930,8,Plus,19.99,paid,19.99,True
931,8,Basic,9.99,paid,9.99,True
932,8,Basic,9.99,paid,9.99,True
933,8,Basic,9.99,paid,9.99,True
934,8,Plus,19.99,paid,19.99,True
935,8,Plus,19.99,paid,19.99,True
936,8,Basic,9.99,paid,9.99,True
937,8,Premium,29.99,paid,29.99,True
938,8,Basic,9.99,paid,9.99,True
939,8,Premium,29.99,paid,29.99,True
940,8,Basic,9.99,failed,0.0,False
941,8,Basic,9.99,paid,9.99,True
942,8,Plus,19.99,failed,0.0,False
943,8,Basic,9.99,paid,9.99,True
944,8,Basic,9.99,paid,9.99,True
945,8,Basic,9.99,paid,9.99,True
946,8,Basic,9.99,paid,9.99,True
947,8,Plus,19.99,paid,19.99,True
948,8,Premium,29.99,failed,0.0,False
949,8,Premium,29.99,failed,0.0,False
950,8,Basic,9.99,paid,9.99,True
951,8,Basic,9.99,paid,9.99,True
952,8,Basic,9.99,failed,0.0,False
953,8,Basic,9.99,failed,0.0,False
954,8,Basic,9.99,failed,0.0,False
955,8,Premium,29.99,failed,0.0,False
956,8,Premium,29.99,paid,29.99,True
957,8,Plus,19.99,paid,19.99,True
958,8,Basic,9.99,failed,0.0,False
959,8,Basic,9.99,paid,9.99,True
960,8,Basic,9.99,paid,9.99,True
961,8,Basic,9.99,failed,0.0,False
962,8,Basic,9.99,failed,0.0,False
963,8,Basic,9.99,paid,9.99,True
964,8,Basic,9.99,failed,0.0,False
965,8,Premium,29.99,failed,0.0,False
966,8,Basic,9.99,failed,0.0,False
967,8,Premium,29.99,paid,29.99,True
968,8,Basic,9.99,failed,0.0,False
969,8,Plus,19.99,paid,19.99,True
970,8,Basic,9.99,paid,9.99,True
971,8,Basic,9.99,failed,0.0,False
972,8,Basic,9.99,paid,9.99,True
973,8,Basic,9.99,paid,9.99,True
974,8,Premium,29.99,paid,29.99,True
975,8,Basic,9.99,failed,0.0,False
976,8,Plus,19.99,paid,19.99,True
977,8,Basic,9.99,failed,0.0,False
978,8,Basic,9.99,paid,9.99,True
979,8,Basic,9.99,paid,9.99,True
980,8,Basic,9.99,failed,0.0,False
981,8,Premium,29.99,failed,0.0,False
982,8,Plus,19.99,paid,19.99,True
983,8,Plus,19.99,failed,0.0,False
984,8,Basic,9.99,failed,0.0,False
985,8,Basic,9.99,paid,9.99,True
986,8,Premium,29.99,paid,29.99,True
987,8,Basic,9.99,failed,0.0,False
988,8,Basic,9.99,failed,0.0,False
989,8,Basic,9.99,failed,0.0,False
990,8,Plus,19.99,failed,0.0,False
991,8,Plus,19.99,failed,0.0,False
992,8,Plus,19.99,failed,0.0,False
993,8,Plus,19.99,paid,19.99,True
994,8,Basic,9.99,paid,9.99,True
995,8,Premium,29.99,failed,0.0,False
996,8,Basic,9.99,failed,0.0,False
997,8,Plus,19.99,paid,19.99,True
998,8,Basic,9.99,failed,0.0,False
999,8,Premium,29.99,paid,29.99,True
1000,8,Basic,9.99,paid,9.99,True
1,9,Plus,19.99,failed,0.0,False
2,9,Basic,9.99,failed,0.0,False
3,9,Premium,29.99,paid,29.99,True
4,9,Plus,19.99,paid,19.99,True
5,9,Basic,9.99,failed,0.0,False
6,9,Premium,29.99,failed,0.0,False
7,9,Plus,19.99,failed,0.0,False
8,9,Plus,19.99,paid,19.99,True
9,9,Basic,9.99,failed,0.0,False
10,9,Basic,9.99,paid,9.99,True
11,9,Basic,9.99,paid,9.99,True
12,9,Premium,29.99,failed,0.0,False
13,9,Plus,19.99,paid,19.99,True
14,9,Plus,19.99,failed,0.0,False
15,9,Basic,9.99,paid,9.99,True
16,9,Basic,9.99,paid,9.99,True
17,9,Plus,19.99,paid,19.99,True
18,9,Basic,9.99,failed,0.0,False
19,9,Plus,19.99,paid,19.99,True
20,9,Plus,19.99,paid,19.99,True
21,9,Plus,19.99,failed,0.0,False
22,9,Basic,9.99,failed,0.0,False
23,9,Premium,29.99,failed,0.0,False
24,9,Premium,29.99,paid,29.99,True
25,9,Plus,19.99,paid,19.99,True
26,9,Basic,9.99,paid,9.99,True
27,9,Basic,9.99,paid,9.99,True
28,9,Basic,9.99,paid,9.99,True
29,9,Basic,9.99,failed,0.0,False
30,9,Plus,19.99,failed,0.0,False
31,9,Plus,19.99,failed,0.0,False
32,9,Premium,29.99,paid,29.99,True
33,9,Basic,9.99,paid,9.99,True
34,9,Basic,9.99,paid,9.99,True
35,9,Basic,9.99,failed,0.0,False
36,9,Basic,9.99,paid,9.99,True
37,9,Basic,9.99,paid,9.99,True
38,9,Basic,9.99,failed,0.0,False
39,9,Basic,9.99,failed,0.0,False
40,9,Plus,19.99,paid,19.99,True
41,9,Basic,9.99,failed,0.0,False
42,9,Plus,19.99,paid,19.99,True
43,9,Plus,19.99,failed,0.0,False
44,9,Basic,9.99,paid,9.99,True
45,9,Plus,19.99,paid,19.99,True
46,9,Plus,19.99,failed,0.0,False
47,9,Basic,9.99,failed,0.0,False
48,9,Basic,9.99,failed,0.0,False
49,9,Plus,19.99,paid,19.99,True
50,9,Basic,9.99,failed,0.0,False
51,9,Basic,9.99,failed,0.0,True
52,9,Basic,9.99,failed,0.0,False
53,9,Plus,19.99,paid,19.99,True
54,9,Plus,19.99,failed,0.0,False
55,9,Plus,19.99,failed,0.0,False
56,9,Plus,19.99,paid,19.99,True
57,9,Basic,9.99,failed,0.0,False
58,9,Plus,19.99,failed,0.0,False
59,9,Basic,9.99,paid,9.99,True
60,9,Basic,9.99,failed,0.0,False
61,9,Plus,19.99,paid,19.99,True
62,9,Basic,9.99,paid,9.99,True
63,9,Plus,19.99,paid,19.99,True
64,9,Plus,19.99,paid,19.99,True
65,9,Plus,19.99,failed,0.0,False
66,9,Plus,19.99,paid,19.99,True
67,9,Plus,19.99,paid,19.99,True
68,9,Basic,9.99,failed,0.0,False
69,9,Basic,9.99,paid,9.99,True
70,9,Basic,9.99,paid,9.99,True
71,9,Basic,9.99,paid,9.99,True
72,9,Basic,9.99,paid,9.99,True
73,9,Premium,29.99,failed,0.0,False
74,9,Basic,9.99,paid,9.99,True
75,9,Basic,9.99,paid,9.99,True
76,9,Basic,9.99,paid,9.99,True
77,9,Basic,9.99,paid,9.99,True
78,9,Plus,19.99,paid,19.99,True
79,9,Plus,19.99,paid,19.99,True
80,9,Plus,19.99,failed,0.0,False
81,9,Plus,19.99,failed,0.0,False
82,9,Basic,9.99,failed,0.0,False
83,9,Plus,19.99,failed,0.0,False
84,9,Basic,9.99,failed,0.0,False
85,9,Basic,9.99,failed,0.0,False
86,9,Basic,9.99,paid,9.99,True
87,9,Plus,19.99,paid,19.99,True
88,9,Basic,9.99,failed,0.0,False
89,9,Basic,9.99,failed,0.0,False
90,9,Basic,9.99,failed,0.0,False
91,9,Basic,9.99,failed,0.0,True
92,9,Plus,19.99,paid,19.99,True
93,9,Basic,9.99,paid,9.99,True
94,9,Basic,9.99,paid,9.99,True
95,9,Basic,9.99,paid,9.99,True
96,9,Plus,19.99,paid,19.99,True
97,9,Basic,9.99,failed,0.0,False
98,9,Basic,9.99,failed,0.0,False
99,9,Basic,9.99,paid,9.99,True
100,9,Premium,29.99,failed,0.0,False
101,9,Premium,29.99,paid,29.99,True
102,9,Plus,19.99,failed,0.0,False
103,9,Basic,9.99,failed,0.0,False
104,9,Premium,29.99,paid,29.99,True
105,9,Plus,19.99,paid,19.99,True
106,9,Plus,19.99,paid,19.99,True
107,9,Basic,9.99,failed,0.0,False
108,9,Basic,9.99,paid,9.99,True
109,9,Basic,9.99,failed,0.0,True
110,9,Premium,29.99,paid,29.99,True
111,9,Basic,9.99,paid,9.99,True
112,9,Basic,9.99,failed,0.0,False
113,9,Basic,9.99,failed,0.0,False
114,9,Plus,19.99,paid,19.99,True
115,9,Basic,9.99,failed,0.0,False
116,9,Premium,29.99,paid,29.99,True
117,9,Plus,19.99,paid,19.99,True
118,9,Plus,19.99,failed,0.0,False
119,9,Basic,9.99,paid,9.99,True
120,9,Plus,19.99,paid,19.99,True
121,9,Plus,19.99,paid,19.99,True
122,9,Plus,19.99,failed,0.0,False
123,9,Basic,9.99,paid,9.99,True
124,9,Basic,9.99,failed,0.0,False
125,9,Basic,9.99,paid,9.99,True
126,9,Basic,9.99,paid,9.99,True
127,9,Basic,9.99,paid,9.99,True
128,9,Basic,9.99,paid,9.99,True
129,9,Basic,9.99,failed,0.0,False
130,9,Plus,19.99,failed,0.0,False
131,9,Basic,9.99,paid,9.99,True
132,9,Premium,29.99,paid,29.99,True
133,9,Plus,19.99,failed,0.0,False
134,9,Basic,9.99,failed,0.0,False
135,9,Plus,19.99,paid,19.99,True
136,9,Basic,9.99,paid,9.99,True
137,9,Premium,29.99,paid,29.99,True
138,9,Basic,9.99,failed,0.0,False
139,9,Plus,19.99,failed,0.0,False
140,9,Basic,9.99,paid,9.99,True
141,9,Basic,9.99,failed,0.0,False
142,9,Basic,9.99,paid,9.99,True
143,9,Premium,29.99,failed,0.0,False
144,9,Plus,19.99,failed,0.0,False
145,9,Basic,9.99,paid,9.99,True
146,9,Basic,9.99,paid,9.99,True
147,9,Basic,9.99,failed,0.0,False
148,9,Basic,9.99,failed,0.0,False
149,9,Basic,9.99,failed,0.0,False
150,9,Basic,9.99,paid,9.99,True
151,9,Plus,19.99,paid,19.99,True
152,9,Premium,29.99,failed,0.0,False
153,9,Basic,9.99,paid,9.99,True
154,9,Plus,19.99,failed,0.0,False
155,9,Basic,9.99,paid,9.99,True
156,9,Plus,19.99,paid,19.99,True
157,9,Basic,9.99,failed,0.0,False
158,9,Plus,19.99,paid,19.99,True
159,9,Plus,19.99,paid,19.99,True
160,9,Plus,19.99,failed,0.0,False
161,9,Basic,9.99,failed,0.0,False
162,9,Premium,29.99,failed,0.0,False
163,9,Basic,9.99,failed,0.0,False
164,9,Basic,9.99,paid,9.99,True
165,9,Plus,19.99,paid,19.99,True
166,9,Basic,9.99,failed,0.0,False
167,9,Plus,19.99,failed,0.0,False
168,9,Plus,19.99,paid,19.99,True
169,9,Basic,9.99,failed,0.0,False
170,9,Premium,29.99,failed,0.0,False
171,9,Basic,9.99,paid,9.99,True
172,9,Basic,9.99,paid,9.99,True
173,9,Basic,9.99,failed,0.0,False
174,9,Premium,29.99,paid,29.99,True
175,9,Basic,9.99,paid,9.99,True
176,9,Basic,9.99,failed,0.0,False
177,9,Basic,9.99,paid,9.99,True
178,9,Premium,29.99,paid,29.99,True
179,9,Premium,29.99,failed,0.0,False
180,9,Plus,19.99,paid,19.99,True
181,9,Premium,29.99,failed,0.0,False
182,9,Premium,29.99,failed,0.0,True
183,9,Basic,9.99,failed,0.0,False
184,9,Basic,9.99,failed,0.0,False
185,9,Plus,19.99,failed,0.0,False
186,9,Plus,19.99,failed,0.0,False
187,9,Basic,9.99,paid,9.99,True
188,9,Basic,9.99,paid,9.99,True
189,9,Plus,19.99,paid,19.99,True
190,9,Basic,9.99,failed,0.0,False
191,9,Premium,29.99,paid,29.99,True
192,9,Basic,9.99,paid,9.99,True
193,9,Basic,9.99,failed,0.0,False
194,9,Plus,19.99,paid,19.99,True
195,9,Basic,9.99,failed,0.0,False
196,9,Basic,9.99,paid,9.99,True
197,9,Plus,19.99,failed,0.0,False
198,9,Premium,29.99,paid,29.99,True
199,9,Basic,9.99,failed,0.0,False
200,9,Basic,9.99,failed,0.0,False
201,9,Plus,19.99,failed,0.0,False
202,9,Premium,29.99,paid,29.99,True
203,9,Basic,9.99,failed,0.0,False
204,9,Basic,9.99,paid,9.99,True
205,9,Basic,9.99,paid,9.99,True
206,9,Basic,9.99,paid,9.99,True
207,9,Basic,9.99,paid,9.99,True
208,9,Plus,19.99,paid,19.99,True
209,9,Basic,9.99,paid,9.99,True
210,9,Basic,9.99,failed,0.0,False
211,9,Plus,19.99,paid,19.99,True
212,9,Plus,19.99,failed,0.0,False
213,9,Basic,9.99,failed,0.0,False
214,9,Plus,19.99,failed,0.0,False
215,9,Plus,19.99,paid,19.99,True
216,9,Plus,19.99,failed,0.0,False
217,9,Basic,9.99,paid,9.99,True
218,9,Basic,9.99,failed,0.0,False
219,9,Premium,29.99,paid,29.99,True
220,9,Basic,9.99,failed,0.0,False
221,9,Basic,9.99,paid,9.99,True
222,9,Basic,9.99,paid,9.99,True
223,9,Plus,19.99,paid,19.99,True
224,9,Premium,29.99,failed,0.0,False
225,9,Basic,9.99,paid,9.99,True
226,9,Premium,29.99,failed,0.0,False
227,9,Basic,9.99,paid,9.99,True
228,9,Plus,19.99,failed,0.0,False
229,9,Plus,19.99,failed,0.0,False
230,9,Basic,9.99,failed,0.0,False
231,9,Basic,9.99,paid,9.99,True
232,9,Basic,9.99,failed,0.0,False
233,9,Premium,29.99,failed,0.0,False
234,9,Plus,19.99,failed,0.0,False
235,9,Premium,29.99,paid,29.99,True
236,9,Plus,19.99,paid,19.99,True
237,9,Basic,9.99,failed,0.0,False
238,9,Plus,19.99,paid,19.99,True
239,9,Basic,9.99,paid,9.99,True
240,9,Basic,9.99,paid,9.99,True
241,9,Plus,19.99,paid,19.99,True
242,9,Plus,19.99,failed,0.0,False
243,9,Basic,9.99,paid,9.99,True
244,9,Basic,9.99,paid,9.99,True
245,9,Plus,19.99,failed,0.0,False
246,9,Premium,29.99,failed,0.0,False
247,9,Plus,19.99,failed,0.0,True
248,9,Basic,9.99,failed,0.0,False
249,9,Basic,9.99,failed,0.0,False
250,9,Basic,9.99,paid,9.99,True
251,9,Plus,19.99,paid,19.99,True
252,9,Premium,29.99,paid,29.99,True
253,9,Basic,9.99,paid,9.99,True
254,9,Basic,9.99,failed,0.0,True
255,9,Basic,9.99,paid,9.99,True
256,9,Plus,19.99,failed,0.0,False
257,9,Plus,19.99,paid,19.99,True
258,9,Basic,9.99,failed,0.0,False
259,9,Basic,9.99,failed,0.0,False
260,9,Plus,19.99,failed,0.0,False
261,9,Basic,9.99,failed,0.0,False
262,9,Plus,19.99,paid,19.99,True
263,9,Basic,9.99,failed,0.0,False
264,9,Basic,9.99,failed,0.0,False
265,9,Premium,29.99,failed,0.0,False
266,9,Basic,9.99,paid,9.99,True
267,9,Basic,9.99,failed,0.0,False
268,9,Basic,9.99,paid,9.99,True
269,9,Basic,9.99,failed,0.0,False
270,9,Basic,9.99,failed,0.0,False
271,9,Basic,9.99,failed,0.0,False
272,9,Basic,9.99,paid,9.99,True
273,9,Basic,9.99,paid,9.99,True
274,9,Plus,19.99,failed,0.0,False
275,9,Plus,19.99,failed,0.0,False
276,9,Basic,9.99,failed,0.0,False
277,9,Basic,9.99,paid,9.99,True
278,9,Basic,9.99,failed,0.0,False
279,9,Premium,29.99,failed,0.0,False
280,9,Premium,29.99,failed,0.0,False
281,9,Basic,9.99,paid,9.99,True
282,9,Basic,9.99,paid,9.99,True
283,9,Basic,9.99,failed,0.0,False
284,9,Basic,9.99,failed,0.0,False
285,9,Plus,19.99,paid,19.99,True
286,9,Basic,9.99,failed,0.0,False
287,9,Basic,9.99,failed,0.0,False
288,9,Basic,9.99,paid,9.99,True
289,9,Basic,9.99,paid,9.99,True
290,9,Basic,9.99,paid,9.99,True
291,9,Plus,19.99,failed,0.0,False
292,9,Basic,9.99,failed,0.0,False
293,9,Premium,29.99,failed,0.0,True
294,9,Basic,9.99,paid,9.99,True
295,9,Plus,19.99,paid,19.99,True
296,9,Premium,29.99,failed,0.0,False
297,9,Premium,29.99,failed,0.0,False
298,9,Plus,19.99,failed,0.0,False
299,9,Plus,19.99,failed,0.0,False
300,9,Plus,19.99,failed,0.0,False
301,9,Plus,19.99,paid,19.99,True
302,9,Basic,9.99,failed,0.0,False
303,9,Basic,9.99,paid,9.99,True
304,9,Basic,9.99,paid,9.99,True
305,9,Premium,29.99,paid,29.99,True
306,9,Basic,9.99,paid,9.99,True
307,9,Basic,9.99,failed,0.0,False
308,9,Plus,19.99,paid,19.99,True
309,9,Basic,9.99,failed,0.0,False
310,9,Basic,9.99,paid,9.99,True
311,9,Basic,9.99,paid,9.99,True
312,9,Basic,9.99,paid,9.99,True
313,9,Basic,9.99,failed,0.0,False
314,9,Basic,9.99,failed,0.0,True
315,9,Basic,9.99,paid,9.99,True
316,9,Basic,9.99,failed,0.0,False
317,9,Basic,9.99,paid,9.99,True
318,9,Plus,19.99,paid,19.99,True
319,9,Basic,9.99,failed,0.0,False
320,9,Premium,29.99,paid,29.99,True
321,9,Premium,29.99,failed,0.0,False
322,9,Basic,9.99,paid,9.99,True
323,9,Basic,9.99,failed,0.0,False
324,9,Basic,9.99,failed,0.0,False
325,9,Plus,19.99,failed,0.0,False
326,9,Plus,19.99,paid,19.99,True
327,9,Plus,19.99,paid,19.99,True
328,9,Basic,9.99,failed,0.0,False
329,9,Plus,19.99,failed,0.0,False
330,9,Basic,9.99,paid,9.99,True
331,9,Plus,19.99,failed,0.0,False
332,9,Basic,9.99,paid,9.99,True
333,9,Plus,19.99,failed,0.0,False
334,9,Premium,29.99,paid,29.99,True
335,9,Basic,9.99,paid,9.99,True
336,9,Plus,19.99,failed,0.0,True
337,9,Basic,9.99,failed,0.0,False
338,9,Plus,19.99,failed,0.0,False
339,9,Basic,9.99,failed,0.0,False
340,9,Premium,29.99,failed,0.0,False
341,9,Basic,9.99,paid,9.99,True
342,9,Premium,29.99,paid,29.99,True
343,9,Plus,19.99,paid,19.99,True
344,9,Plus,19.99,paid,19.99,True
345,9,Plus,19.99,paid,19.99,True
346,9,Plus,19.99,paid,19.99,True
347,9,Premium,29.99,failed,0.0,False
348,9,Basic,9.99,failed,0.0,False
349,9,Plus,19.99,failed,0.0,False
350,9,Basic,9.99,failed,0.0,False
351,9,Plus,19.99,paid,19.99,True
352,9,Basic,9.99,paid,9.99,True
353,9,Plus,19.99,paid,19.99,True
354,9,Plus,19.99,failed,0.0,False
355,9,Basic,9.99,failed,0.0,False
356,9,Basic,9.99,failed,0.0,False
357,9,Plus,19.99,paid,19.99,True
358,9,Plus,19.99,failed,0.0,False
359,9,Basic,9.99,failed,0.0,False
360,9,Plus,19.99,failed,0.0,False
361,9,Premium,29.99,paid,29.99,True
362,9,Basic,9.99,paid,9.99,True
363,9,Basic,9.99,paid,9.99,True
364,9,Basic,9.99,paid,9.99,True
365,9,Plus,19.99,paid,19.99,True
366,9,Basic,9.99,paid,9.99,True
367,9,Plus,19.99,failed,0.0,False
368,9,Plus,19.99,paid,19.99,True
369,9,Basic,9.99,paid,9.99,True
370,9,Premium,29.99,paid,29.99,True
371,9,Plus,19.99,failed,0.0,False
372,9,Basic,9.99,failed,0.0,False
373,9,Basic,9.99,paid,9.99,True
374,9,Basic,9.99,paid,9.99,True
375,9,Basic,9.99,paid,9.99,True
376,9,Basic,9.99,paid,9.99,True
377,9,Premium,29.99,paid,29.99,True
378,9,Basic,9.99,failed,0.0,False
379,9,Basic,9.99,failed,0.0,False
380,9,Plus,19.99,failed,0.0,False
381,9,Plus,19.99,failed,0.0,False
382,9,Premium,29.99,paid,29.99,True
383,9,Plus,19.99,paid,19.99,True
384,9,Basic,9.99,failed,0.0,False
385,9,Basic,9.99,failed,0.0,False
386,9,Premium,29.99,paid,29.99,True
387,9,Plus,19.99,paid,19.99,True
388,9,Premium,29.99,paid,29.99,True
389,9,Basic,9.99,paid,9.99,True
390,9,Premium,29.99,failed,0.0,False
391,9,Plus,19.99,failed,0.0,False
392,9,Basic,9.99,failed,0.0,False
393,9,Plus,19.99,failed,0.0,False
394,9,Plus,19.99,failed,0.0,False
395,9,Basic,9.99,failed,0.0,False
396,9,Basic,9.99,paid,9.99,True
397,9,Plus,19.99,failed,0.0,False
398,9,Basic,9.99,failed,0.0,False
399,9,Basic,9.99,paid,9.99,True
400,9,Basic,9.99,paid,9.99,True
401,9,Basic,9.99,failed,0.0,False
402,9,Premium,29.99,failed,0.0,False
403,9,Plus,19.99,failed,0.0,False
404,9,Basic,9.99,failed,0.0,False
405,9,Premium,29.99,paid,29.99,True
406,9,Premium,29.99,paid,29.99,True
407,9,Basic,9.99,paid,9.99,True
408,9,Plus,19.99,paid,19.99,True
409,9,Basic,9.99,paid,9.99,True
410,9,Premium,29.99,failed,0.0,False
411,9,Plus,19.99,paid,19.99,True
412,9,Plus,19.99,failed,0.0,False
413,9,Basic,9.99,paid,9.99,True
414,9,Premium,29.99,paid,29.99,True
415,9,Basic,9.99,failed,0.0,False
416,9,Basic,9.99,failed,0.0,False
417,9,Basic,9.99,failed,0.0,False
418,9,Plus,19.99,paid,19.99,True
419,9,Basic,9.99,paid,9.99,True
420,9,Premium,29.99,failed,0.0,False
421,9,Plus,19.99,paid,19.99,True
422,9,Basic,9.99,failed,0.0,True
423,9,Basic,9.99,failed,0.0,False
424,9,Basic,9.99,paid,9.99,True
425,9,Plus,19.99,paid,19.99,True
426,9,Plus,19.99,paid,19.99,True
427,9,Basic,9.99,paid,9.99,True
428,9,Plus,19.99,failed,0.0,True
429,9,Basic,9.99,paid,9.99,True
430,9,Plus,19.99,failed,0.0,False
431,9,Premium,29.99,failed,0.0,False
432,9,Plus,19.99,failed,0.0,False
433,9,Plus,19.99,paid,19.99,True
434,9,Plus,19.99,failed,0.0,False
435,9,Basic,9.99,paid,9.99,True
436,9,Basic,9.99,paid,9.99,True
437,9,Basic,9.99,paid,9.99,True
438,9,Basic,9.99,failed,0.0,False
439,9,Plus,19.99,paid,19.99,True
440,9,Plus,19.99,paid,19.99,True
441,9,Premium,29.99,paid,29.99,True
442,9,Basic,9.99,failed,0.0,True
443,9,Plus,19.99,failed,0.0,False
444,9,Basic,9.99,paid,9.99,True
445,9,Basic,9.99,failed,0.0,False
446,9,Plus,19.99,failed,0.0,False
447,9,Premium,29.99,paid,29.99,True
448,9,Plus,19.99,failed,0.0,False
449,9,Basic,9.99,failed,0.0,False
450,9,Plus,19.99,paid,19.99,True
451,9,Basic,9.99,paid,9.99,True
452,9,Premium,29.99,failed,0.0,True
453,9,Plus,19.99,paid,19.99,True
454,9,Basic,9.99,paid,9.99,True
455,9,Basic,9.99,paid,9.99,True
456,9,Basic,9.99,failed,0.0,False
457,9,Premium,29.99,paid,29.99,True
458,9,Basic,9.99,paid,9.99,True
459,9,Plus,19.99,paid,19.99,True
460,9,Plus,19.99,paid,19.99,True
461,9,Plus,19.99,failed,0.0,False
462,9,Basic,9.99,failed,0.0,False
463,9,Premium,29.99,failed,0.0,False
464,9,Basic,9.99,paid,9.99,True
465,9,Plus,19.99,paid,19.99,True
466,9,Plus,19.99,paid,19.99,True
467,9,Plus,19.99,failed,0.0,False
468,9,Premium,29.99,paid,29.99,True
469,9,Basic,9.99,paid,9.99,True
470,9,Basic,9.99,failed,0.0,False
471,9,Basic,9.99,failed,0.0,True
472,9,Basic,9.99,paid,9.99,True
473,9,Basic,9.99,failed,0.0,False
474,9,Basic,9.99,paid,9.99,True
475,9,Basic,9.99,paid,9.99,True
476,9,Basic,9.99,failed,0.0,False
477,9,Basic,9.99,failed,0.0,False
478,9,Plus,19.99,paid,19.99,True
479,9,Plus,19.99,failed,0.0,False
480,9,Basic,9.99,paid,9.99,True
481,9,Basic,9.99,paid,9.99,True
482,9,Basic,9.99,paid,9.99,True
483,9,Plus,19.99,paid,19.99,True
484,9,Basic,9.99,failed,0.0,False
485,9,Basic,9.99,failed,0.0,True
486,9,Basic,9.99,paid,9.99,True
487,9,Basic,9.99,paid,9.99,True
488,9,Basic,9.99,failed,0.0,False
489,9,Plus,19.99,paid,19.99,True
490,9,Plus,19.99,paid,19.99,True
491,9,Plus,19.99,paid,19.99,True
492,9,Plus,19.99,paid,19.99,True
493,9,Plus,19.99,failed,0.0,False
494,9,Basic,9.99,paid,9.99,True
495,9,Plus,19.99,failed,0.0,False
496,9,Basic,9.99,paid,9.99,True
497,9,Basic,9.99,paid,9.99,True
498,9,Plus,19.99,paid,19.99,True
499,9,Basic,9.99,failed,0.0,True
500,9,Basic,9.99,failed,0.0,False
501,9,Plus,19.99,failed,0.0,False
502,9,Premium,29.99,failed,0.0,False
503,9,Premium,29.99,failed,0.0,False
504,9,Basic,9.99,failed,0.0,False
505,9,Basic,9.99,paid,9.99,True
506,9,Plus,19.99,failed,0.0,False
507,9,Basic,9.99,failed,0.0,False
508,9,Plus,19.99,paid,19.99,True
509,9,Basic,9.99,paid,9.99,True
510,9,Basic,9.99,paid,9.99,True
511,9,Basic,9.99,paid,9.99,True
512,9,Plus,19.99,paid,19.99,True
513,9,Basic,9.99,failed,0.0,False
514,9,Basic,9.99,failed,0.0,False
515,9,Basic,9.99,paid,9.99,True
516,9,Basic,9.99,paid,9.99,True
517,9,Basic,9.99,failed,0.0,False
518,9,Plus,19.99,failed,0.0,False
519,9,Basic,9.99,paid,9.99,True
520,9,Plus,19.99,paid,19.99,True
521,9,Premium,29.99,paid,29.99,True
522,9,Basic,9.99,failed,0.0,False
523,9,Basic,9.99,failed,0.0,False
524,9,Plus,19.99,paid,19.99,True
525,9,Basic,9.99,paid,9.99,True
526,9,Basic,9.99,failed,0.0,False
527,9,Premium,29.99,paid,29.99,True
528,9,Premium,29.99,failed,0.0,False
529,9,Plus,19.99,paid,19.99,True
530,9,Basic,9.99,failed,0.0,False
531,9,Plus,19.99,failed,0.0,False
532,9,Plus,19.99,failed,0.0,True
533,9,Basic,9.99,failed,0.0,False
534,9,Plus,19.99,failed,0.0,False
535,9,Basic,9.99,paid,9.99,True
536,9,Basic,9.99,paid,9.99,True
537,9,Basic,9.99,failed,0.0,False
538,9,Basic,9.99,failed,0.0,False
539,9,Basic,9.99,failed,0.0,False
540,9,Plus,19.99,paid,19.99,True
541,9,Premium,29.99,paid,29.99,True
542,9,Plus,19.99,paid,19.99,True
543,9,Plus,19.99,paid,19.99,True
544,9,Premium,29.99,failed,0.0,False
545,9,Basic,9.99,failed,0.0,False
546,9,Basic,9.99,paid,9.99,True
547,9,Basic,9.99,paid,9.99,True
548,9,Basic,9.99,paid,9.99,True
549,9,Plus,19.99,paid,19.99,True
550,9,Basic,9.99,paid,9.99,True
551,9,Basic,9.99,paid,9.99,True
552,9,Basic,9.99,paid,9.99,True
553,9,Basic,9.99,paid,9.99,True
554,9,Premium,29.99,failed,0.0,False
555,9,Basic,9.99,paid,9.99,True
556,9,Basic,9.99,failed,0.0,False
557,9,Basic,9.99,failed,0.0,False
558,9,Basic,9.99,paid,9.99,True
559,9,Plus,19.99,paid,19.99,True
560,9,Basic,9.99,failed,0.0,False
561,9,Basic,9.99,failed,0.0,False
562,9,Basic,9.99,paid,9.99,True
563,9,Plus,19.99,failed,0.0,False
564,9,Plus,19.99,paid,19.99,True
565,9,Plus,19.99,paid,19.99,True
566,9,Plus,19.99,failed,0.0,False
567,9,Plus,19.99,paid,19.99,True
568,9,Basic,9.99,paid,9.99,True
569,9,Basic,9.99,paid,9.99,True
570,9,Basic,9.99,paid,9.99,True
571,9,Basic,9.99,failed,0.0,False
572,9,Plus,19.99,failed,0.0,False
573,9,Basic,9.99,paid,9.99,True
574,9,Plus,19.99,failed,0.0,False
575,9,Premium,29.99,paid,29.99,True
576,9,Basic,9.99,paid,9.99,True
577,9,Premium,29.99,failed,0.0,False
578,9,Plus,19.99,paid,19.99,True
579,9,Premium,29.99,paid,29.99,True
580,9,Basic,9.99,paid,9.99,True
581,9,Basic,9.99,failed,0.0,False
582,9,Basic,9.99,paid,9.99,True
583,9,Basic,9.99,paid,9.99,True
584,9,Basic,9.99,paid,9.99,True
585,9,Premium,29.99,failed,0.0,False
586,9,Plus,19.99,paid,19.99,True
587,9,Basic,9.99,failed,0.0,False
588,9,Basic,9.99,paid,9.99,True
589,9,Basic,9.99,failed,0.0,False
590,9,Basic,9.99,paid,9.99,True
591,9,Premium,29.99,paid,29.99,True
592,9,Basic,9.99,paid,9.99,True
593,9,Basic,9.99,failed,0.0,False
594,9,Plus,19.99,failed,0.0,False
595,9,Basic,9.99,failed,0.0,False
596,9,Basic,9.99,failed,0.0,False
597,9,Plus,19.99,paid,19.99,True
598,9,Plus,19.99,paid,19.99,True
599,9,Premium,29.99,paid,29.99,True
600,9,Plus,19.99,failed,0.0,False
601,9,Basic,9.99,paid,9.99,True
602,9,Plus,19.99,failed,0.0,False
603,9,Premium,29.99,paid,29.99,True
604,9,Plus,19.99,failed,0.0,False
605,9,Premium,29.99,failed,0.0,False
606,9,Plus,19.99,failed,0.0,False
607,9,Premium,29.99,failed,0.0,False
608,9,Basic,9.99,failed,0.0,False
609,9,Plus,19.99,paid,19.99,True
610,9,Basic,9.99,paid,9.99,True
611,9,Plus,19.99,failed,0.0,False
612,9,Plus,19.99,paid,19.99,True
613,9,Premium,29.99,failed,0.0,False
614,9,Premium,29.99,failed,0.0,False
615,9,Basic,9.99,failed,0.0,False
616,9,Plus,19.99,failed,0.0,False
617,9,Plus,19.99,failed,0.0,False
618,9,Basic,9.99,paid,9.99,True
619,9,Basic,9.99,failed,0.0,False
620,9,Basic,9.99,paid,9.99,True
621,9,Plus,19.99,failed,0.0,False
622,9,Basic,9.99,failed,0.0,False
623,9,Premium,29.99,paid,29.99,True
624,9,Basic,9.99,failed,0.0,False
625,9,Premium,29.99,failed,0.0,False
626,9,Basic,9.99,paid,9.99,True
627,9,Plus,19.99,failed,0.0,False
628,9,Basic,9.99,paid,9.99,True
629,9,Plus,19.99,paid,19.99,True
630,9,Plus,19.99,paid,19.99,True
631,9,Premium,29.99,paid,29.99,True
632,9,Plus,19.99,failed,0.0,False
633,9,Basic,9.99,failed,0.0,False
634,9,Basic,9.99,failed,0.0,False
635,9,Basic,9.99,failed,0.0,False
636,9,Basic,9.99,failed,0.0,False
637,9,Plus,19.99,paid,19.99,True
638,9,Plus,19.99,paid,19.99,True
639,9,Plus,19.99,paid,19.99,True
640,9,Premium,29.99,paid,29.99,True
641,9,Plus,19.99,paid,19.99,True
642,9,Plus,19.99,paid,19.99,True
643,9,Basic,9.99,paid,9.99,True
644,9,Basic,9.99,failed,0.0,False
645,9,Plus,19.99,paid,19.99,True
646,9,Premium,29.99,paid,29.99,True
647,9,Basic,9.99,paid,9.99,True
648,9,Basic,9.99,failed,0.0,False
649,9,Plus,19.99,paid,19.99,True
650,9,Basic,9.99,failed,0.0,False
651,9,Basic,9.99,failed,0.0,False
652,9,Premium,29.99,paid,29.99,True
653,9,Plus,19.99,paid,19.99,True
654,9,Basic,9.99,paid,9.99,True
655,9,Premium,29.99,failed,0.0,False
656,9,Basic,9.99,failed,0.0,False
657,9,Premium,29.99,paid,29.99,True
658,9,Basic,9.99,paid,9.99,True
659,9,Plus,19.99,failed,0.0,True
660,9,Basic,9.99,paid,9.99,True
661,9,Basic,9.99,failed,0.0,False
662,9,Premium,29.99,failed,0.0,False
663,9,Basic,9.99,failed,0.0,False
664,9,Basic,9.99,paid,9.99,True
665,9,Basic,9.99,paid,9.99,True
666,9,Plus,19.99,paid,19.99,True
667,9,Plus,19.99,failed,0.0,False
668,9,Premium,29.99,paid,29.99,True
669,9,Basic,9.99,paid,9.99,True
670,9,Basic,9.99,paid,9.99,True
671,9,Basic,9.99,paid,9.99,True
672,9,Plus,19.99,paid,19.99,True
673,9,Premium,29.99,paid,29.99,True
674,9,Plus,19.99,failed,0.0,False
675,9,Plus,19.99,failed,0.0,False
676,9,Basic,9.99,failed,0.0,False
677,9,Premium,29.99,failed,0.0,False
678,9,Basic,9.99,paid,9.99,True
679,9,Basic,9.99,failed,0.0,False
680,9,Basic,9.99,paid,9.99,True
681,9,Basic,9.99,paid,9.99,True
682,9,Basic,9.99,paid,9.99,True
683,9,Basic,9.99,failed,0.0,True
684,9,Basic,9.99,failed,0.0,False
685,9,Plus,19.99,failed,0.0,False
686,9,Basic,9.99,paid,9.99,True
687,9,Basic,9.99,failed,0.0,False
688,9,Premium,29.99,paid,29.99,True
689,9,Plus,19.99,failed,0.0,False
690,9,Basic,9.99,paid,9.99,True
691,9,Basic,9.99,failed,0.0,False
692,9,Premium,29.99,failed,0.0,False
693,9,Basic,9.99,paid,9.99,True
694,9,Basic,9.99,paid,9.99,True
695,9,Premium,29.99,failed,0.0,False
696,9,Basic,9.99,paid,9.99,True
697,9,Plus,19.99,failed,0.0,False
698,9,Plus,19.99,failed,0.0,False
699,9,Plus,19.99,paid,19.99,True
700,9,Basic,9.99,failed,0.0,False
701,9,Basic,9.99,paid,9.99,True
702,9,Basic,9.99,paid,9.99,True
703,9,Basic,9.99,failed,0.0,False
704,9,Premium,29.99,failed,0.0,False
705,9,Basic,9.99,paid,9.99,True
706,9,Plus,19.99,paid,19.99,True
707,9,Plus,19.99,paid,19.99,True
708,9,Plus,19.99,failed,0.0,False
709,9,Basic,9.99,failed,0.0,False
710,9,Basic,9.99,paid,9.99,True
711,9,Premium,29.99,paid,29.99,True
712,9,Plus,19.99,failed,0.0,True
713,9,Plus,19.99,failed,0.0,False
714,9,Premium,29.99,failed,0.0,False
715,9,Plus,19.99,failed,0.0,False
716,9,Basic,9.99,failed,0.0,False
717,9,Plus,19.99,paid,19.99,True
718,9,Basic,9.99,failed,0.0,False
719,9,Plus,19.99,failed,0.0,False
720,9,Premium,29.99,paid,29.99,True
721,9,Basic,9.99,paid,9.99,True
722,9,Basic,9.99,paid,9.99,True
723,9,Basic,9.99,failed,0.0,False
724,9,Premium,29.99,paid,29.99,True
725,9,Basic,9.99,failed,0.0,False
726,9,Basic,9.99,failed,0.0,False
727,9,Basic,9.99,paid,9.99,True
728,9,Basic,9.99,paid,9.99,True
729,9,Basic,9.99,failed,0.0,False
730,9,Basic,9.99,failed,0.0,False
731,9,Basic,9.99,failed,0.0,False
732,9,Basic,9.99,paid,9.99,True
733,9,Basic,9.99,paid,9.99,True
734,9,Basic,9.99,failed,0.0,False
735,9,Basic,9.99,paid,9.99,True
736,9,Plus,19.99,failed,0.0,True
737,9,Basic,9.99,paid,9.99,True
738,9,Basic,9.99,failed,0.0,False
739,9,Basic,9.99,paid,9.99,True
740,9,Basic,9.99,failed,0.0,False
741,9,Basic,9.99,paid,9.99,True
742,9,Basic,9.99,paid,9.99,True
743,9,Premium,29.99,paid,29.99,True
744,9,Basic,9.99,paid,9.99,True
745,9,Basic,9.99,failed,0.0,False
746,9,Basic,9.99,failed,0.0,False
747,9,Basic,9.99,paid,9.99,True
748,9,Basic,9.99,paid,9.99,True
749,9,Plus,19.99,failed,0.0,False
750,9,Plus,19.99,failed,0.0,False
751,9,Basic,9.99,failed,0.0,False
752,9,Basic,9.99,failed,0.0,False
753,9,Basic,9.99,failed,0.0,False
754,9,Basic,9.99,paid,9.99,True
755,9,Plus,19.99,failed,0.0,False
756,9,Basic,9.99,failed,0.0,False
757,9,Basic,9.99,paid,9.99,True
758,9,Premium,29.99,paid,29.99,True
759,9,Basic,9.99,paid,9.99,True
760,9,Basic,9.99,failed,0.0,False
761,9,Plus,19.99,failed,0.0,False
762,9,Basic,9.99,paid,9.99,True
763,9,Basic,9.99,failed,0.0,False
764,9,Basic,9.99,paid,9.99,True
765,9,Premium,29.99,paid,29.99,True
766,9,Basic,9.99,paid,9.99,True
767,9,Basic,9.99,paid,9.99,True
768,9,Basic,9.99,paid,9.99,True
769,9,Basic,9.99,failed,0.0,False
770,9,Plus,19.99,paid,19.99,True
771,9,Basic,9.99,paid,9.99,True
772,9,Plus,19.99,failed,0.0,False
773,9,Plus,19.99,failed,0.0,False
774,9,Plus,19.99,paid,19.99,True
775,9,Basic,9.99,failed,0.0,False
776,9,Premium,29.99,failed,0.0,False
777,9,Plus,19.99,failed,0.0,False
778,9,Basic,9.99,failed,0.0,False
779,9,Plus,19.99,failed,0.0,False
780,9,Premium,29.99,paid,29.99,True
781,9,Basic,9.99,failed,0.0,False
782,9,Premium,29.99,paid,29.99,True
783,9,Basic,9.99,paid,9.99,True
784,9,Plus,19.99,paid,19.99,True
785,9,Premium,29.99,paid,29.99,True
786,9,Basic,9.99,paid,9.99,True
787,9,Plus,19.99,paid,19.99,True
788,9,Basic,9.99,paid,9.99,True
789,9,Plus,19.99,failed,0.0,False
790,9,Plus,19.99,failed,0.0,False
791,9,Basic,9.99,paid,9.99,True
792,9,Basic,9.99,failed,0.0,False
793,9,Basic,9.99,failed,0.0,False
794,9,Basic,9.99,paid,9.99,True
795,9,Basic,9.99,paid,9.99,True
796,9,Basic,9.99,paid,9.99,True
797,9,Basic,9.99,paid,9.99,True
798,9,Basic,9.99,paid,9.99,True
799,9,Plus,19.99,paid,19.99,True
800,9,Plus,19.99,failed,0.0,False
801,9,Plus,19.99,failed,0.0,False
802,9,Basic,9.99,paid,9.99,True
803,9,Premium,29.99,paid,29.99,True
804,9,Plus,19.99,failed,0.0,False
805,9,Basic,9.99,paid,9.99,True
806,9,Basic,9.99,paid,9.99,True
807,9,Plus,19.99,failed,0.0,False
808,9,Basic,9.99,paid,9.99,True
809,9,Basic,9.99,failed,0.0,False
810,9,Premium,29.99,paid,29.99,True
811,9,Basic,9.99,failed,0.0,False
812,9,Basic,9.99,paid,9.99,True
813,9,Premium,29.99,paid,29.99,True
814,9,Plus,19.99,failed,0.0,False
815,9,Basic,9.99,failed,0.0,False
816,9,Premium,29.99,failed,0.0,False
817,9,Premium,29.99,paid,29.99,True
818,9,Basic,9.99,failed,0.0,False
819,9,Plus,19.99,paid,19.99,True
820,9,Basic,9.99,paid,9.99,True
821,9,Basic,9.99,paid,9.99,True
822,9,Plus,19.99,paid,19.99,True
823,9,Basic,9.99,paid,9.99,True
824,9,Plus,19.99,paid,19.99,True
825,9,Plus,19.99,paid,19.99,True
826,9,Basic,9.99,failed,0.0,False
827,9,Plus,19.99,paid,19.99,True
828,9,Basic,9.99,paid,9.99,True
829,9,Premium,29.99,failed,0.0,False
830,9,Basic,9.99,paid,9.99,True
831,9,Plus,19.99,paid,19.99,True
832,9,Plus,19.99,paid,19.99,True
833,9,Basic,9.99,paid,9.99,True
834,9,Plus,19.99,paid,19.99,True
835,9,Plus,19.99,failed,0.0,False
836,9,Plus,19.99,paid,19.99,True
837,9,Plus,19.99,paid,19.99,True
838,9,Premium,29.99,failed,0.0,False
839,9,Basic,9.99,paid,9.99,True
840,9,Basic,9.99,paid,9.99,True
841,9,Basic,9.99,paid,9.99,True
842,9,Plus,19.99,paid,19.99,True
843,9,Basic,9.99,paid,9.99,True
844,9,Basic,9.99,paid,9.99,True
845,9,Basic,9.99,paid,9.99,True
846,9,Premium,29.99,failed,0.0,False
847,9,Basic,9.99,failed,0.0,False
848,9,Plus,19.99,paid,19.99,True
849,9,Basic,9.99,failed,0.0,False
850,9,Premium,29.99,failed,0.0,True
851,9,Basic,9.99,paid,9.99,True
852,9,Basic,9.99,paid,9.99,True
853,9,Premium,29.99,paid,29.99,True
854,9,Premium,29.99,paid,29.99,True
855,9,Basic,9.99,failed,0.0,False
856,9,Basic,9.99,failed,0.0,False
857,9,Plus,19.99,paid,19.99,True
858,9,Premium,29.99,paid,29.99,True
859,9,Basic,9.99,failed,0.0,False
860,9,Basic,9.99,paid,9.99,True
861,9,Plus,19.99,paid,19.99,True
862,9,Plus,19.99,paid,19.99,True
863,9,Plus,19.99,failed,0.0,False
864,9,Plus,19.99,failed,0.0,False
865,9,Basic,9.99,failed,0.0,False
866,9,Premium,29.99,paid,29.99,True
867,9,Premium,29.99,paid,29.99,True
868,9,Plus,19.99,paid,19.99,True
869,9,Basic,9.99,failed,0.0,False
870,9,Basic,9.99,failed,0.0,False
871,9,Plus,19.99,paid,19.99,True
872,9,Basic,9.99,failed,0.0,False
873,9,Premium,29.99,failed,0.0,False
874,9,Basic,9.99,failed,0.0,False
875,9,Plus,19.99,paid,19.99,True
876,9,Premium,29.99,paid,29.99,True
877,9,Basic,9.99,failed,0.0,False
878,9,Basic,9.99,failed,0.0,False
879,9,Plus,19.99,failed,0.0,False
880,9,Plus,19.99,failed,0.0,False
881,9,Basic,9.99,failed,0.0,False
882,9,Plus,19.99,paid,19.99,True
883,9,Premium,29.99,failed,0.0,False
884,9,Basic,9.99,paid,9.99,True
885,9,Basic,9.99,failed,0.0,False
886,9,Basic,9.99,failed,0.0,False
887,9,Basic,9.99,failed,0.0,False
888,9,Basic,9.99,failed,0.0,False
889,9,Basic,9.99,failed,0.0,False
890,9,Plus,19.99,paid,19.99,True
891,9,Basic,9.99,paid,9.99,True
892,9,Premium,29.99,paid,29.99,True
893,9,Basic,9.99,paid,9.99,True
894,9,Basic,9.99,paid,9.99,True
895,9,Plus,19.99,paid,19.99,True
896,9,Premium,29.99,paid,29.99,True
897,9,Basic,9.99,failed,0.0,False
898,9,Basic,9.99,failed,0.0,False
899,9,Basic,9.99,paid,9.99,True
900,9,Basic,9.99,paid,9.99,True
901,9,Basic,9.99,paid,9.99,True
902,9,Basic,9.99,failed,0.0,False
903,9,Basic,9.99,paid,9.99,True
904,9,Basic,9.99,failed,0.0,False
905,9,Premium,29.99,failed,0.0,False
906,9,Plus,19.99,paid,19.99,True
907,9,Basic,9.99,paid,9.99,True
908,9,Basic,9.99,paid,9.99,True
909,9,Basic,9.99,paid,9.99,True
910,9,Basic,9.99,paid,9.99,True
911,9,Plus,19.99,paid,19.99,True
912,9,Premium,29.99,failed,0.0,False
913,9,Premium,29.99,paid,29.99,True
914,9,Premium,29.99,paid,29.99,True
915,9,Premium,29.99,failed,0.0,False
916,9,Premium,29.99,paid,29.99,True
917,9,Basic,9.99,paid,9.99,True
918,9,Basic,9.99,paid,9.99,True
919,9,Basic,9.99,failed,0.0,False
920,9,Plus,19.99,paid,19.99,True
921,9,Basic,9.99,failed,0.0,False
922,9,Plus,19.99,failed,0.0,False
923,9,Plus,19.99,failed,0.0,False
924,9,Basic,9.99,failed,0.0,False
925,9,Basic,9.99,failed,0.0,False
926,9,Basic,9.99,paid,9.99,True
927,9,Basic,9.99,paid,9.99,True
928,9,Premium,29.99,paid,29.99,True
929,9,Plus,19.99,failed,0.0,False
930,9,Plus,19.99,paid,19.99,True
931,9,Basic,9.99,paid,9.99,True
932,9,Basic,9.99,paid,9.99,True
933,9,Basic,9.99,paid,9.99,True
934,9,Plus,19.99,paid,19.99,True
935,9,Plus,19.99,paid,19.99,True
936,9,Basic,9.99,paid,9.99,True
937,9,Premium,29.99,paid,29.99,True
938,9,Basic,9.99,paid,9.99,True
939,9,Premium,29.99,failed,0.0,True
940,9,Basic,9.99,failed,0.0,False
941,9,Basic,9.99,paid,9.99,True
942,9,Plus,19.99,failed,0.0,False
943,9,Basic,9.99,paid,9.99,True
944,9,Basic,9.99,paid,9.99,True
945,9,Basic,9.99,paid,9.99,True
946,9,Basic,9.99,paid,9.99,True
947,9,Plus,19.99,paid,19.99,True
948,9,Premium,29.99,failed,0.0,False
949,9,Premium,29.99,failed,0.0,False
950,9,Basic,9.99,paid,9.99,True
951,9,Basic,9.99,paid,9.99,True
952,9,Basic,9.99,failed,0.0,False
953,9,Basic,9.99,failed,0.0,False
954,9,Basic,9.99,failed,0.0,False
955,9,Premium,29.99,failed,0.0,False
956,9,Premium,29.99,paid,29.99,True
957,9,Plus,19.99,paid,19.99,True
958,9,Basic,9.99,failed,0.0,False
959,9,Basic,9.99,paid,9.99,True
960,9,Basic,9.99,paid,9.99,True
961,9,Basic,9.99,failed,0.0,False
962,9,Basic,9.99,failed,0.0,False
963,9,Basic,9.99,paid,9.99,True
964,9,Basic,9.99,failed,0.0,False
965,9,Premium,29.99,failed,0.0,False
966,9,Basic,9.99,failed,0.0,False
967,9,Premium,29.99,paid,29.99,True
968,9,Basic,9.99,failed,0.0,False
969,9,Plus,19.99,paid,19.99,True
970,9,Basic,9.99,paid,9.99,True
971,9,Basic,9.99,failed,0.0,False
972,9,Basic,9.99,paid,9.99,True
973,9,Basic,9.99,failed,0.0,True
974,9,Premium,29.99,paid,29.99,True
975,9,Basic,9.99,failed,0.0,False
976,9,Plus,19.99,paid,19.99,True
977,9,Basic,9.99,failed,0.0,False
978,9,Basic,9.99,failed,0.0,False
979,9,Basic,9.99,paid,9.99,True
980,9,Basic,9.99,failed,0.0,False
981,9,Premium,29.99,failed,0.0,False
982,9,Plus,19.99,paid,19.99,True
983,9,Plus,19.99,failed,0.0,False
984,9,Basic,9.99,failed,0.0,False
985,9,Basic,9.99,paid,9.99,True
986,9,Premium,29.99,paid,29.99,True
987,9,Basic,9.99,failed,0.0,False
988,9,Basic,9.99,failed,0.0,False
989,9,Basic,9.99,failed,0.0,False
990,9,Plus,19.99,failed,0.0,False
991,9,Plus,19.99,failed,0.0,False
992,9,Plus,19.99,failed,0.0,False
993,9,Plus,19.99,paid,19.99,True
994,9,Basic,9.99,paid,9.99,True
995,9,Premium,29.99,failed,0.0,False
996,9,Basic,9.99,failed,0.0,False
997,9,Plus,19.99,paid,19.99,True
998,9,Basic,9.99,failed,0.0,False
999,9,Premium,29.99,paid,29.99,True
1000,9,Basic,9.99,paid,9.99,True
1,10,Plus,19.99,failed,0.0,False
2,10,Basic,9.99,failed,0.0,False
3,10,Premium,29.99,paid,29.99,True
4,10,Plus,19.99,paid,19.99,True
5,10,Basic,9.99,failed,0.0,False
6,10,Premium,29.99,failed,0.0,False
7,10,Plus,19.99,failed,0.0,False
8,10,Plus,19.99,paid,19.99,True
9,10,Basic,9.99,failed,0.0,False
10,10,Basic,9.99,paid,9.99,True
11,10,Basic,9.99,paid,9.99,True
12,10,Premium,29.99,failed,0.0,False
13,10,Plus,19.99,paid,19.99,True
14,10,Plus,19.99,failed,0.0,False
15,10,Basic,9.99,paid,9.99,True
16,10,Basic,9.99,failed,0.0,False
17,10,Plus,19.99,paid,19.99,True
18,10,Basic,9.99,failed,0.0,False
19,10,Plus,19.99,failed,0.0,True
20,10,Plus,19.99,paid,19.99,True
21,10,Plus,19.99,failed,0.0,False
22,10,Basic,9.99,failed,0.0,False
23,10,Premium,29.99,failed,0.0,False
24,10,Premium,29.99,failed,0.0,False
25,10,Plus,19.99,paid,19.99,True
26,10,Basic,9.99,paid,9.99,True
27,10,Basic,9.99,paid,9.99,True
28,10,Basic,9.99,paid,9.99,True
29,10,Basic,9.99,failed,0.0,False
30,10,Plus,19.99,failed,0.0,False
31,10,Plus,19.99,failed,0.0,False
32,10,Premium,29.99,failed,0.0,False
33,10,Basic,9.99,paid,9.99,True
34,10,Basic,9.99,paid,9.99,True
35,10,Basic,9.99,failed,0.0,False
36,10,Basic,9.99,paid,9.99,True
37,10,Basic,9.99,paid,9.99,True
38,10,Basic,9.99,failed,0.0,False
39,10,Basic,9.99,failed,0.0,False
40,10,Plus,19.99,paid,19.99,True
41,10,Basic,9.99,failed,0.0,False
42,10,Plus,19.99,paid,19.99,True
43,10,Plus,19.99,failed,0.0,False
44,10,Basic,9.99,paid,9.99,True
45,10,Plus,19.99,paid,19.99,True
46,10,Plus,19.99,failed,0.0,False
47,10,Basic,9.99,failed,0.0,False
48,10,Basic,9.99,failed,0.0,False
49,10,Plus,19.99,paid,19.99,True
50,10,Basic,9.99,failed,0.0,False
51,10,Basic,9.99,paid,9.99,True
52,10,Basic,9.99,failed,0.0,False
53,10,Plus,19.99,paid,19.99,True
54,10,Plus,19.99,failed,0.0,False
55,10,Plus,19.99,failed,0.0,False
56,10,Plus,19.99,paid,19.99,True
57,10,Basic,9.99,failed,0.0,False
58,10,Plus,19.99,failed,0.0,False
59,10,Basic,9.99,paid,9.99,True
60,10,Basic,9.99,failed,0.0,False
61,10,Plus,19.99,paid,19.99,True
62,10,Basic,9.99,paid,9.99,True
63,10,Plus,19.99,paid,19.99,True
64,10,Plus,19.99,paid,19.99,True
65,10,Plus,19.99,failed,0.0,False
66,10,Plus,19.99,failed,0.0,False
67,10,Plus,19.99,failed,0.0,False
68,10,Basic,9.99,failed,0.0,False
69,10,Basic,9.99,paid,9.99,True
70,10,Basic,9.99,paid,9.99,True
71,10,Basic,9.99,paid,9.99,True
72,10,Basic,9.99,paid,9.99,True
73,10,Premium,29.99,failed,0.0,False
74,10,Basic,9.99,paid,9.99,True
75,10,Basic,9.99,failed,0.0,False
76,10,Basic,9.99,paid,9.99,True
77,10,Basic,9.99,paid,9.99,True
78,10,Plus,19.99,paid,19.99,True
79,10,Plus,19.99,paid,19.99,True
80,10,Plus,19.99,failed,0.0,False
81,10,Plus,19.99,failed,0.0,False
82,10,Basic,9.99,failed,0.0,False
83,10,Plus,19.99,failed,0.0,False
84,10,Basic,9.99,failed,0.0,False
85,10,Basic,9.99,failed,0.0,False
86,10,Basic,9.99,failed,0.0,False
87,10,Plus,19.99,paid,19.99,True
88,10,Basic,9.99,failed,0.0,False
89,10,Basic,9.99,failed,0.0,False
90,10,Basic,9.99,failed,0.0,False
91,10,Basic,9.99,paid,9.99,True
92,10,Plus,19.99,paid,19.99,True
93,10,Basic,9.99,failed,0.0,False
94,10,Basic,9.99,paid,9.99,True
95,10,Basic,9.99,paid,9.99,True
96,10,Plus,19.99,paid,19.99,True
97,10,Basic,9.99,failed,0.0,False
98,10,Basic,9.99,failed,0.0,False
99,10,Basic,9.99,paid,9.99,True
100,10,Premium,29.99,failed,0.0,False
101,10,Premium,29.99,paid,29.99,True
102,10,Plus,19.99,failed,0.0,False
103,10,Basic,9.99,failed,0.0,False
104,10,Premium,29.99,paid,29.99,True
105,10,Plus,19.99,paid,19.99,True
106,10,Plus,19.99,paid,19.99,True
107,10,Basic,9.99,failed,0.0,False
108,10,Basic,9.99,paid,9.99,True
109,10,Basic,9.99,paid,9.99,True
110,10,Premium,29.99,paid,29.99,True
111,10,Basic,9.99,failed,0.0,False
112,10,Basic,9.99,failed,0.0,False
113,10,Basic,9.99,failed,0.0,False
114,10,Plus,19.99,paid,19.99,True
115,10,Basic,9.99,failed,0.0,False
116,10,Premium,29.99,paid,29.99,True
117,10,Plus,19.99,paid,19.99,True
118,10,Plus,19.99,failed,0.0,False
119,10,Basic,9.99,paid,9.99,True
120,10,Plus,19.99,paid,19.99,True
121,10,Plus,19.99,paid,19.99,True
122,10,Plus,19.99,failed,0.0,False
123,10,Basic,9.99,paid,9.99,True
124,10,Basic,9.99,failed,0.0,False
125,10,Basic,9.99,paid,9.99,True
126,10,Basic,9.99,paid,9.99,True
127,10,Basic,9.99,paid,9.99,True
128,10,Basic,9.99,paid,9.99,True
129,10,Basic,9.99,failed,0.0,False
130,10,Plus,19.99,failed,0.0,False
131,10,Basic,9.99,paid,9.99,True
132,10,Premium,29.99,paid,29.99,True
133,10,Plus,19.99,failed,0.0,False
134,10,Basic,9.99,failed,0.0,False
135,10,Plus,19.99,paid,19.99,True
136,10,Basic,9.99,paid,9.99,True
137,10,Premium,29.99,failed,0.0,False
138,10,Basic,9.99,failed,0.0,False
139,10,Plus,19.99,failed,0.0,False
140,10,Basic,9.99,paid,9.99,True
141,10,Basic,9.99,failed,0.0,False
142,10,Basic,9.99,paid,9.99,True
143,10,Premium,29.99,failed,0.0,False
144,10,Plus,19.99,failed,0.0,False
145,10,Basic,9.99,failed,0.0,False
146,10,Basic,9.99,paid,9.99,True
147,10,Basic,9.99,failed,0.0,False
148,10,Basic,9.99,failed,0.0,False
149,10,Basic,9.99,failed,0.0,False
150,10,Basic,9.99,paid,9.99,True
151,10,Plus,19.99,paid,19.99,True
152,10,Premium,29.99,failed,0.0,False
153,10,Basic,9.99,paid,9.99,True
154,10,Plus,19.99,failed,0.0,False
155,10,Basic,9.99,failed,0.0,False
156,10,Plus,19.99,paid,19.99,True
157,10,Basic,9.99,failed,0.0,False
158,10,Plus,19.99,paid,19.99,True
159,10,Plus,19.99,failed,0.0,False
160,10,Plus,19.99,failed,0.0,False
161,10,Basic,9.99,failed,0.0,False
162,10,Premium,29.99,failed,0.0,False
163,10,Basic,9.99,failed,0.0,False
164,10,Basic,9.99,paid,9.99,True
165,10,Plus,19.99,failed,0.0,False
166,10,Basic,9.99,failed,0.0,False
167,10,Plus,19.99,failed,0.0,False
168,10,Plus,19.99,paid,19.99,True
169,10,Basic,9.99,failed,0.0,False
170,10,Premium,29.99,failed,0.0,False
171,10,Basic,9.99,paid,9.99,True
172,10,Basic,9.99,failed,0.0,True
173,10,Basic,9.99,failed,0.0,False
174,10,Premium,29.99,failed,0.0,False
175,10,Basic,9.99,paid,9.99,True
176,10,Basic,9.99,failed,0.0,False
177,10,Basic,9.99,paid,9.99,True
178,10,Premium,29.99,paid,29.99,True
179,10,Premium,29.99,failed,0.0,False
180,10,Plus,19.99,paid,19.99,True
181,10,Premium,29.99,failed,0.0,False
182,10,Premium,29.99,paid,29.99,True
183,10,Basic,9.99,failed,0.0,False
184,10,Basic,9.99,failed,0.0,False
185,10,Plus,19.99,failed,0.0,False
186,10,Plus,19.99,failed,0.0,False
187,10,Basic,9.99,paid,9.99,True
188,10,Basic,9.99,paid,9.99,True
189,10,Plus,19.99,paid,19.99,True
190,10,Basic,9.99,failed,0.0,False
191,10,Premium,29.99,paid,29.99,True
192,10,Basic,9.99,paid,9.99,True
193,10,Basic,9.99,failed,0.0,False
194,10,Plus,19.99,paid,19.99,True
195,10,Basic,9.99,failed,0.0,False
196,10,Basic,9.99,paid,9.99,True
197,10,Plus,19.99,failed,0.0,False
198,10,Premium,29.99,paid,29.99,True
199,10,Basic,9.99,failed,0.0,False
200,10,Basic,9.99,failed,0.0,False
201,10,Plus,19.99,failed,0.0,False
202,10,Premium,29.99,paid,29.99,True
203,10,Basic,9.99,failed,0.0,False
204,10,Basic,9.99,paid,9.99,True
205,10,Basic,9.99,paid,9.99,True
206,10,Basic,9.99,paid,9.99,True
207,10,Basic,9.99,paid,9.99,True
208,10,Plus,19.99,paid,19.99,True
209,10,Basic,9.99,paid,9.99,True
210,10,Basic,9.99,failed,0.0,False
211,10,Plus,19.99,paid,19.99,True
212,10,Plus,19.99,failed,0.0,False
213,10,Basic,9.99,failed,0.0,False
214,10,Plus,19.99,failed,0.0,False
215,10,Plus,19.99,paid,19.99,True
216,10,Plus,19.99,failed,0.0,False
217,10,Basic,9.99,paid,9.99,True
218,10,Basic,9.99,failed,0.0,False
219,10,Premium,29.99,paid,29.99,True
220,10,Basic,9.99,failed,0.0,False
221,10,Basic,9.99,paid,9.99,True
222,10,Basic,9.99,paid,9.99,True
223,10,Plus,19.99,paid,19.99,True
224,10,Premium,29.99,failed,0.0,False
225,10,Basic,9.99,paid,9.99,True
226,10,Premium,29.99,failed,0.0,False
227,10,Basic,9.99,paid,9.99,True
228,10,Plus,19.99,failed,0.0,False
229,10,Plus,19.99,failed,0.0,False
230,10,Basic,9.99,failed,0.0,False
231,10,Basic,9.99,failed,0.0,False
232,10,Basic,9.99,failed,0.0,False
233,10,Premium,29.99,failed,0.0,False
234,10,Plus,19.99,failed,0.0,False
235,10,Premium,29.99,paid,29.99,True
236,10,Plus,19.99,paid,19.99,True
237,10,Basic,9.99,failed,0.0,False
238,10,Plus,19.99,paid,19.99,True
239,10,Basic,9.99,paid,9.99,True
240,10,Basic,9.99,paid,9.99,True
241,10,Plus,19.99,failed,0.0,False
242,10,Plus,19.99,failed,0.0,False
243,10,Basic,9.99,paid,9.99,True
244,10,Basic,9.99,paid,9.99,True
245,10,Plus,19.99,failed,0.0,False
246,10,Premium,29.99,failed,0.0,False
247,10,Plus,19.99,failed,0.0,False
248,10,Basic,9.99,failed,0.0,False
249,10,Basic,9.99,failed,0.0,False
250,10,Basic,9.99,paid,9.99,True
251,10,Plus,19.99,paid,19.99,True
252,10,Premium,29.99,failed,0.0,False
253,10,Basic,9.99,paid,9.99,True
254,10,Basic,9.99,paid,9.99,True
255,10,Basic,9.99,paid,9.99,True
256,10,Plus,19.99,failed,0.0,False
257,10,Plus,19.99,paid,19.99,True
258,10,Basic,9.99,failed,0.0,False
259,10,Basic,9.99,failed,0.0,False
260,10,Plus,19.99,failed,0.0,False
261,10,Basic,9.99,failed,0.0,False
262,10,Plus,19.99,paid,19.99,True
263,10,Basic,9.99,failed,0.0,False
264,10,Basic,9.99,failed,0.0,False
265,10,Premium,29.99,failed,0.0,False
266,10,Basic,9.99,paid,9.99,True
267,10,Basic,9.99,failed,0.0,False
268,10,Basic,9.99,paid,9.99,True
269,10,Basic,9.99,failed,0.0,False
270,10,Basic,9.99,failed,0.0,False
271,10,Basic,9.99,failed,0.0,False
272,10,Basic,9.99,paid,9.99,True
273,10,Basic,9.99,paid,9.99,True
274,10,Plus,19.99,failed,0.0,False
275,10,Plus,19.99,failed,0.0,False
276,10,Basic,9.99,failed,0.0,False
277,10,Basic,9.99,paid,9.99,True
278,10,Basic,9.99,failed,0.0,False
279,10,Premium,29.99,failed,0.0,False
280,10,Premium,29.99,failed,0.0,False
281,10,Basic,9.99,paid,9.99,True
282,10,Basic,9.99,paid,9.99,True
283,10,Basic,9.99,failed,0.0,False
284,10,Basic,9.99,failed,0.0,False
285,10,Plus,19.99,failed,0.0,False
286,10,Basic,9.99,failed,0.0,False
287,10,Basic,9.99,failed,0.0,False
288,10,Basic,9.99,paid,9.99,True
289,10,Basic,9.99,paid,9.99,True
290,10,Basic,9.99,paid,9.99,True
291,10,Plus,19.99,failed,0.0,False
292,10,Basic,9.99,failed,0.0,False
293,10,Premium,29.99,paid,29.99,True
294,10,Basic,9.99,paid,9.99,True
295,10,Plus,19.99,paid,19.99,True
296,10,Premium,29.99,failed,0.0,False
297,10,Premium,29.99,failed,0.0,False
298,10,Plus,19.99,failed,0.0,False
299,10,Plus,19.99,failed,0.0,False
300,10,Plus,19.99,failed,0.0,False
301,10,Plus,19.99,paid,19.99,True
302,10,Basic,9.99,failed,0.0,False
303,10,Basic,9.99,paid,9.99,True
304,10,Basic,9.99,paid,9.99,True
305,10,Premium,29.99,failed,0.0,True
306,10,Basic,9.99,paid,9.99,True
307,10,Basic,9.99,failed,0.0,False
308,10,Plus,19.99,paid,19.99,True
309,10,Basic,9.99,failed,0.0,False
310,10,Basic,9.99,paid,9.99,True
311,10,Basic,9.99,paid,9.99,True
312,10,Basic,9.99,paid,9.99,True
313,10,Basic,9.99,failed,0.0,False
314,10,Basic,9.99,paid,9.99,True
315,10,Basic,9.99,paid,9.99,True
316,10,Basic,9.99,failed,0.0,False
317,10,Basic,9.99,paid,9.99,True
318,10,Plus,19.99,paid,19.99,True
319,10,Basic,9.99,failed,0.0,False
320,10,Premium,29.99,paid,29.99,True
321,10,Premium,29.99,failed,0.0,False
322,10,Basic,9.99,paid,9.99,True
323,10,Basic,9.99,failed,0.0,False
324,10,Basic,9.99,failed,0.0,False
325,10,Plus,19.99,failed,0.0,False
326,10,Plus,19.99,paid,19.99,True
327,10,Plus,19.99,paid,19.99,True
328,10,Basic,9.99,failed,0.0,False
329,10,Plus,19.99,failed,0.0,False
330,10,Basic,9.99,paid,9.99,True
331,10,Plus,19.99,failed,0.0,False
332,10,Basic,9.99,paid,9.99,True
333,10,Plus,19.99,failed,0.0,False
334,10,Premium,29.99,paid,29.99,True
335,10,Basic,9.99,paid,9.99,True
336,10,Plus,19.99,paid,19.99,True
337,10,Basic,9.99,failed,0.0,False
338,10,Plus,19.99,failed,0.0,False
339,10,Basic,9.99,failed,0.0,False
340,10,Premium,29.99,failed,0.0,False
341,10,Basic,9.99,paid,9.99,True
342,10,Premium,29.99,paid,29.99,True
343,10,Plus,19.99,paid,19.99,True
344,10,Plus,19.99,paid,19.99,True
345,10,Plus,19.99,paid,19.99,True
346,10,Plus,19.99,paid,19.99,True
347,10,Premium,29.99,failed,0.0,False
348,10,Basic,9.99,failed,0.0,False
349,10,Plus,19.99,failed,0.0,False
350,10,Basic,9.99,failed,0.0,False
351,10,Plus,19.99,paid,19.99,True
352,10,Basic,9.99,paid,9.99,True
353,10,Plus,19.99,failed,0.0,True
354,10,Plus,19.99,failed,0.0,False
355,10,Basic,9.99,failed,0.0,False
356,10,Basic,9.99,failed,0.0,False
357,10,Plus,19.99,paid,19.99,True
358,10,Plus,19.99,failed,0.0,False
359,10,Basic,9.99,failed,0.0,False
360,10,Plus,19.99,failed,0.0,False
361,10,Premium,29.99,paid,29.99,True
362,10,Basic,9.99,paid,9.99,True
363,10,Basic,9.99,failed,0.0,True
364,10,Basic,9.99,paid,9.99,True
365,10,Plus,19.99,failed,0.0,False
366,10,Basic,9.99,paid,9.99,True
367,10,Plus,19.99,failed,0.0,False
368,10,Plus,19.99,paid,19.99,True
369,10,Basic,9.99,paid,9.99,True
370,10,Premium,29.99,paid,29.99,True
371,10,Plus,19.99,failed,0.0,False
372,10,Basic,9.99,failed,0.0,False
373,10,Basic,9.99,paid,9.99,True
374,10,Basic,9.99,paid,9.99,True
375,10,Basic,9.99,paid,9.99,True
376,10,Basic,9.99,failed,0.0,True
377,10,Premium,29.99,paid,29.99,True
378,10,Basic,9.99,failed,0.0,False
379,10,Basic,9.99,failed,0.0,False
380,10,Plus,19.99,failed,0.0,False
381,10,Plus,19.99,failed,0.0,False
382,10,Premium,29.99,paid,29.99,True
383,10,Plus,19.99,paid,19.99,True
384,10,Basic,9.99,failed,0.0,False
385,10,Basic,9.99,failed,0.0,False
386,10,Premium,29.99,failed,0.0,True
387,10,Plus,19.99,paid,19.99,True
388,10,Premium,29.99,paid,29.99,True
389,10,Basic,9.99,paid,9.99,True
390,10,Premium,29.99,failed,0.0,False
391,10,Plus,19.99,failed,0.0,False
392,10,Basic,9.99,failed,0.0,False
393,10,Plus,19.99,failed,0.0,False
394,10,Plus,19.99,failed,0.0,False
395,10,Basic,9.99,failed,0.0,False
396,10,Basic,9.99,paid,9.99,True
397,10,Plus,19.99,failed,0.0,False
398,10,Basic,9.99,failed,0.0,False
399,10,Basic,9.99,paid,9.99,True
400,10,Basic,9.99,paid,9.99,True
401,10,Basic,9.99,failed,0.0,False
402,10,Premium,29.99,failed,0.0,False
403,10,Plus,19.99,failed,0.0,False
404,10,Basic,9.99,failed,0.0,False
405,10,Premium,29.99,paid,29.99,True
406,10,Premium,29.99,paid,29.99,True
407,10,Basic,9.99,paid,9.99,True
408,10,Plus,19.99,paid,19.99,True
409,10,Basic,9.99,failed,0.0,True
410,10,Premium,29.99,failed,0.0,False
411,10,Plus,19.99,paid,19.99,True
412,10,Plus,19.99,failed,0.0,False
413,10,Basic,9.99,paid,9.99,True
414,10,Premium,29.99,paid,29.99,True
415,10,Basic,9.99,failed,0.0,False
416,10,Basic,9.99,failed,0.0,False
417,10,Basic,9.99,failed,0.0,False
418,10,Plus,19.99,paid,19.99,True
419,10,Basic,9.99,failed,0.0,True
420,10,Premium,29.99,failed,0.0,False
421,10,Plus,19.99,paid,19.99,True
422,10,Basic,9.99,paid,9.99,True
423,10,Basic,9.99,failed,0.0,False
424,10,Basic,9.99,paid,9.99,True
425,10,Plus,19.99,failed,0.0,False
426,10,Plus,19.99,paid,19.99,True
427,10,Basic,9.99,paid,9.99,True
428,10,Plus,19.99,paid,19.99,True
429,10,Basic,9.99,failed,0.0,False
430,10,Plus,19.99,failed,0.0,False
431,10,Premium,29.99,failed,0.0,False
432,10,Plus,19.99,failed,0.0,False
433,10,Plus,19.99,paid,19.99,True
434,10,Plus,19.99,failed,0.0,False
435,10,Basic,9.99,paid,9.99,True
436,10,Basic,9.99,paid,9.99,True
437,10,Basic,9.99,paid,9.99,True
438,10,Basic,9.99,failed,0.0,False
439,10,Plus,19.99,paid,19.99,True
440,10,Plus,19.99,paid,19.99,True
441,10,Premium,29.99,paid,29.99,True
442,10,Basic,9.99,paid,9.99,True
443,10,Plus,19.99,failed,0.0,False
444,10,Basic,9.99,paid,9.99,True
445,10,Basic,9.99,failed,0.0,False
446,10,Plus,19.99,failed,0.0,False
447,10,Premium,29.99,paid,29.99,True
448,10,Plus,19.99,failed,0.0,False
449,10,Basic,9.99,failed,0.0,False
450,10,Plus,19.99,paid,19.99,True
451,10,Basic,9.99,paid,9.99,True
452,10,Premium,29.99,paid,29.99,True
453,10,Plus,19.99,paid,19.99,True
454,10,Basic,9.99,failed,0.0,True
455,10,Basic,9.99,paid,9.99,True
456,10,Basic,9.99,failed,0.0,False
457,10,Premium,29.99,failed,0.0,False
458,10,Basic,9.99,paid,9.99,True
459,10,Plus,19.99,paid,19.99,True
460,10,Plus,19.99,paid,19.99,True
461,10,Plus,19.99,failed,0.0,False
462,10,Basic,9.99,failed,0.0,False
463,10,Premium,29.99,failed,0.0,False
464,10,Basic,9.99,failed,0.0,False
465,10,Plus,19.99,paid,19.99,True
466,10,Plus,19.99,paid,19.99,True
467,10,Plus,19.99,failed,0.0,False
468,10,Premium,29.99,paid,29.99,True
469,10,Basic,9.99,paid,9.99,True
470,10,Basic,9.99,failed,0.0,False
471,10,Basic,9.99,failed,0.0,False
472,10,Basic,9.99,paid,9.99,True
473,10,Basic,9.99,failed,0.0,False
474,10,Basic,9.99,paid,9.99,True
475,10,Basic,9.99,paid,9.99,True
476,10,Basic,9.99,failed,0.0,False
477,10,Basic,9.99,failed,0.0,False
478,10,Plus,19.99,failed,0.0,False
479,10,Plus,19.99,failed,0.0,False
480,10,Basic,9.99,paid,9.99,True
481,10,Basic,9.99,failed,0.0,False
482,10,Basic,9.99,paid,9.99,True
483,10,Plus,19.99,failed,0.0,True
484,10,Basic,9.99,failed,0.0,False
485,10,Basic,9.99,paid,9.99,True
486,10,Basic,9.99,paid,9.99,True
487,10,Basic,9.99,failed,0.0,False
488,10,Basic,9.99,failed,0.0,False
489,10,Plus,19.99,paid,19.99,True
490,10,Plus,19.99,paid,19.99,True
491,10,Plus,19.99,paid,19.99,True
492,10,Plus,19.99,paid,19.99,True
493,10,Plus,19.99,failed,0.0,False
494,10,Basic,9.99,paid,9.99,True
495,10,Plus,19.99,failed,0.0,False
496,10,Basic,9.99,paid,9.99,True
497,10,Basic,9.99,paid,9.99,True
498,10,Plus,19.99,failed,0.0,True
499,10,Basic,9.99,paid,9.99,True
500,10,Basic,9.99,failed,0.0,False
501,10,Plus,19.99,failed,0.0,False
502,10,Premium,29.99,failed,0.0,False
503,10,Premium,29.99,failed,0.0,False
504,10,Basic,9.99,failed,0.0,False
505,10,Basic,9.99,paid,9.99,True
506,10,Plus,19.99,failed,0.0,False
507,10,Basic,9.99,failed,0.0,False
508,10,Plus,19.99,paid,19.99,True
509,10,Basic,9.99,paid,9.99,True
510,10,Basic,9.99,failed,0.0,False
511,10,Basic,9.99,failed,0.0,True
512,10,Plus,19.99,paid,19.99,True
513,10,Basic,9.99,failed,0.0,False
514,10,Basic,9.99,failed,0.0,False
515,10,Basic,9.99,paid,9.99,True
516,10,Basic,9.99,paid,9.99,True
517,10,Basic,9.99,failed,0.0,False
518,10,Plus,19.99,failed,0.0,False
519,10,Basic,9.99,paid,9.99,True
520,10,Plus,19.99,paid,19.99,True
521,10,Premium,29.99,paid,29.99,True
522,10,Basic,9.99,failed,0.0,False
523,10,Basic,9.99,failed,0.0,False
524,10,Plus,19.99,paid,19.99,True
525,10,Basic,9.99,paid,9.99,True
526,10,Basic,9.99,failed,0.0,False
527,10,Premium,29.99,paid,29.99,True
528,10,Premium,29.99,failed,0.0,False
529,10,Plus,19.99,paid,19.99,True
530,10,Basic,9.99,failed,0.0,False
531,10,Plus,19.99,failed,0.0,False
532,10,Plus,19.99,failed,0.0,False
533,10,Basic,9.99,failed,0.0,False
534,10,Plus,19.99,failed,0.0,False
535,10,Basic,9.99,paid,9.99,True
536,10,Basic,9.99,paid,9.99,True
537,10,Basic,9.99,failed,0.0,False
538,10,Basic,9.99,failed,0.0,False
539,10,Basic,9.99,failed,0.0,False
540,10,Plus,19.99,paid,19.99,True
541,10,Premium,29.99,paid,29.99,True
542,10,Plus,19.99,paid,19.99,True
543,10,Plus,19.99,paid,19.99,True
544,10,Premium,29.99,failed,0.0,False
545,10,Basic,9.99,failed,0.0,False
546,10,Basic,9.99,paid,9.99,True
547,10,Basic,9.99,failed,0.0,True
548,10,Basic,9.99,paid,9.99,True
549,10,Plus,19.99,paid,19.99,True
550,10,Basic,9.99,paid,9.99,True
551,10,Basic,9.99,paid,9.99,True
552,10,Basic,9.99,paid,9.99,True
553,10,Basic,9.99,paid,9.99,True
554,10,Premium,29.99,failed,0.0,False
555,10,Basic,9.99,paid,9.99,True
556,10,Basic,9.99,failed,0.0,False
557,10,Basic,9.99,failed,0.0,False
558,10,Basic,9.99,paid,9.99,True
559,10,Plus,19.99,paid,19.99,True
560,10,Basic,9.99,failed,0.0,False
561,10,Basic,9.99,failed,0.0,False
562,10,Basic,9.99,failed,0.0,False
563,10,Plus,19.99,failed,0.0,False
564,10,Plus,19.99,paid,19.99,True
565,10,Plus,19.99,paid,19.99,True
566,10,Plus,19.99,failed,0.0,False
567,10,Plus,19.99,paid,19.99,True
568,10,Basic,9.99,paid,9.99,True
569,10,Basic,9.99,paid,9.99,True
570,10,Basic,9.99,paid,9.99,True
571,10,Basic,9.99,failed,0.0,False
572,10,Plus,19.99,failed,0.0,False
573,10,Basic,9.99,paid,9.99,True
574,10,Plus,19.99,failed,0.0,False
575,10,Premium,29.99,paid,29.99,True
576,10,Basic,9.99,paid,9.99,True
577,10,Premium,29.99,failed,0.0,False
578,10,Plus,19.99,paid,19.99,True
579,10,Premium,29.99,paid,29.99,True
580,10,Basic,9.99,paid,9.99,True
581,10,Basic,9.99,failed,0.0,False
582,10,Basic,9.99,paid,9.99,True
583,10,Basic,9.99,paid,9.99,True
584,10,Basic,9.99,paid,9.99,True
585,10,Premium,29.99,failed,0.0,False
586,10,Plus,19.99,paid,19.99,True
587,10,Basic,9.99,failed,0.0,False
588,10,Basic,9.99,failed,0.0,True
589,10,Basic,9.99,failed,0.0,False
590,10,Basic,9.99,paid,9.99,True
591,10,Premium,29.99,paid,29.99,True
592,10,Basic,9.99,failed,0.0,True
593,10,Basic,9.99,failed,0.0,False
594,10,Plus,19.99,failed,0.0,False
595,10,Basic,9.99,failed,0.0,False
596,10,Basic,9.99,failed,0.0,False
597,10,Plus,19.99,paid,19.99,True
598,10,Plus,19.99,paid,19.99,True
599,10,Premium,29.99,paid,29.99,True
600,10,Plus,19.99,failed,0.0,False
601,10,Basic,9.99,paid,9.99,True
602,10,Plus,19.99,failed,0.0,False
603,10,Premium,29.99,failed,0.0,False
604,10,Plus,19.99,failed,0.0,False
605,10,Premium,29.99,failed,0.0,False
606,10,Plus,19.99,failed,0.0,False
607,10,Premium,29.99,failed,0.0,False
608,10,Basic,9.99,failed,0.0,False
609,10,Plus,19.99,paid,19.99,True
610,10,Basic,9.99,paid,9.99,True
611,10,Plus,19.99,failed,0.0,False
612,10,Plus,19.99,paid,19.99,True
613,10,Premium,29.99,failed,0.0,False
614,10,Premium,29.99,failed,0.0,False
615,10,Basic,9.99,failed,0.0,False
616,10,Plus,19.99,failed,0.0,False
617,10,Plus,19.99,failed,0.0,False
618,10,Basic,9.99,paid,9.99,True
619,10,Basic,9.99,failed,0.0,False
620,10,Basic,9.99,paid,9.99,True
621,10,Plus,19.99,failed,0.0,False
622,10,Basic,9.99,failed,0.0,False
623,10,Premium,29.99,paid,29.99,True
624,10,Basic,9.99,failed,0.0,False
625,10,Premium,29.99,failed,0.0,False
626,10,Basic,9.99,paid,9.99,True
627,10,Plus,19.99,failed,0.0,False
628,10,Basic,9.99,paid,9.99,True
629,10,Plus,19.99,paid,19.99,True
630,10,Plus,19.99,paid,19.99,True
631,10,Premium,29.99,paid,29.99,True
632,10,Plus,19.99,failed,0.0,False
633,10,Basic,9.99,failed,0.0,False
634,10,Basic,9.99,failed,0.0,False
635,10,Basic,9.99,failed,0.0,False
636,10,Basic,9.99,failed,0.0,False
637,10,Plus,19.99,failed,0.0,True
638,10,Plus,19.99,paid,19.99,True
639,10,Plus,19.99,paid,19.99,True
640,10,Premium,29.99,paid,29.99,True
641,10,Plus,19.99,paid,19.99,True
642,10,Plus,19.99,paid,19.99,True
643,10,Basic,9.99,paid,9.99,True
644,10,Basic,9.99,failed,0.0,False
645,10,Plus,19.99,paid,19.99,True
646,10,Premium,29.99,failed,0.0,False
647,10,Basic,9.99,paid,9.99,True
648,10,Basic,9.99,failed,0.0,False
649,10,Plus,19.99,paid,19.99,True
650,10,Basic,9.99,failed,0.0,False
651,10,Basic,9.99,failed,0.0,False
652,10,Premium,29.99,paid,29.99,True
653,10,Plus,19.99,failed,0.0,True
654,10,Basic,9.99,paid,9.99,True
655,10,Premium,29.99,failed,0.0,False
656,10,Basic,9.99,failed,0.0,False
657,10,Premium,29.99,paid,29.99,True
658,10,Basic,9.99,paid,9.99,True
659,10,Plus,19.99,failed,0.0,True
660,10,Basic,9.99,paid,9.99,True
661,10,Basic,9.99,failed,0.0,False
662,10,Premium,29.99,failed,0.0,False
663,10,Basic,9.99,failed,0.0,False
664,10,Basic,9.99,paid,9.99,True
665,10,Basic,9.99,failed,0.0,False
666,10,Plus,19.99,paid,19.99,True
667,10,Plus,19.99,failed,0.0,False
668,10,Premium,29.99,paid,29.99,True
669,10,Basic,9.99,paid,9.99,True
670,10,Basic,9.99,paid,9.99,True
671,10,Basic,9.99,paid,9.99,True
672,10,Plus,19.99,paid,19.99,True
673,10,Premium,29.99,paid,29.99,True
674,10,Plus,19.99,failed,0.0,False
675,10,Plus,19.99,failed,0.0,False
676,10,Basic,9.99,failed,0.0,False
677,10,Premium,29.99,failed,0.0,False
678,10,Basic,9.99,paid,9.99,True
679,10,Basic,9.99,failed,0.0,False
680,10,Basic,9.99,paid,9.99,True
681,10,Basic,9.99,failed,0.0,False
682,10,Basic,9.99,paid,9.99,True
683,10,Basic,9.99,paid,9.99,True
684,10,Basic,9.99,failed,0.0,False
685,10,Plus,19.99,failed,0.0,False
686,10,Basic,9.99,paid,9.99,True
687,10,Basic,9.99,failed,0.0,False
688,10,Premium,29.99,paid,29.99,True
689,10,Plus,19.99,failed,0.0,False
690,10,Basic,9.99,paid,9.99,True
691,10,Basic,9.99,failed,0.0,False
692,10,Premium,29.99,failed,0.0,False
693,10,Basic,9.99,paid,9.99,True
694,10,Basic,9.99,paid,9.99,True
695,10,Premium,29.99,failed,0.0,False
696,10,Basic,9.99,paid,9.99,True
697,10,Plus,19.99,failed,0.0,False
698,10,Plus,19.99,failed,0.0,False
699,10,Plus,19.99,paid,19.99,True
700,10,Basic,9.99,failed,0.0,False
701,10,Basic,9.99,paid,9.99,True
702,10,Basic,9.99,paid,9.99,True
703,10,Basic,9.99,failed,0.0,False
704,10,Premium,29.99,failed,0.0,False
705,10,Basic,9.99,paid,9.99,True
706,10,Plus,19.99,failed,0.0,True
707,10,Plus,19.99,paid,19.99,True
708,10,Plus,19.99,failed,0.0,False
709,10,Basic,9.99,failed,0.0,False
710,10,Basic,9.99,paid,9.99,True
711,10,Premium,29.99,paid,29.99,True
712,10,Plus,19.99,paid,19.99,True
713,10,Plus,19.99,failed,0.0,False
714,10,Premium,29.99,failed,0.0,False
715,10,Plus,19.99,failed,0.0,False
716,10,Basic,9.99,failed,0.0,False
717,10,Plus,19.99,paid,19.99,True
718,10,Basic,9.99,failed,0.0,False
719,10,Plus,19.99,failed,0.0,False
720,10,Premium,29.99,paid,29.99,True
721,10,Basic,9.99,paid,9.99,True
722,10,Basic,9.99,paid,9.99,True
723,10,Basic,9.99,failed,0.0,False
724,10,Premium,29.99,paid,29.99,True
725,10,Basic,9.99,failed,0.0,False
726,10,Basic,9.99,failed,0.0,False
727,10,Basic,9.99,paid,9.99,True
728,10,Basic,9.99,paid,9.99,True
729,10,Basic,9.99,failed,0.0,False
730,10,Basic,9.99,failed,0.0,False
731,10,Basic,9.99,failed,0.0,False
732,10,Basic,9.99,paid,9.99,True
733,10,Basic,9.99,paid,9.99,True
734,10,Basic,9.99,failed,0.0,False
735,10,Basic,9.99,paid,9.99,True
736,10,Plus,19.99,paid,19.99,True
737,10,Basic,9.99,paid,9.99,True
738,10,Basic,9.99,failed,0.0,False
739,10,Basic,9.99,paid,9.99,True
740,10,Basic,9.99,failed,0.0,False
741,10,Basic,9.99,paid,9.99,True
742,10,Basic,9.99,paid,9.99,True
743,10,Premium,29.99,paid,29.99,True
744,10,Basic,9.99,paid,9.99,True
745,10,Basic,9.99,failed,0.0,False
746,10,Basic,9.99,failed,0.0,False
747,10,Basic,9.99,paid,9.99,True
748,10,Basic,9.99,paid,9.99,True
749,10,Plus,19.99,failed,0.0,False
750,10,Plus,19.99,failed,0.0,False
751,10,Basic,9.99,failed,0.0,False
752,10,Basic,9.99,failed,0.0,False
753,10,Basic,9.99,failed,0.0,False
754,10,Basic,9.99,failed,0.0,False
755,10,Plus,19.99,failed,0.0,False
756,10,Basic,9.99,failed,0.0,False
757,10,Basic,9.99,paid,9.99,True
758,10,Premium,29.99,paid,29.99,True
759,10,Basic,9.99,paid,9.99,True
760,10,Basic,9.99,failed,0.0,False
761,10,Plus,19.99,failed,0.0,False
762,10,Basic,9.99,paid,9.99,True
763,10,Basic,9.99,failed,0.0,False
764,10,Basic,9.99,failed,0.0,False
765,10,Premium,29.99,paid,29.99,True
766,10,Basic,9.99,paid,9.99,True
767,10,Basic,9.99,paid,9.99,True
768,10,Basic,9.99,paid,9.99,True
769,10,Basic,9.99,failed,0.0,False
770,10,Plus,19.99,failed,0.0,False
771,10,Basic,9.99,paid,9.99,True
772,10,Plus,19.99,failed,0.0,False
773,10,Plus,19.99,failed,0.0,False
774,10,Plus,19.99,paid,19.99,True
775,10,Basic,9.99,failed,0.0,False
776,10,Premium,29.99,failed,0.0,False
777,10,Plus,19.99,failed,0.0,False
778,10,Basic,9.99,failed,0.0,False
779,10,Plus,19.99,failed,0.0,False
780,10,Premium,29.99,failed,0.0,True
781,10,Basic,9.99,failed,0.0,False
782,10,Premium,29.99,paid,29.99,True
783,10,Basic,9.99,failed,0.0,False
784,10,Plus,19.99,paid,19.99,True
785,10,Premium,29.99,paid,29.99,True
786,10,Basic,9.99,paid,9.99,True
787,10,Plus,19.99,paid,19.99,True
788,10,Basic,9.99,paid,9.99,True
789,10,Plus,19.99,failed,0.0,False
790,10,Plus,19.99,failed,0.0,False
791,10,Basic,9.99,paid,9.99,True
792,10,Basic,9.99,failed,0.0,False
793,10,Basic,9.99,failed,0.0,False
794,10,Basic,9.99,paid,9.99,True
795,10,Basic,9.99,paid,9.99,True
796,10,Basic,9.99,failed,0.0,False
797,10,Basic,9.99,paid,9.99,True
798,10,Basic,9.99,paid,9.99,True
799,10,Plus,19.99,paid,19.99,True
800,10,Plus,19.99,failed,0.0,False
801,10,Plus,19.99,failed,0.0,False
802,10,Basic,9.99,paid,9.99,True
803,10,Premium,29.99,failed,0.0,False
804,10,Plus,19.99,failed,0.0,False
805,10,Basic,9.99,paid,9.99,True
806,10,Basic,9.99,paid,9.99,True
807,10,Plus,19.99,failed,0.0,False
808,10,Basic,9.99,paid,9.99,True
809,10,Basic,9.99,failed,0.0,False
810,10,Premium,29.99,paid,29.99,True
811,10,Basic,9.99,failed,0.0,False
812,10,Basic,9.99,paid,9.99,True
813,10,Premium,29.99,paid,29.99,True
814,10,Plus,19.99,failed,0.0,False
815,10,Basic,9.99,failed,0.0,False
816,10,Premium,29.99,failed,0.0,False
817,10,Premium,29.99,paid,29.99,True
818,10,Basic,9.99,failed,0.0,False
819,10,Plus,19.99,paid,19.99,True
820,10,Basic,9.99,failed,0.0,False
821,10,Basic,9.99,paid,9.99,True
822,10,Plus,19.99,paid,19.99,True
823,10,Basic,9.99,paid,9.99,True
824,10,Plus,19.99,paid,19.99,True
825,10,Plus,19.99,paid,19.99,True
826,10,Basic,9.99,failed,0.0,False
827,10,Plus,19.99,paid,19.99,True
828,10,Basic,9.99,paid,9.99,True
829,10,Premium,29.99,failed,0.0,False
830,10,Basic,9.99,paid,9.99,True
831,10,Plus,19.99,paid,19.99,True
832,10,Plus,19.99,paid,19.99,True
833,10,Basic,9.99,failed,0.0,False
834,10,Plus,19.99,failed,0.0,True
835,10,Plus,19.99,failed,0.0,False
836,10,Plus,19.99,paid,19.99,True
837,10,Plus,19.99,paid,19.99,True
838,10,Premium,29.99,failed,0.0,False
839,10,Basic,9.99,paid,9.99,True
840,10,Basic,9.99,paid,9.99,True
841,10,Basic,9.99,failed,0.0,False
842,10,Plus,19.99,paid,19.99,True
843,10,Basic,9.99,paid,9.99,True
844,10,Basic,9.99,paid,9.99,True
845,10,Basic,9.99,paid,9.99,True
846,10,Premium,29.99,failed,0.0,False
847,10,Basic,9.99,failed,0.0,False
848,10,Plus,19.99,paid,19.99,True
849,10,Basic,9.99,failed,0.0,False
850,10,Premium,29.99,paid,29.99,True
851,10,Basic,9.99,paid,9.99,True
852,10,Basic,9.99,paid,9.99,True
853,10,Premium,29.99,paid,29.99,True
854,10,Premium,29.99,paid,29.99,True
855,10,Basic,9.99,failed,0.0,False
856,10,Basic,9.99,failed,0.0,False
857,10,Plus,19.99,paid,19.99,True
858,10,Premium,29.99,paid,29.99,True
859,10,Basic,9.99,failed,0.0,False
860,10,Basic,9.99,paid,9.99,True
861,10,Plus,19.99,paid,19.99,True
862,10,Plus,19.99,paid,19.99,True
863,10,Plus,19.99,failed,0.0,False
864,10,Plus,19.99,failed,0.0,False
865,10,Basic,9.99,failed,0.0,False
866,10,Premium,29.99,paid,29.99,True
867,10,Premium,29.99,paid,29.99,True
868,10,Plus,19.99,paid,19.99,True
869,10,Basic,9.99,failed,0.0,False
870,10,Basic,9.99,failed,0.0,False
871,10,Plus,19.99,paid,19.99,True
872,10,Basic,9.99,failed,0.0,False
873,10,Premium,29.99,failed,0.0,False
874,10,Basic,9.99,failed,0.0,False
875,10,Plus,19.99,failed,0.0,False
876,10,Premium,29.99,paid,29.99,True
877,10,Basic,9.99,failed,0.0,False
878,10,Basic,9.99,failed,0.0,False
879,10,Plus,19.99,failed,0.0,False
880,10,Plus,19.99,failed,0.0,False
881,10,Basic,9.99,failed,0.0,False
882,10,Plus,19.99,paid,19.99,True
883,10,Premium,29.99,failed,0.0,False
884,10,Basic,9.99,paid,9.99,True
885,10,Basic,9.99,failed,0.0,False
886,10,Basic,9.99,failed,0.0,False
887,10,Basic,9.99,failed,0.0,False
888,10,Basic,9.99,failed,0.0,False
889,10,Basic,9.99,failed,0.0,False
890,10,Plus,19.99,paid,19.99,True
891,10,Basic,9.99,paid,9.99,True
892,10,Premium,29.99,paid,29.99,True
893,10,Basic,9.99,paid,9.99,True
894,10,Basic,9.99,paid,9.99,True
895,10,Plus,19.99,paid,19.99,True
896,10,Premium,29.99,paid,29.99,True
897,10,Basic,9.99,failed,0.0,False
898,10,Basic,9.99,failed,0.0,False
899,10,Basic,9.99,paid,9.99,True
900,10,Basic,9.99,paid,9.99,True
901,10,Basic,9.99,paid,9.99,True
902,10,Basic,9.99,failed,0.0,False
903,10,Basic,9.99,paid,9.99,True
904,10,Basic,9.99,failed,0.0,False
905,10,Premium,29.99,failed,0.0,False
906,10,Plus,19.99,paid,19.99,True
907,10,Basic,9.99,paid,9.99,True
908,10,Basic,9.99,paid,9.99,True
909,10,Basic,9.99,failed,0.0,True
910,10,Basic,9.99,paid,9.99,True
911,10,Plus,19.99,paid,19.99,True
912,10,Premium,29.99,failed,0.0,False
913,10,Premium,29.99,paid,29.99,True
914,10,Premium,29.99,paid,29.99,True
915,10,Premium,29.99,failed,0.0,False
916,10,Premium,29.99,paid,29.99,True
917,10,Basic,9.99,failed,0.0,False
918,10,Basic,9.99,paid,9.99,True
919,10,Basic,9.99,failed,0.0,False
920,10,Plus,19.99,paid,19.99,True
921,10,Basic,9.99,failed,0.0,False
922,10,Plus,19.99,failed,0.0,False
923,10,Plus,19.99,failed,0.0,False
924,10,Basic,9.99,failed,0.0,False
925,10,Basic,9.99,failed,0.0,False
926,10,Basic,9.99,paid,9.99,True
927,10,Basic,9.99,failed,0.0,False
928,10,Premium,29.99,paid,29.99,True
929,10,Plus,19.99,failed,0.0,False
930,10,Plus,19.99,paid,19.99,True
931,10,Basic,9.99,paid,9.99,True
932,10,Basic,9.99,paid,9.99,True
933,10,Basic,9.99,failed,0.0,False
934,10,Plus,19.99,paid,19.99,True
935,10,Plus,19.99,paid,19.99,True
936,10,Basic,9.99,paid,9.99,True
937,10,Premium,29.99,paid,29.99,True
938,10,Basic,9.99,paid,9.99,True
939,10,Premium,29.99,paid,29.99,True
940,10,Basic,9.99,failed,0.0,False
941,10,Basic,9.99,failed,0.0,True
942,10,Plus,19.99,failed,0.0,False
943,10,Basic,9.99,paid,9.99,True
944,10,Basic,9.99,paid,9.99,True
945,10,Basic,9.99,failed,0.0,False
946,10,Basic,9.99,paid,9.99,True
947,10,Plus,19.99,paid,19.99,True
948,10,Premium,29.99,failed,0.0,False
949,10,Premium,29.99,failed,0.0,False
950,10,Basic,9.99,paid,9.99,True
951,10,Basic,9.99,failed,0.0,False
952,10,Basic,9.99,failed,0.0,False
953,10,Basic,9.99,failed,0.0,False
954,10,Basic,9.99,failed,0.0,False
955,10,Premium,29.99,failed,0.0,False
956,10,Premium,29.99,paid,29.99,True
957,10,Plus,19.99,paid,19.99,True
958,10,Basic,9.99,failed,0.0,False
959,10,Basic,9.99,paid,9.99,True
960,10,Basic,9.99,paid,9.99,True
961,10,Basic,9.99,failed,0.0,False
962,10,Basic,9.99,failed,0.0,False
963,10,Basic,9.99,paid,9.99,True
964,10,Basic,9.99,failed,0.0,False
965,10,Premium,29.99,failed,0.0,False
966,10,Basic,9.99,failed,0.0,False
967,10,Premium,29.99,paid,29.99,True
968,10,Basic,9.99,failed,0.0,False
969,10,Plus,19.99,paid,19.99,True
970,10,Basic,9.99,failed,0.0,False
971,10,Basic,9.99,failed,0.0,False
972,10,Basic,9.99,paid,9.99,True
973,10,Basic,9.99,paid,9.99,True
974,10,Premium,29.99,failed,0.0,False
975,10,Basic,9.99,failed,0.0,False
976,10,Plus,19.99,paid,19.99,True
977,10,Basic,9.99,failed,0.0,False
978,10,Basic,9.99,failed,0.0,False
979,10,Basic,9.99,paid,9.99,True
980,10,Basic,9.99,failed,0.0,False
981,10,Premium,29.99,failed,0.0,False
982,10,Plus,19.99,paid,19.99,True
983,10,Plus,19.99,failed,0.0,False
984,10,Basic,9.99,failed,0.0,False
985,10,Basic,9.99,paid,9.99,True
986,10,Premium,29.99,paid,29.99,True
987,10,Basic,9.99,failed,0.0,False
988,10,Basic,9.99,failed,0.0,False
989,10,Basic,9.99,failed,0.0,False
990,10,Plus,19.99,failed,0.0,False
991,10,Plus,19.99,failed,0.0,False
992,10,Plus,19.99,failed,0.0,False
993,10,Plus,19.99,paid,19.99,True
994,10,Basic,9.99,paid,9.99,True
995,10,Premium,29.99,failed,0.0,False
996,10,Basic,9.99,failed,0.0,False
997,10,Plus,19.99,paid,19.99,True
998,10,Basic,9.99,failed,0.0,False
999,10,Premium,29.99,paid,29.99,True
1000,10,Basic,9.99,paid,9.99,True
1,11,Plus,19.99,failed,0.0,False
2,11,Basic,9.99,failed,0.0,False
3,11,Premium,29.99,failed,0.0,False
4,11,Plus,19.99,paid,19.99,True
5,11,Basic,9.99,failed,0.0,False
6,11,Premium,29.99,failed,0.0,False
7,11,Plus,19.99,failed,0.0,False
8,11,Plus,19.99,paid,19.99,True
9,11,Basic,9.99,failed,0.0,False
10,11,Basic,9.99,paid,9.99,True
11,11,Basic,9.99,paid,9.99,True
12,11,Premium,29.99,failed,0.0,False
13,11,Plus,19.99,paid,19.99,True
14,11,Plus,19.99,failed,0.0,False
15,11,Basic,9.99,paid,9.99,True
16,11,Basic,9.99,failed,0.0,False
17,11,Plus,19.99,paid,19.99,True
18,11,Basic,9.99,failed,0.0,False
19,11,Plus,19.99,failed,0.0,False
20,11,Plus,19.99,paid,19.99,True
21,11,Plus,19.99,failed,0.0,False
22,11,Basic,9.99,failed,0.0,False
23,11,Premium,29.99,failed,0.0,False
24,11,Premium,29.99,failed,0.0,False
25,11,Plus,19.99,paid,19.99,True
26,11,Basic,9.99,paid,9.99,True
27,11,Basic,9.99,paid,9.99,True
28,11,Basic,9.99,paid,9.99,True
29,11,Basic,9.99,failed,0.0,False
30,11,Plus,19.99,failed,0.0,False
31,11,Plus,19.99,failed,0.0,False
32,11,Premium,29.99,failed,0.0,False
33,11,Basic,9.99,paid,9.99,True
34,11,Basic,9.99,paid,9.99,True
35,11,Basic,9.99,failed,0.0,False
36,11,Basic,9.99,failed,0.0,True
37,11,Basic,9.99,paid,9.99,True
38,11,Basic,9.99,failed,0.0,False
39,11,Basic,9.99,failed,0.0,False
40,11,Plus,19.99,paid,19.99,True
41,11,Basic,9.99,failed,0.0,False
42,11,Plus,19.99,paid,19.99,True
43,11,Plus,19.99,failed,0.0,False
44,11,Basic,9.99,paid,9.99,True
45,11,Plus,19.99,paid,19.99,True
46,11,Plus,19.99,failed,0.0,False
47,11,Basic,9.99,failed,0.0,False
48,11,Basic,9.99,failed,0.0,False
49,11,Plus,19.99,failed,0.0,False
50,11,Basic,9.99,failed,0.0,False
51,11,Basic,9.99,failed,0.0,False
52,11,Basic,9.99,failed,0.0,False
53,11,Plus,19.99,failed,0.0,True
54,11,Plus,19.99,failed,0.0,False
55,11,Plus,19.99,failed,0.0,False
56,11,Plus,19.99,paid,19.99,True
57,11,Basic,9.99,failed,0.0,False
58,11,Plus,19.99,failed,0.0,False
59,11,Basic,9.99,paid,9.99,True
60,11,Basic,9.99,failed,0.0,False
61,11,Plus,19.99,paid,19.99,True
62,11,Basic,9.99,paid,9.99,True
63,11,Plus,19.99,paid,19.99,True
64,11,Plus,19.99,paid,19.99,True
65,11,Plus,19.99,failed,0.0,False
66,11,Plus,19.99,failed,0.0,False
67,11,Plus,19.99,failed,0.0,False
68,11,Basic,9.99,failed,0.0,False
69,11,Basic,9.99,paid,9.99,True
70,11,Basic,9.99,paid,9.99,True
71,11,Basic,9.99,paid,9.99,True
72,11,Basic,9.99,paid,9.99,True
73,11,Premium,29.99,failed,0.0,False
74,11,Basic,9.99,paid,9.99,True
75,11,Basic,9.99,failed,0.0,False
76,11,Basic,9.99,paid,9.99,True
77,11,Basic,9.99,paid,9.99,True
78,11,Plus,19.99,paid,19.99,True
79,11,Plus,19.99,paid,19.99,True
80,11,Plus,19.99,failed,0.0,False
81,11,Plus,19.99,failed,0.0,False
82,11,Basic,9.99,failed,0.0,False
83,11,Plus,19.99,failed,0.0,False
84,11,Basic,9.99,failed,0.0,False
85,11,Basic,9.99,failed,0.0,False
86,11,Basic,9.99,failed,0.0,False
87,11,Plus,19.99,paid,19.99,True
88,11,Basic,9.99,failed,0.0,False
89,11,Basic,9.99,failed,0.0,False
90,11,Basic,9.99,failed,0.0,False
91,11,Basic,9.99,paid,9.99,True
92,11,Plus,19.99,paid,19.99,True
93,11,Basic,9.99,failed,0.0,False
94,11,Basic,9.99,paid,9.99,True
95,11,Basic,9.99,paid,9.99,True
96,11,Plus,19.99,paid,19.99,True
97,11,Basic,9.99,failed,0.0,False
98,11,Basic,9.99,failed,0.0,False
99,11,Basic,9.99,paid,9.99,True
100,11,Premium,29.99,failed,0.0,False
101,11,Premium,29.99,paid,29.99,True
102,11,Plus,19.99,failed,0.0,False
103,11,Basic,9.99,failed,0.0,False
104,11,Premium,29.99,paid,29.99,True
105,11,Plus,19.99,paid,19.99,True
106,11,Plus,19.99,paid,19.99,True
107,11,Basic,9.99,failed,0.0,False
108,11,Basic,9.99,paid,9.99,True
109,11,Basic,9.99,paid,9.99,True
110,11,Premium,29.99,paid,29.99,True
111,11,Basic,9.99,failed,0.0,False
112,11,Basic,9.99,failed,0.0,False
113,11,Basic,9.99,failed,0.0,False
114,11,Plus,19.99,paid,19.99,True
115,11,Basic,9.99,failed,0.0,False
116,11,Premium,29.99,paid,29.99,True
117,11,Plus,19.99,paid,19.99,True
118,11,Plus,19.99,failed,0.0,False
119,11,Basic,9.99,paid,9.99,True
120,11,Plus,19.99,failed,0.0,False
121,11,Plus,19.99,paid,19.99,True
122,11,Plus,19.99,failed,0.0,False
123,11,Basic,9.99,paid,9.99,True
124,11,Basic,9.99,failed,0.0,False
125,11,Basic,9.99,paid,9.99,True
126,11,Basic,9.99,paid,9.99,True
127,11,Basic,9.99,paid,9.99,True
128,11,Basic,9.99,paid,9.99,True
129,11,Basic,9.99,failed,0.0,False
130,11,Plus,19.99,failed,0.0,False
131,11,Basic,9.99,paid,9.99,True
132,11,Premium,29.99,paid,29.99,True
133,11,Plus,19.99,failed,0.0,False
134,11,Basic,9.99,failed,0.0,False
135,11,Plus,19.99,paid,19.99,True
136,11,Basic,9.99,paid,9.99,True
137,11,Premium,29.99,failed,0.0,False
138,11,Basic,9.99,failed,0.0,False
139,11,Plus,19.99,failed,0.0,False
140,11,Basic,9.99,paid,9.99,True
141,11,Basic,9.99,failed,0.0,False
142,11,Basic,9.99,paid,9.99,True
143,11,Premium,29.99,failed,0.0,False
144,11,Plus,19.99,failed,0.0,False
145,11,Basic,9.99,failed,0.0,False
146,11,Basic,9.99,paid,9.99,True
147,11,Basic,9.99,failed,0.0,False
148,11,Basic,9.99,failed,0.0,False
149,11,Basic,9.99,failed,0.0,False
150,11,Basic,9.99,paid,9.99,True
151,11,Plus,19.99,paid,19.99,True
152,11,Premium,29.99,failed,0.0,False
153,11,Basic,9.99,paid,9.99,True
154,11,Plus,19.99,failed,0.0,False
155,11,Basic,9.99,failed,0.0,False
156,11,Plus,19.99,paid,19.99,True
157,11,Basic,9.99,failed,0.0,False
158,11,Plus,19.99,failed,0.0,False
159,11,Plus,19.99,failed,0.0,False
160,11,Plus,19.99,failed,0.0,False
161,11,Basic,9.99,failed,0.0,False
162,11,Premium,29.99,failed,0.0,False
163,11,Basic,9.99,failed,0.0,False
164,11,Basic,9.99,paid,9.99,True
165,11,Plus,19.99,failed,0.0,False
166,11,Basic,9.99,failed,0.0,False
167,11,Plus,19.99,failed,0.0,False
168,11,Plus,19.99,paid,19.99,True
169,11,Basic,9.99,failed,0.0,False
170,11,Premium,29.99,failed,0.0,False
171,11,Basic,9.99,failed,0.0,True
172,11,Basic,9.99,paid,9.99,True
173,11,Basic,9.99,failed,0.0,False
174,11,Premium,29.99,failed,0.0,False
175,11,Basic,9.99,paid,9.99,True
176,11,Basic,9.99,failed,0.0,False
177,11,Basic,9.99,failed,0.0,False
178,11,Premium,29.99,paid,29.99,True
179,11,Premium,29.99,failed,0.0,False
180,11,Plus,19.99,paid,19.99,True
181,11,Premium,29.99,failed,0.0,False
182,11,Premium,29.99,paid,29.99,True
183,11,Basic,9.99,failed,0.0,False
184,11,Basic,9.99,failed,0.0,False
185,11,Plus,19.99,failed,0.0,False
186,11,Plus,19.99,failed,0.0,False
187,11,Basic,9.99,paid,9.99,True
188,11,Basic,9.99,failed,0.0,True
189,11,Plus,19.99,paid,19.99,True
190,11,Basic,9.99,failed,0.0,False
191,11,Premium,29.99,paid,29.99,True
192,11,Basic,9.99,paid,9.99,True
193,11,Basic,9.99,failed,0.0,False
194,11,Plus,19.99,paid,19.99,True
195,11,Basic,9.99,failed,0.0,False
196,11,Basic,9.99,paid,9.99,True
197,11,Plus,19.99,failed,0.0,False
198,11,Premium,29.99,paid,29.99,True
199,11,Basic,9.99,failed,0.0,False
200,11,Basic,9.99,failed,0.0,False
201,11,Plus,19.99,failed,0.0,False
202,11,Premium,29.99,paid,29.99,True
203,11,Basic,9.99,failed,0.0,False
204,11,Basic,9.99,paid,9.99,True
205,11,Basic,9.99,paid,9.99,True
206,11,Basic,9.99,paid,9.99,True
207,11,Basic,9.99,paid,9.99,True
208,11,Plus,19.99,paid,19.99,True
209,11,Basic,9.99,paid,9.99,True
210,11,Basic,9.99,failed,0.0,False
211,11,Plus,19.99,paid,19.99,True
212,11,Plus,19.99,failed,0.0,False
213,11,Basic,9.99,failed,0.0,False
214,11,Plus,19.99,failed,0.0,False
215,11,Plus,19.99,paid,19.99,True
216,11,Plus,19.99,failed,0.0,False
217,11,Basic,9.99,paid,9.99,True
218,11,Basic,9.99,failed,0.0,False
219,11,Premium,29.99,paid,29.99,True
220,11,Basic,9.99,failed,0.0,False
221,11,Basic,9.99,paid,9.99,True
222,11,Basic,9.99,paid,9.99,True
223,11,Plus,19.99,paid,19.99,True
224,11,Premium,29.99,failed,0.0,False
225,11,Basic,9.99,paid,9.99,True
226,11,Premium,29.99,failed,0.0,False
227,11,Basic,9.99,paid,9.99,True
228,11,Plus,19.99,failed,0.0,False
229,11,Plus,19.99,failed,0.0,False
230,11,Basic,9.99,failed,0.0,False
231,11,Basic,9.99,failed,0.0,False
232,11,Basic,9.99,failed,0.0,False
233,11,Premium,29.99,failed,0.0,False
234,11,Plus,19.99,failed,0.0,False
235,11,Premium,29.99,failed,0.0,False
236,11,Plus,19.99,paid,19.99,True
237,11,Basic,9.99,failed,0.0,False
238,11,Plus,19.99,paid,19.99,True
239,11,Basic,9.99,failed,0.0,False
240,11,Basic,9.99,paid,9.99,True
241,11,Plus,19.99,failed,0.0,False
242,11,Plus,19.99,failed,0.0,False
243,11,Basic,9.99,paid,9.99,True
244,11,Basic,9.99,paid,9.99,True
245,11,Plus,19.99,failed,0.0,False
246,11,Premium,29.99,failed,0.0,False
247,11,Plus,19.99,failed,0.0,False
248,11,Basic,9.99,failed,0.0,False
249,11,Basic,9.99,failed,0.0,False
250,11,Basic,9.99,paid,9.99,True
251,11,Plus,19.99,paid,19.99,True
252,11,Premium,29.99,failed,0.0,False
253,11,Basic,9.99,paid,9.99,True
254,11,Basic,9.99,paid,9.99,True
255,11,Basic,9.99,paid,9.99,True
256,11,Plus,19.99,failed,0.0,False
257,11,Plus,19.99,failed,0.0,False
258,11,Basic,9.99,failed,0.0,False
259,11,Basic,9.99,failed,0.0,False
260,11,Plus,19.99,failed,0.0,False
261,11,Basic,9.99,failed,0.0,False
262,11,Plus,19.99,paid,19.99,True
263,11,Basic,9.99,failed,0.0,False
264,11,Basic,9.99,failed,0.0,False
265,11,Premium,29.99,failed,0.0,False
266,11,Basic,9.99,paid,9.99,True
267,11,Basic,9.99,failed,0.0,False
268,11,Basic,9.99,paid,9.99,True
269,11,Basic,9.99,failed,0.0,False
270,11,Basic,9.99,failed,0.0,False
271,11,Basic,9.99,failed,0.0,False
272,11,Basic,9.99,paid,9.99,True
273,11,Basic,9.99,failed,0.0,False
274,11,Plus,19.99,failed,0.0,False
275,11,Plus,19.99,failed,0.0,False
276,11,Basic,9.99,failed,0.0,False
277,11,Basic,9.99,paid,9.99,True
278,11,Basic,9.99,failed,0.0,False
279,11,Premium,29.99,failed,0.0,False
280,11,Premium,29.99,failed,0.0,False
281,11,Basic,9.99,paid,9.99,True
282,11,Basic,9.99,failed,0.0,False
283,11,Basic,9.99,failed,0.0,False
284,11,Basic,9.99,failed,0.0,False
285,11,Plus,19.99,failed,0.0,False
286,11,Basic,9.99,failed,0.0,False
287,11,Basic,9.99,failed,0.0,False
288,11,Basic,9.99,paid,9.99,True
289,11,Basic,9.99,paid,9.99,True
290,11,Basic,9.99,paid,9.99,True
291,11,Plus,19.99,failed,0.0,False
292,11,Basic,9.99,failed,0.0,False
293,11,Premium,29.99,paid,29.99,True
294,11,Basic,9.99,paid,9.99,True
295,11,Plus,19.99,paid,19.99,True
296,11,Premium,29.99,failed,0.0,False
297,11,Premium,29.99,failed,0.0,False
298,11,Plus,19.99,failed,0.0,False
299,11,Plus,19.99,failed,0.0,False
300,11,Plus,19.99,failed,0.0,False
301,11,Plus,19.99,paid,19.99,True
302,11,Basic,9.99,failed,0.0,False
303,11,Basic,9.99,paid,9.99,True
304,11,Basic,9.99,failed,0.0,False
305,11,Premium,29.99,paid,29.99,True
306,11,Basic,9.99,paid,9.99,True
307,11,Basic,9.99,failed,0.0,False
308,11,Plus,19.99,paid,19.99,True
309,11,Basic,9.99,failed,0.0,False
310,11,Basic,9.99,paid,9.99,True
311,11,Basic,9.99,paid,9.99,True
312,11,Basic,9.99,paid,9.99,True
313,11,Basic,9.99,failed,0.0,False
314,11,Basic,9.99,failed,0.0,True
315,11,Basic,9.99,paid,9.99,True
316,11,Basic,9.99,failed,0.0,False
317,11,Basic,9.99,paid,9.99,True
318,11,Plus,19.99,paid,19.99,True
319,11,Basic,9.99,failed,0.0,False
320,11,Premium,29.99,paid,29.99,True
321,11,Premium,29.99,failed,0.0,False
322,11,Basic,9.99,paid,9.99,True
323,11,Basic,9.99,failed,0.0,False
324,11,Basic,9.99,failed,0.0,False
325,11,Plus,19.99,failed,0.0,False
326,11,Plus,19.99,failed,0.0,True
327,11,Plus,19.99,paid,19.99,True
328,11,Basic,9.99,failed,0.0,False
329,11,Plus,19.99,failed,0.0,False
330,11,Basic,9.99,paid,9.99,True
331,11,Plus,19.99,failed,0.0,False
332,11,Basic,9.99,paid,9.99,True
333,11,Plus,19.99,failed,0.0,False
334,11,Premium,29.99,paid,29.99,True
335,11,Basic,9.99,paid,9.99,True
336,11,Plus,19.99,paid,19.99,True
337,11,Basic,9.99,failed,0.0,False
338,11,Plus,19.99,failed,0.0,False
339,11,Basic,9.99,failed,0.0,False
340,11,Premium,29.99,failed,0.0,False
341,11,Basic,9.99,failed,0.0,False
342,11,Premium,29.99,paid,29.99,True
343,11,Plus,19.99,paid,19.99,True
344,11,Plus,19.99,paid,19.99,True
345,11,Plus,19.99,paid,19.99,True
346,11,Plus,19.99,paid,19.99,True
347,11,Premium,29.99,failed,0.0,False
348,11,Basic,9.99,failed,0.0,False
349,11,Plus,19.99,failed,0.0,False
350,11,Basic,9.99,failed,0.0,False
351,11,Plus,19.99,failed,0.0,False
352,11,Basic,9.99,failed,0.0,True
353,11,Plus,19.99,paid,19.99,True
354,11,Plus,19.99,failed,0.0,False
355,11,Basic,9.99,failed,0.0,False
356,11,Basic,9.99,failed,0.0,False
357,11,Plus,19.99,paid,19.99,True
358,11,Plus,19.99,failed,0.0,False
359,11,Basic,9.99,failed,0.0,False
360,11,Plus,19.99,failed,0.0,False
361,11,Premium,29.99,paid,29.99,True
362,11,Basic,9.99,paid,9.99,True
363,11,Basic,9.99,paid,9.99,True
364,11,Basic,9.99,paid,9.99,True
365,11,Plus,19.99,failed,0.0,False
366,11,Basic,9.99,paid,9.99,True
367,11,Plus,19.99,failed,0.0,False
368,11,Plus,19.99,failed,0.0,False
369,11,Basic,9.99,failed,0.0,True
370,11,Premium,29.99,paid,29.99,True
371,11,Plus,19.99,failed,0.0,False
372,11,Basic,9.99,failed,0.0,False
373,11,Basic,9.99,paid,9.99,True
374,11,Basic,9.99,paid,9.99,True
375,11,Basic,9.99,paid,9.99,True
376,11,Basic,9.99,paid,9.99,True
377,11,Premium,29.99,paid,29.99,True
378,11,Basic,9.99,failed,0.0,False
379,11,Basic,9.99,failed,0.0,False
380,11,Plus,19.99,failed,0.0,False
381,11,Plus,19.99,failed,0.0,False
382,11,Premium,29.99,paid,29.99,True
383,11,Plus,19.99,paid,19.99,True
384,11,Basic,9.99,failed,0.0,False
385,11,Basic,9.99,failed,0.0,False
386,11,Premium,29.99,paid,29.99,True
387,11,Plus,19.99,paid,19.99,True
388,11,Premium,29.99,paid,29.99,True
389,11,Basic,9.99,failed,0.0,False
390,11,Premium,29.99,failed,0.0,False
391,11,Plus,19.99,failed,0.0,False
392,11,Basic,9.99,failed,0.0,False
393,11,Plus,19.99,failed,0.0,False
394,11,Plus,19.99,failed,0.0,False
395,11,Basic,9.99,failed,0.0,False
396,11,Basic,9.99,paid,9.99,True
397,11,Plus,19.99,failed,0.0,False
398,11,Basic,9.99,failed,0.0,False
399,11,Basic,9.99,paid,9.99,True
400,11,Basic,9.99,paid,9.99,True
401,11,Basic,9.99,failed,0.0,False
402,11,Premium,29.99,failed,0.0,False
403,11,Plus,19.99,failed,0.0,False
404,11,Basic,9.99,failed,0.0,False
405,11,Premium,29.99,paid,29.99,True
406,11,Premium,29.99,paid,29.99,True
407,11,Basic,9.99,failed,0.0,False
408,11,Plus,19.99,failed,0.0,True
409,11,Basic,9.99,paid,9.99,True
410,11,Premium,29.99,failed,0.0,False
411,11,Plus,19.99,paid,19.99,True
412,11,Plus,19.99,failed,0.0,False
413,11,Basic,9.99,failed,0.0,False
414,11,Premium,29.99,paid,29.99,True
415,11,Basic,9.99,failed,0.0,False
416,11,Basic,9.99,failed,0.0,False
417,11,Basic,9.99,failed,0.0,False
418,11,Plus,19.99,paid,19.99,True
419,11,Basic,9.99,paid,9.99,True
420,11,Premium,29.99,failed,0.0,False
421,11,Plus,19.99,paid,19.99,True
422,11,Basic,9.99,paid,9.99,True
423,11,Basic,9.99,failed,0.0,False
424,11,Basic,9.99,paid,9.99,True
425,11,Plus,19.99,failed,0.0,False
426,11,Plus,19.99,failed,0.0,True
427,11,Basic,9.99,paid,9.99,True
428,11,Plus,19.99,paid,19.99,True
429,11,Basic,9.99,failed,0.0,False
430,11,Plus,19.99,failed,0.0,False
431,11,Premium,29.99,failed,0.0,False
432,11,Plus,19.99,failed,0.0,False
433,11,Plus,19.99,paid,19.99,True
434,11,Plus,19.99,failed,0.0,False
435,11,Basic,9.99,paid,9.99,True
436,11,Basic,9.99,paid,9.99,True
437,11,Basic,9.99,paid,9.99,True
438,11,Basic,9.99,failed,0.0,False
439,11,Plus,19.99,failed,0.0,False
440,11,Plus,19.99,paid,19.99,True
441,11,Premium,29.99,paid,29.99,True
442,11,Basic,9.99,paid,9.99,True
443,11,Plus,19.99,failed,0.0,False
444,11,Basic,9.99,paid,9.99,True
445,11,Basic,9.99,failed,0.0,False
446,11,Plus,19.99,failed,0.0,False
447,11,Premium,29.99,paid,29.99,True
448,11,Plus,19.99,failed,0.0,False
449,11,Basic,9.99,failed,0.0,False
450,11,Plus,19.99,paid,19.99,True
451,11,Basic,9.99,paid,9.99,True
452,11,Premium,29.99,failed,0.0,False
453,11,Plus,19.99,paid,19.99,True
454,11,Basic,9.99,paid,9.99,True
455,11,Basic,9.99,failed,0.0,False
456,11,Basic,9.99,failed,0.0,False
457,11,Premium,29.99,failed,0.0,False
458,11,Basic,9.99,paid,9.99,True
459,11,Plus,19.99,paid,19.99,True
460,11,Plus,19.99,failed,0.0,False
461,11,Plus,19.99,failed,0.0,False
462,11,Basic,9.99,failed,0.0,False
463,11,Premium,29.99,failed,0.0,False
464,11,Basic,9.99,failed,0.0,False
465,11,Plus,19.99,paid,19.99,True
466,11,Plus,19.99,paid,19.99,True
467,11,Plus,19.99,failed,0.0,False
468,11,Premium,29.99,failed,0.0,True
469,11,Basic,9.99,paid,9.99,True
470,11,Basic,9.99,failed,0.0,False
471,11,Basic,9.99,failed,0.0,False
472,11,Basic,9.99,paid,9.99,True
473,11,Basic,9.99,failed,0.0,False
474,11,Basic,9.99,paid,9.99,True
475,11,Basic,9.99,paid,9.99,True
476,11,Basic,9.99,failed,0.0,False
477,11,Basic,9.99,failed,0.0,False
478,11,Plus,19.99,failed,0.0,False
479,11,Plus,19.99,failed,0.0,False
480,11,Basic,9.99,paid,9.99,True
481,11,Basic,9.99,failed,0.0,False
482,11,Basic,9.99,paid,9.99,True
483,11,Plus,19.99,paid,19.99,True
484,11,Basic,9.99,failed,0.0,False
485,11,Basic,9.99,paid,9.99,True
486,11,Basic,9.99,paid,9.99,True
487,11,Basic,9.99,failed,0.0,False
488,11,Basic,9.99,failed,0.0,False
489,11,Plus,19.99,paid,19.99,True
490,11,Plus,19.99,paid,19.99,True
491,11,Plus,19.99,paid,19.99,True
492,11,Plus,19.99,paid,19.99,True
493,11,Plus,19.99,failed,0.0,False
494,11,Basic,9.99,paid,9.99,True
495,11,Plus,19.99,failed,0.0,False
496,11,Basic,9.99,paid,9.99,True
497,11,Basic,9.99,paid,9.99,True
498,11,Plus,19.99,paid,19.99,True
499,11,Basic,9.99,paid,9.99,True
500,11,Basic,9.99,failed,0.0,False
501,11,Plus,19.99,failed,0.0,False
502,11,Premium,29.99,failed,0.0,False
503,11,Premium,29.99,failed,0.0,False
504,11,Basic,9.99,failed,0.0,False
505,11,Basic,9.99,paid,9.99,True
506,11,Plus,19.99,failed,0.0,False
507,11,Basic,9.99,failed,0.0,False
508,11,Plus,19.99,paid,19.99,True
509,11,Basic,9.99,paid,9.99,True
510,11,Basic,9.99,failed,0.0,False
511,11,Basic,9.99,paid,9.99,True
512,11,Plus,19.99,paid,19.99,True
513,11,Basic,9.99,failed,0.0,False
514,11,Basic,9.99,failed,0.0,False
515,11,Basic,9.99,paid,9.99,True
516,11,Basic,9.99,paid,9.99,True
517,11,Basic,9.99,failed,0.0,False
518,11,Plus,19.99,failed,0.0,False
519,11,Basic,9.99,paid,9.99,True
520,11,Plus,19.99,paid,19.99,True
521,11,Premium,29.99,paid,29.99,True
522,11,Basic,9.99,failed,0.0,False
523,11,Basic,9.99,failed,0.0,False
524,11,Plus,19.99,paid,19.99,True
525,11,Basic,9.99,paid,9.99,True
526,11,Basic,9.99,failed,0.0,False
527,11,Premium,29.99,paid,29.99,True
528,11,Premium,29.99,failed,0.0,False
529,11,Plus,19.99,paid,19.99,True
530,11,Basic,9.99,failed,0.0,False
531,11,Plus,19.99,failed,0.0,False
532,11,Plus,19.99,failed,0.0,False
533,11,Basic,9.99,failed,0.0,False
534,11,Plus,19.99,failed,0.0,False
535,11,Basic,9.99,paid,9.99,True
536,11,Basic,9.99,paid,9.99,True
537,11,Basic,9.99,failed,0.0,False
538,11,Basic,9.99,failed,0.0,False
539,11,Basic,9.99,failed,0.0,False
540,11,Plus,19.99,paid,19.99,True
541,11,Premium,29.99,paid,29.99,True
542,11,Plus,19.99,failed,0.0,False
543,11,Plus,19.99,paid,19.99,True
544,11,Premium,29.99,failed,0.0,False
545,11,Basic,9.99,failed,0.0,False
546,11,Basic,9.99,paid,9.99,True
547,11,Basic,9.99,paid,9.99,True
548,11,Basic,9.99,paid,9.99,True
549,11,Plus,19.99,paid,19.99,True
550,11,Basic,9.99,paid,9.99,True
551,11,Basic,9.99,failed,0.0,False
552,11,Basic,9.99,paid,9.99,True
553,11,Basic,9.99,paid,9.99,True
554,11,Premium,29.99,failed,0.0,False
555,11,Basic,9.99,paid,9.99,True
556,11,Basic,9.99,failed,0.0,False
557,11,Basic,9.99,failed,0.0,False
558,11,Basic,9.99,paid,9.99,True
559,11,Plus,19.99,paid,19.99,True
560,11,Basic,9.99,failed,0.0,False
561,11,Basic,9.99,failed,0.0,False
562,11,Basic,9.99,failed,0.0,False
563,11,Plus,19.99,failed,0.0,False
564,11,Plus,19.99,failed,0.0,False
565,11,Plus,19.99,paid,19.99,True
566,11,Plus,19.99,failed,0.0,False
567,11,Plus,19.99,paid,19.99,True
568,11,Basic,9.99,paid,9.99,True
569,11,Basic,9.99,paid,9.99,True
570,11,Basic,9.99,paid,9.99,True
571,11,Basic,9.99,failed,0.0,False
572,11,Plus,19.99,failed,0.0,False
573,11,Basic,9.99,paid,9.99,True
574,11,Plus,19.99,failed,0.0,False
575,11,Premium,29.99,failed,0.0,False
576,11,Basic,9.99,paid,9.99,True
577,11,Premium,29.99,failed,0.0,False
578,11,Plus,19.99,paid,19.99,True
579,11,Premium,29.99,paid,29.99,True
580,11,Basic,9.99,paid,9.99,True
581,11,Basic,9.99,failed,0.0,False
582,11,Basic,9.99,paid,9.99,True
583,11,Basic,9.99,paid,9.99,True
584,11,Basic,9.99,paid,9.99,True
585,11,Premium,29.99,failed,0.0,False
586,11,Plus,19.99,paid,19.99,True
587,11,Basic,9.99,failed,0.0,False
588,11,Basic,9.99,paid,9.99,True
589,11,Basic,9.99,failed,0.0,False
590,11,Basic,9.99,failed,0.0,False
591,11,Premium,29.99,paid,29.99,True
592,11,Basic,9.99,failed,0.0,True
593,11,Basic,9.99,failed,0.0,False
594,11,Plus,19.99,failed,0.0,False
595,11,Basic,9.99,failed,0.0,False
596,11,Basic,9.99,failed,0.0,False
597,11,Plus,19.99,paid,19.99,True
598,11,Plus,19.99,failed,0.0,False
599,11,Premium,29.99,paid,29.99,True
600,11,Plus,19.99,failed,0.0,False
601,11,Basic,9.99,paid,9.99,True
602,11,Plus,19.99,failed,0.0,False
603,11,Premium,29.99,failed,0.0,False
604,11,Plus,19.99,failed,0.0,False
605,11,Premium,29.99,failed,0.0,False
606,11,Plus,19.99,failed,0.0,False
607,11,Premium,29.99,failed,0.0,False
608,11,Basic,9.99,failed,0.0,False
609,11,Plus,19.99,paid,19.99,True
610,11,Basic,9.99,paid,9.99,True
611,11,Plus,19.99,failed,0.0,False
612,11,Plus,19.99,paid,19.99,True
613,11,Premium,29.99,failed,0.0,False
614,11,Premium,29.99,failed,0.0,False
615,11,Basic,9.99,failed,0.0,False
616,11,Plus,19.99,failed,0.0,False
617,11,Plus,19.99,failed,0.0,False
618,11,Basic,9.99,paid,9.99,True
619,11,Basic,9.99,failed,0.0,False
620,11,Basic,9.99,paid,9.99,True
621,11,Plus,19.99,failed,0.0,False
622,11,Basic,9.99,failed,0.0,False
623,11,Premium,29.99,paid,29.99,True
624,11,Basic,9.99,failed,0.0,False
625,11,Premium,29.99,failed,0.0,False
626,11,Basic,9.99,paid,9.99,True
627,11,Plus,19.99,failed,0.0,False
628,11,Basic,9.99,paid,9.99,True
629,11,Plus,19.99,failed,0.0,False
630,11,Plus,19.99,paid,19.99,True
631,11,Premium,29.99,paid,29.99,True
632,11,Plus,19.99,failed,0.0,False
633,11,Basic,9.99,failed,0.0,False
634,11,Basic,9.99,failed,0.0,False
635,11,Basic,9.99,failed,0.0,False
636,11,Basic,9.99,failed,0.0,False
637,11,Plus,19.99,paid,19.99,True
638,11,Plus,19.99,failed,0.0,False
639,11,Plus,19.99,paid,19.99,True
640,11,Premium,29.99,failed,0.0,False
641,11,Plus,19.99,paid,19.99,True
642,11,Plus,19.99,paid,19.99,True
643,11,Basic,9.99,paid,9.99,True
644,11,Basic,9.99,failed,0.0,False
645,11,Plus,19.99,paid,19.99,True
646,11,Premium,29.99,failed,0.0,False
647,11,Basic,9.99,paid,9.99,True
648,11,Basic,9.99,failed,0.0,False
649,11,Plus,19.99,paid,19.99,True
650,11,Basic,9.99,failed,0.0,False
651,11,Basic,9.99,failed,0.0,False
652,11,Premium,29.99,paid,29.99,True
653,11,Plus,19.99,paid,19.99,True
654,11,Basic,9.99,paid,9.99,True
655,11,Premium,29.99,failed,0.0,False
656,11,Basic,9.99,failed,0.0,False
657,11,Premium,29.99,paid,29.99,True
658,11,Basic,9.99,paid,9.99,True
659,11,Plus,19.99,paid,19.99,True
660,11,Basic,9.99,paid,9.99,True
661,11,Basic,9.99,failed,0.0,False
662,11,Premium,29.99,failed,0.0,False
663,11,Basic,9.99,failed,0.0,False
664,11,Basic,9.99,paid,9.99,True
665,11,Basic,9.99,failed,0.0,False
666,11,Plus,19.99,paid,19.99,True
667,11,Plus,19.99,failed,0.0,False
668,11,Premium,29.99,paid,29.99,True
669,11,Basic,9.99,failed,0.0,False
670,11,Basic,9.99,paid,9.99,True
671,11,Basic,9.99,paid,9.99,True
672,11,Plus,19.99,paid,19.99,True
673,11,Premium,29.99,paid,29.99,True
674,11,Plus,19.99,failed,0.0,False
675,11,Plus,19.99,failed,0.0,False
676,11,Basic,9.99,failed,0.0,False
677,11,Premium,29.99,failed,0.0,False
678,11,Basic,9.99,paid,9.99,True
679,11,Basic,9.99,failed,0.0,False
680,11,Basic,9.99,paid,9.99,True
681,11,Basic,9.99,failed,0.0,False
682,11,Basic,9.99,paid,9.99,True
683,11,Basic,9.99,paid,9.99,True
684,11,Basic,9.99,failed,0.0,False
685,11,Plus,19.99,failed,0.0,False
686,11,Basic,9.99,paid,9.99,True
687,11,Basic,9.99,failed,0.0,False
688,11,Premium,29.99,paid,29.99,True
689,11,Plus,19.99,failed,0.0,False
690,11,Basic,9.99,paid,9.99,True
691,11,Basic,9.99,failed,0.0,False
692,11,Premium,29.99,failed,0.0,False
693,11,Basic,9.99,paid,9.99,True
694,11,Basic,9.99,paid,9.99,True
695,11,Premium,29.99,failed,0.0,False
696,11,Basic,9.99,paid,9.99,True
697,11,Plus,19.99,failed,0.0,False
698,11,Plus,19.99,failed,0.0,False
699,11,Plus,19.99,paid,19.99,True
700,11,Basic,9.99,failed,0.0,False
701,11,Basic,9.99,failed,0.0,True
702,11,Basic,9.99,paid,9.99,True
703,11,Basic,9.99,failed,0.0,False
704,11,Premium,29.99,failed,0.0,False
705,11,Basic,9.99,paid,9.99,True
706,11,Plus,19.99,paid,19.99,True
707,11,Plus,19.99,paid,19.99,True
708,11,Plus,19.99,failed,0.0,False
709,11,Basic,9.99,failed,0.0,False
710,11,Basic,9.99,paid,9.99,True
711,11,Premium,29.99,paid,29.99,True
712,11,Plus,19.99,paid,19.99,True
713,11,Plus,19.99,failed,0.0,False
714,11,Premium,29.99,failed,0.0,False
715,11,Plus,19.99,failed,0.0,False
716,11,Basic,9.99,failed,0.0,False
717,11,Plus,19.99,paid,19.99,True
718,11,Basic,9.99,failed,0.0,False
719,11,Plus,19.99,failed,0.0,False
720,11,Premium,29.99,paid,29.99,True
721,11,Basic,9.99,paid,9.99,True
722,11,Basic,9.99,paid,9.99,True
723,11,Basic,9.99,failed,0.0,False
724,11,Premium,29.99,paid,29.99,True
725,11,Basic,9.99,failed,0.0,False
726,11,Basic,9.99,failed,0.0,False
727,11,Basic,9.99,paid,9.99,True
728,11,Basic,9.99,paid,9.99,True
729,11,Basic,9.99,failed,0.0,False
730,11,Basic,9.99,failed,0.0,False
731,11,Basic,9.99,failed,0.0,False
732,11,Basic,9.99,paid,9.99,True
733,11,Basic,9.99,paid,9.99,True
734,11,Basic,9.99,failed,0.0,False
735,11,Basic,9.99,paid,9.99,True
736,11,Plus,19.99,paid,19.99,True
737,11,Basic,9.99,paid,9.99,True
738,11,Basic,9.99,failed,0.0,False
739,11,Basic,9.99,paid,9.99,True
740,11,Basic,9.99,failed,0.0,False
741,11,Basic,9.99,paid,9.99,True
742,11,Basic,9.99,paid,9.99,True
743,11,Premium,29.99,paid,29.99,True
744,11,Basic,9.99,paid,9.99,True
745,11,Basic,9.99,failed,0.0,False
746,11,Basic,9.99,failed,0.0,False
747,11,Basic,9.99,paid,9.99,True
748,11,Basic,9.99,paid,9.99,True
749,11,Plus,19.99,failed,0.0,False
750,11,Plus,19.99,failed,0.0,False
751,11,Basic,9.99,failed,0.0,False
752,11,Basic,9.99,failed,0.0,False
753,11,Basic,9.99,failed,0.0,False
754,11,Basic,9.99,failed,0.0,False
755,11,Plus,19.99,failed,0.0,False
756,11,Basic,9.99,failed,0.0,False
757,11,Basic,9.99,paid,9.99,True
758,11,Premium,29.99,paid,29.99,True
759,11,Basic,9.99,paid,9.99,True
760,11,Basic,9.99,failed,0.0,False
761,11,Plus,19.99,failed,0.0,False
762,11,Basic,9.99,paid,9.99,True
763,11,Basic,9.99,failed,0.0,False
764,11,Basic,9.99,failed,0.0,False
765,11,Premium,29.99,paid,29.99,True
766,11,Basic,9.99,paid,9.99,True
767,11,Basic,9.99,failed,0.0,False
768,11,Basic,9.99,paid,9.99,True
769,11,Basic,9.99,failed,0.0,False
770,11,Plus,19.99,failed,0.0,False
771,11,Basic,9.99,paid,9.99,True
772,11,Plus,19.99,failed,0.0,False
773,11,Plus,19.99,failed,0.0,False
774,11,Plus,19.99,paid,19.99,True
775,11,Basic,9.99,failed,0.0,False
776,11,Premium,29.99,failed,0.0,False
777,11,Plus,19.99,failed,0.0,False
778,11,Basic,9.99,failed,0.0,False
779,11,Plus,19.99,failed,0.0,False
780,11,Premium,29.99,failed,0.0,False
781,11,Basic,9.99,failed,0.0,False
782,11,Premium,29.99,paid,29.99,True
783,11,Basic,9.99,failed,0.0,False
784,11,Plus,19.99,paid,19.99,True
785,11,Premium,29.99,paid,29.99,True
786,11,Basic,9.99,failed,0.0,True
787,11,Plus,19.99,paid,19.99,True
788,11,Basic,9.99,paid,9.99,True
789,11,Plus,19.99,failed,0.0,False
790,11,Plus,19.99,failed,0.0,False
791,11,Basic,9.99,paid,9.99,True
792,11,Basic,9.99,failed,0.0,False
793,11,Basic,9.99,failed,0.0,False
794,11,Basic,9.99,paid,9.99,True
795,11,Basic,9.99,paid,9.99,True
796,11,Basic,9.99,failed,0.0,False
797,11,Basic,9.99,paid,9.99,True
798,11,Basic,9.99,paid,9.99,True
799,11,Plus,19.99,paid,19.99,True
800,11,Plus,19.99,failed,0.0,False
801,11,Plus,19.99,failed,0.0,False
802,11,Basic,9.99,failed,0.0,False
803,11,Premium,29.99,failed,0.0,False
804,11,Plus,19.99,failed,0.0,False
805,11,Basic,9.99,paid,9.99,True
806,11,Basic,9.99,paid,9.99,True
807,11,Plus,19.99,failed,0.0,False
808,11,Basic,9.99,paid,9.99,True
809,11,Basic,9.99,failed,0.0,False
810,11,Premium,29.99,paid,29.99,True
811,11,Basic,9.99,failed,0.0,False
812,11,Basic,9.99,failed,0.0,False
813,11,Premium,29.99,failed,0.0,False
814,11,Plus,19.99,failed,0.0,False
815,11,Basic,9.99,failed,0.0,False
816,11,Premium,29.99,failed,0.0,False
817,11,Premium,29.99,paid,29.99,True
818,11,Basic,9.99,failed,0.0,False
819,11,Plus,19.99,paid,19.99,True
820,11,Basic,9.99,failed,0.0,False
821,11,Basic,9.99,paid,9.99,True
822,11,Plus,19.99,paid,19.99,True
823,11,Basic,9.99,paid,9.99,True
824,11,Plus,19.99,failed,0.0,False
825,11,Plus,19.99,paid,19.99,True
826,11,Basic,9.99,failed,0.0,False
827,11,Plus,19.99,paid,19.99,True
828,11,Basic,9.99,paid,9.99,True
829,11,Premium,29.99,failed,0.0,False
830,11,Basic,9.99,paid,9.99,True
831,11,Plus,19.99,paid,19.99,True
832,11,Plus,19.99,paid,19.99,True
833,11,Basic,9.99,failed,0.0,False
834,11,Plus,19.99,paid,19.99,True
835,11,Plus,19.99,failed,0.0,False
836,11,Plus,19.99,failed,0.0,True
837,11,Plus,19.99,failed,0.0,True
838,11,Premium,29.99,failed,0.0,False
839,11,Basic,9.99,paid,9.99,True
840,11,Basic,9.99,paid,9.99,True
841,11,Basic,9.99,failed,0.0,False
842,11,Plus,19.99,paid,19.99,True
843,11,Basic,9.99,paid,9.99,True
844,11,Basic,9.99,failed,0.0,False
845,11,Basic,9.99,paid,9.99,True
846,11,Premium,29.99,failed,0.0,False
847,11,Basic,9.99,failed,0.0,False
848,11,Plus,19.99,paid,19.99,True
849,11,Basic,9.99,failed,0.0,False
850,11,Premium,29.99,paid,29.99,True
851,11,Basic,9.99,paid,9.99,True
852,11,Basic,9.99,paid,9.99,True
853,11,Premium,29.99,paid,29.99,True
854,11,Premium,29.99,paid,29.99,True
855,11,Basic,9.99,failed,0.0,False
856,11,Basic,9.99,failed,0.0,False
857,11,Plus,19.99,paid,19.99,True
858,11,Premium,29.99,paid,29.99,True
859,11,Basic,9.99,failed,0.0,False
860,11,Basic,9.99,paid,9.99,True
861,11,Plus,19.99,paid,19.99,True
862,11,Plus,19.99,paid,19.99,True
863,11,Plus,19.99,failed,0.0,False
864,11,Plus,19.99,failed,0.0,False
865,11,Basic,9.99,failed,0.0,False
866,11,Premium,29.99,failed,0.0,False
867,11,Premium,29.99,failed,0.0,True
868,11,Plus,19.99,paid,19.99,True
869,11,Basic,9.99,failed,0.0,False
870,11,Basic,9.99,failed,0.0,False
871,11,Plus,19.99,paid,19.99,True
872,11,Basic,9.99,failed,0.0,False
873,11,Premium,29.99,failed,0.0,False
874,11,Basic,9.99,failed,0.0,False
875,11,Plus,19.99,failed,0.0,False
876,11,Premium,29.99,paid,29.99,True
877,11,Basic,9.99,failed,0.0,False
878,11,Basic,9.99,failed,0.0,False
879,11,Plus,19.99,failed,0.0,False
880,11,Plus,19.99,failed,0.0,False
881,11,Basic,9.99,failed,0.0,False
882,11,Plus,19.99,paid,19.99,True
883,11,Premium,29.99,failed,0.0,False
884,11,Basic,9.99,paid,9.99,True
885,11,Basic,9.99,failed,0.0,False
886,11,Basic,9.99,failed,0.0,False
887,11,Basic,9.99,failed,0.0,False
888,11,Basic,9.99,failed,0.0,False
889,11,Basic,9.99,failed,0.0,False
890,11,Plus,19.99,paid,19.99,True
891,11,Basic,9.99,failed,0.0,False
892,11,Premium,29.99,paid,29.99,True
893,11,Basic,9.99,failed,0.0,True
894,11,Basic,9.99,paid,9.99,True
895,11,Plus,19.99,failed,0.0,False
896,11,Premium,29.99,paid,29.99,True
897,11,Basic,9.99,failed,0.0,False
898,11,Basic,9.99,failed,0.0,False
899,11,Basic,9.99,paid,9.99,True
900,11,Basic,9.99,paid,9.99,True
901,11,Basic,9.99,paid,9.99,True
902,11,Basic,9.99,failed,0.0,False
903,11,Basic,9.99,paid,9.99,True
904,11,Basic,9.99,failed,0.0,False
905,11,Premium,29.99,failed,0.0,False
906,11,Plus,19.99,paid,19.99,True
907,11,Basic,9.99,paid,9.99,True
908,11,Basic,9.99,paid,9.99,True
909,11,Basic,9.99,paid,9.99,True
910,11,Basic,9.99,paid,9.99,True
911,11,Plus,19.99,paid,19.99,True
912,11,Premium,29.99,failed,0.0,False
913,11,Premium,29.99,paid,29.99,True
914,11,Premium,29.99,paid,29.99,True
915,11,Premium,29.99,failed,0.0,False
916,11,Premium,29.99,paid,29.99,True
917,11,Basic,9.99,failed,0.0,False
918,11,Basic,9.99,paid,9.99,True
919,11,Basic,9.99,failed,0.0,False
920,11,Plus,19.99,failed,0.0,False
921,11,Basic,9.99,failed,0.0,False
922,11,Plus,19.99,failed,0.0,False
923,11,Plus,19.99,failed,0.0,False
924,11,Basic,9.99,failed,0.0,False
925,11,Basic,9.99,failed,0.0,False
926,11,Basic,9.99,paid,9.99,True
927,11,Basic,9.99,failed,0.0,False
928,11,Premium,29.99,failed,0.0,False
929,11,Plus,19.99,failed,0.0,False
930,11,Plus,19.99,paid,19.99,True
931,11,Basic,9.99,failed,0.0,False
932,11,Basic,9.99,paid,9.99,True
933,11,Basic,9.99,failed,0.0,False
934,11,Plus,19.99,failed,0.0,False
935,11,Plus,19.99,failed,0.0,True
936,11,Basic,9.99,paid,9.99,True
937,11,Premium,29.99,paid,29.99,True
938,11,Basic,9.99,paid,9.99,True
939,11,Premium,29.99,paid,29.99,True
940,11,Basic,9.99,failed,0.0,False
941,11,Basic,9.99,paid,9.99,True
942,11,Plus,19.99,failed,0.0,False
943,11,Basic,9.99,paid,9.99,True
944,11,Basic,9.99,paid,9.99,True
945,11,Basic,9.99,failed,0.0,False
946,11,Basic,9.99,paid,9.99,True
947,11,Plus,19.99,paid,19.99,True
948,11,Premium,29.99,failed,0.0,False
949,11,Premium,29.99,failed,0.0,False
950,11,Basic,9.99,paid,9.99,True
951,11,Basic,9.99,failed,0.0,False
952,11,Basic,9.99,failed,0.0,False
953,11,Basic,9.99,failed,0.0,False
954,11,Basic,9.99,failed,0.0,False
955,11,Premium,29.99,failed,0.0,False
956,11,Premium,29.99,paid,29.99,True
957,11,Plus,19.99,paid,19.99,True
958,11,Basic,9.99,failed,0.0,False
959,11,Basic,9.99,paid,9.99,True
960,11,Basic,9.99,paid,9.99,True
961,11,Basic,9.99,failed,0.0,False
962,11,Basic,9.99,failed,0.0,False
963,11,Basic,9.99,paid,9.99,True
964,11,Basic,9.99,failed,0.0,False
965,11,Premium,29.99,failed,0.0,False
966,11,Basic,9.99,failed,0.0,False
967,11,Premium,29.99,paid,29.99,True
968,11,Basic,9.99,failed,0.0,False
969,11,Plus,19.99,paid,19.99,True
970,11,Basic,9.99,failed,0.0,False
971,11,Basic,9.99,failed,0.0,False
972,11,Basic,9.99,paid,9.99,True
973,11,Basic,9.99,paid,9.99,True
974,11,Premium,29.99,failed,0.0,False
975,11,Basic,9.99,failed,0.0,False
976,11,Plus,19.99,failed,0.0,False
977,11,Basic,9.99,failed,0.0,False
978,11,Basic,9.99,failed,0.0,False
979,11,Basic,9.99,paid,9.99,True
980,11,Basic,9.99,failed,0.0,False
981,11,Premium,29.99,failed,0.0,False
982,11,Plus,19.99,paid,19.99,True
983,11,Plus,19.99,failed,0.0,False
984,11,Basic,9.99,failed,0.0,False
985,11,Basic,9.99,failed,0.0,False
986,11,Premium,29.99,failed,0.0,False
987,11,Basic,9.99,failed,0.0,False
988,11,Basic,9.99,failed,0.0,False
989,11,Basic,9.99,failed,0.0,False
990,11,Plus,19.99,failed,0.0,False
991,11,Plus,19.99,failed,0.0,False
992,11,Plus,19.99,failed,0.0,False
993,11,Plus,19.99,failed,0.0,False
994,11,Basic,9.99,failed,0.0,False
995,11,Premium,29.99,failed,0.0,False
996,11,Basic,9.99,failed,0.0,False
997,11,Plus,19.99,paid,19.99,True
998,11,Basic,9.99,failed,0.0,False
999,11,Premium,29.99,paid,29.99,True
1000,11,Basic,9.99,paid,9.99,True
1,12,Plus,19.99,failed,0.0,False
2,12,Basic,9.99,failed,0.0,False
3,12,Premium,29.99,failed,0.0,False
4,12,Plus,19.99,paid,19.99,True
5,12,Basic,9.99,failed,0.0,False
6,12,Premium,29.99,failed,0.0,False
7,12,Plus,19.99,failed,0.0,False
8,12,Plus,19.99,paid,19.99,True
9,12,Basic,9.99,failed,0.0,False
10,12,Basic,9.99,paid,9.99,True
11,12,Basic,9.99,paid,9.99,True
12,12,Premium,29.99,failed,0.0,False
13,12,Plus,19.99,paid,19.99,True
14,12,Plus,19.99,failed,0.0,False
15,12,Basic,9.99,paid,9.99,True
16,12,Basic,9.99,failed,0.0,False
17,12,Plus,19.99,paid,19.99,True
18,12,Basic,9.99,failed,0.0,False
19,12,Plus,19.99,failed,0.0,False
20,12,Plus,19.99,paid,19.99,True
21,12,Plus,19.99,failed,0.0,False
22,12,Basic,9.99,failed,0.0,False
23,12,Premium,29.99,failed,0.0,False
24,12,Premium,29.99,failed,0.0,False
25,12,Plus,19.99,paid,19.99,True
26,12,Basic,9.99,failed,0.0,False
27,12,Basic,9.99,failed,0.0,True
28,12,Basic,9.99,failed,0.0,True
29,12,Basic,9.99,failed,0.0,False
30,12,Plus,19.99,failed,0.0,False
31,12,Plus,19.99,failed,0.0,False
32,12,Premium,29.99,failed,0.0,False
33,12,Basic,9.99,paid,9.99,True
34,12,Basic,9.99,paid,9.99,True
35,12,Basic,9.99,failed,0.0,False
36,12,Basic,9.99,paid,9.99,True
37,12,Basic,9.99,paid,9.99,True
38,12,Basic,9.99,failed,0.0,False
39,12,Basic,9.99,failed,0.0,False
40,12,Plus,19.99,failed,0.0,False
41,12,Basic,9.99,failed,0.0,False
42,12,Plus,19.99,paid,19.99,True
43,12,Plus,19.99,failed,0.0,False
44,12,Basic,9.99,paid,9.99,True
45,12,Plus,19.99,paid,19.99,True
46,12,Plus,19.99,failed,0.0,False
47,12,Basic,9.99,failed,0.0,False
48,12,Basic,9.99,failed,0.0,False
49,12,Plus,19.99,failed,0.0,False
50,12,Basic,9.99,failed,0.0,False
51,12,Basic,9.99,failed,0.0,False
52,12,Basic,9.99,failed,0.0,False
53,12,Plus,19.99,failed,0.0,False
54,12,Plus,19.99,failed,0.0,False
55,12,Plus,19.99,failed,0.0,False
56,12,Plus,19.99,paid,19.99,True
57,12,Basic,9.99,failed,0.0,False
58,12,Plus,19.99,failed,0.0,False
59,12,Basic,9.99,paid,9.99,True
60,12,Basic,9.99,failed,0.0,False
61,12,Plus,19.99,paid,19.99,True
62,12,Basic,9.99,failed,0.0,False
63,12,Plus,19.99,failed,0.0,False
64,12,Plus,19.99,paid,19.99,True
65,12,Plus,19.99,failed,0.0,False
66,12,Plus,19.99,failed,0.0,False
67,12,Plus,19.99,failed,0.0,False
68,12,Basic,9.99,failed,0.0,False
69,12,Basic,9.99,paid,9.99,True
70,12,Basic,9.99,paid,9.99,True
71,12,Basic,9.99,failed,0.0,False
72,12,Basic,9.99,paid,9.99,True
73,12,Premium,29.99,failed,0.0,False
74,12,Basic,9.99,paid,9.99,True
75,12,Basic,9.99,failed,0.0,False
76,12,Basic,9.99,paid,9.99,True
77,12,Basic,9.99,paid,9.99,True
78,12,Plus,19.99,paid,19.99,True
79,12,Plus,19.99,paid,19.99,True
80,12,Plus,19.99,failed,0.0,False
81,12,Plus,19.99,failed,0.0,False
82,12,Basic,9.99,failed,0.0,False
83,12,Plus,19.99,failed,0.0,False
84,12,Basic,9.99,failed,0.0,False
85,12,Basic,9.99,failed,0.0,False
86,12,Basic,9.99,failed,0.0,False
87,12,Plus,19.99,paid,19.99,True
88,12,Basic,9.99,failed,0.0,False
89,12,Basic,9.99,failed,0.0,False
90,12,Basic,9.99,failed,0.0,False
91,12,Basic,9.99,paid,9.99,True
92,12,Plus,19.99,paid,19.99,True
93,12,Basic,9.99,failed,0.0,False
94,12,Basic,9.99,paid,9.99,True
95,12,Basic,9.99,paid,9.99,True
96,12,Plus,19.99,paid,19.99,True
97,12,Basic,9.99,failed,0.0,False
98,12,Basic,9.99,failed,0.0,False
99,12,Basic,9.99,paid,9.99,True
100,12,Premium,29.99,failed,0.0,False
101,12,Premium,29.99,paid,29.99,True
102,12,Plus,19.99,failed,0.0,False
103,12,Basic,9.99,failed,0.0,False
104,12,Premium,29.99,paid,29.99,True
105,12,Plus,19.99,paid,19.99,True
106,12,Plus,19.99,failed,0.0,False
107,12,Basic,9.99,failed,0.0,False
108,12,Basic,9.99,failed,0.0,True
109,12,Basic,9.99,paid,9.99,True
110,12,Premium,29.99,paid,29.99,True
111,12,Basic,9.99,failed,0.0,False
112,12,Basic,9.99,failed,0.0,False
113,12,Basic,9.99,failed,0.0,False
114,12,Plus,19.99,paid,19.99,True
115,12,Basic,9.99,failed,0.0,False
116,12,Premium,29.99,paid,29.99,True
117,12,Plus,19.99,paid,19.99,True
118,12,Plus,19.99,failed,0.0,False
119,12,Basic,9.99,paid,9.99,True
120,12,Plus,19.99,failed,0.0,False
121,12,Plus,19.99,paid,19.99,True
122,12,Plus,19.99,failed,0.0,False
123,12,Basic,9.99,paid,9.99,True
124,12,Basic,9.99,failed,0.0,False
125,12,Basic,9.99,paid,9.99,True
126,12,Basic,9.99,paid,9.99,True
127,12,Basic,9.99,paid,9.99,True
128,12,Basic,9.99,paid,9.99,True
129,12,Basic,9.99,failed,0.0,False
130,12,Plus,19.99,failed,0.0,False
131,12,Basic,9.99,paid,9.99,True
132,12,Premium,29.99,paid,29.99,True
133,12,Plus,19.99,failed,0.0,False
134,12,Basic,9.99,failed,0.0,False
135,12,Plus,19.99,paid,19.99,True
136,12,Basic,9.99,failed,0.0,True
137,12,Premium,29.99,failed,0.0,False
138,12,Basic,9.99,failed,0.0,False
139,12,Plus,19.99,failed,0.0,False
140,12,Basic,9.99,paid,9.99,True
141,12,Basic,9.99,failed,0.0,False
142,12,Basic,9.99,paid,9.99,True
143,12,Premium,29.99,failed,0.0,False
144,12,Plus,19.99,failed,0.0,False
145,12,Basic,9.99,failed,0.0,False
146,12,Basic,9.99,paid,9.99,True
147,12,Basic,9.99,failed,0.0,False
148,12,Basic,9.99,failed,0.0,False
149,12,Basic,9.99,failed,0.0,False
150,12,Basic,9.99,paid,9.99,True
151,12,Plus,19.99,paid,19.99,True
152,12,Premium,29.99,failed,0.0,False
153,12,Basic,9.99,paid,9.99,True
154,12,Plus,19.99,failed,0.0,False
155,12,Basic,9.99,failed,0.0,False
156,12,Plus,19.99,paid,19.99,True
157,12,Basic,9.99,failed,0.0,False
158,12,Plus,19.99,failed,0.0,False
159,12,Plus,19.99,failed,0.0,False
160,12,Plus,19.99,failed,0.0,False
161,12,Basic,9.99,failed,0.0,False
162,12,Premium,29.99,failed,0.0,False
163,12,Basic,9.99,failed,0.0,False
164,12,Basic,9.99,paid,9.99,True
165,12,Plus,19.99,failed,0.0,False
166,12,Basic,9.99,failed,0.0,False
167,12,Plus,19.99,failed,0.0,False
168,12,Plus,19.99,paid,19.99,True
169,12,Basic,9.99,failed,0.0,False
170,12,Premium,29.99,failed,0.0,False
171,12,Basic,9.99,paid,9.99,True
172,12,Basic,9.99,paid,9.99,True
173,12,Basic,9.99,failed,0.0,False
174,12,Premium,29.99,failed,0.0,False
175,12,Basic,9.99,paid,9.99,True
176,12,Basic,9.99,failed,0.0,False
177,12,Basic,9.99,failed,0.0,False
178,12,Premium,29.99,paid,29.99,True
179,12,Premium,29.99,failed,0.0,False
180,12,Plus,19.99,paid,19.99,True
181,12,Premium,29.99,failed,0.0,False
182,12,Premium,29.99,paid,29.99,True
183,12,Basic,9.99,failed,0.0,False
184,12,Basic,9.99,failed,0.0,False
185,12,Plus,19.99,failed,0.0,False
186,12,Plus,19.99,failed,0.0,False
187,12,Basic,9.99,paid,9.99,True
188,12,Basic,9.99,paid,9.99,True
189,12,Plus,19.99,paid,19.99,True
190,12,Basic,9.99,failed,0.0,False
191,12,Premium,29.99,paid,29.99,True
192,12,Basic,9.99,paid,9.99,True
193,12,Basic,9.99,failed,0.0,False
194,12,Plus,19.99,failed,0.0,False
195,12,Basic,9.99,failed,0.0,False
196,12,Basic,9.99,paid,9.99,True
197,12,Plus,19.99,failed,0.0,False
198,12,Premium,29.99,paid,29.99,True
199,12,Basic,9.99,failed,0.0,False
200,12,Basic,9.99,failed,0.0,False
201,12,Plus,19.99,failed,0.0,False
202,12,Premium,29.99,paid,29.99,True
203,12,Basic,9.99,failed,0.0,False
204,12,Basic,9.99,paid,9.99,True
205,12,Basic,9.99,paid,9.99,True
206,12,Basic,9.99,paid,9.99,True
207,12,Basic,9.99,failed,0.0,True
208,12,Plus,19.99,paid,19.99,True
209,12,Basic,9.99,paid,9.99,True
210,12,Basic,9.99,failed,0.0,False
211,12,Plus,19.99,paid,19.99,True
212,12,Plus,19.99,failed,0.0,False
213,12,Basic,9.99,failed,0.0,False
214,12,Plus,19.99,failed,0.0,False
215,12,Plus,19.99,paid,19.99,True
216,12,Plus,19.99,failed,0.0,False
217,12,Basic,9.99,failed,0.0,False
218,12,Basic,9.99,failed,0.0,False
219,12,Premium,29.99,failed,0.0,False
220,12,Basic,9.99,failed,0.0,False
221,12,Basic,9.99,failed,0.0,True
222,12,Basic,9.99,paid,9.99,True
223,12,Plus,19.99,failed,0.0,False
224,12,Premium,29.99,failed,0.0,False
225,12,Basic,9.99,paid,9.99,True
226,12,Premium,29.99,failed,0.0,False
227,12,Basic,9.99,paid,9.99,True
228,12,Plus,19.99,failed,0.0,False
229,12,Plus,19.99,failed,0.0,False
230,12,Basic,9.99,failed,0.0,False
231,12,Basic,9.99,failed,0.0,False
232,12,Basic,9.99,failed,0.0,False
233,12,Premium,29.99,failed,0.0,False
234,12,Plus,19.99,failed,0.0,False
235,12,Premium,29.99,failed,0.0,False
236,12,Plus,19.99,paid,19.99,True
237,12,Basic,9.99,failed,0.0,False
238,12,Plus,19.99,failed,0.0,False
239,12,Basic,9.99,failed,0.0,False
240,12,Basic,9.99,paid,9.99,True
241,12,Plus,19.99,failed,0.0,False
242,12,Plus,19.99,failed,0.0,False
243,12,Basic,9.99,paid,9.99,True
244,12,Basic,9.99,paid,9.99,True
245,12,Plus,19.99,failed,0.0,False
246,12,Premium,29.99,failed,0.0,False
247,12,Plus,19.99,failed,0.0,False
248,12,Basic,9.99,failed,0.0,False
249,12,Basic,9.99,failed,0.0,False
250,12,Basic,9.99,paid,9.99,True
251,12,Plus,19.99,paid,19.99,True
252,12,Premium,29.99,failed,0.0,False
253,12,Basic,9.99,paid,9.99,True
254,12,Basic,9.99,paid,9.99,True
255,12,Basic,9.99,paid,9.99,True
256,12,Plus,19.99,failed,0.0,False
257,12,Plus,19.99,failed,0.0,False
258,12,Basic,9.99,failed,0.0,False
259,12,Basic,9.99,failed,0.0,False
260,12,Plus,19.99,failed,0.0,False
261,12,Basic,9.99,failed,0.0,False
262,12,Plus,19.99,paid,19.99,True
263,12,Basic,9.99,failed,0.0,False
264,12,Basic,9.99,failed,0.0,False
265,12,Premium,29.99,failed,0.0,False
266,12,Basic,9.99,paid,9.99,True
267,12,Basic,9.99,failed,0.0,False
268,12,Basic,9.99,paid,9.99,True
269,12,Basic,9.99,failed,0.0,False
270,12,Basic,9.99,failed,0.0,False
271,12,Basic,9.99,failed,0.0,False
272,12,Basic,9.99,paid,9.99,True
273,12,Basic,9.99,failed,0.0,False
274,12,Plus,19.99,failed,0.0,False
275,12,Plus,19.99,failed,0.0,False
276,12,Basic,9.99,failed,0.0,False
277,12,Basic,9.99,paid,9.99,True
278,12,Basic,9.99,failed,0.0,False
279,12,Premium,29.99,failed,0.0,False
280,12,Premium,29.99,failed,0.0,False
281,12,Basic,9.99,paid,9.99,True
282,12,Basic,9.99,failed,0.0,False
283,12,Basic,9.99,failed,0.0,False
284,12,Basic,9.99,failed,0.0,False
285,12,Plus,19.99,failed,0.0,False
286,12,Basic,9.99,failed,0.0,False
287,12,Basic,9.99,failed,0.0,False
288,12,Basic,9.99,paid,9.99,True
289,12,Basic,9.99,paid,9.99,True
290,12,Basic,9.99,paid,9.99,True
291,12,Plus,19.99,failed,0.0,False
292,12,Basic,9.99,failed,0.0,False
293,12,Premium,29.99,paid,29.99,True
294,12,Basic,9.99,paid,9.99,True
295,12,Plus,19.99,failed,0.0,False
296,12,Premium,29.99,failed,0.0,False
297,12,Premium,29.99,failed,0.0,False
298,12,Plus,19.99,failed,0.0,False
299,12,Plus,19.99,failed,0.0,False
300,12,Plus,19.99,failed,0.0,False
301,12,Plus,19.99,paid,19.99,True
302,12,Basic,9.99,failed,0.0,False
303,12,Basic,9.99,failed,0.0,False
304,12,Basic,9.99,failed,0.0,False
305,12,Premium,29.99,failed,0.0,False
306,12,Basic,9.99,paid,9.99,True
307,12,Basic,9.99,failed,0.0,False
308,12,Plus,19.99,paid,19.99,True
309,12,Basic,9.99,failed,0.0,False
310,12,Basic,9.99,paid,9.99,True
311,12,Basic,9.99,paid,9.99,True
312,12,Basic,9.99,failed,0.0,False
313,12,Basic,9.99,failed,0.0,False
314,12,Basic,9.99,paid,9.99,True
315,12,Basic,9.99,paid,9.99,True
316,12,Basic,9.99,failed,0.0,False
317,12,Basic,9.99,paid,9.99,True
318,12,Plus,19.99,paid,19.99,True
319,12,Basic,9.99,failed,0.0,False
320,12,Premium,29.99,paid,29.99,True
321,12,Premium,29.99,failed,0.0,False
322,12,Basic,9.99,paid,9.99,True
323,12,Basic,9.99,failed,0.0,False
324,12,Basic,9.99,failed,0.0,False
325,12,Plus,19.99,failed,0.0,False
326,12,Plus,19.99,paid,19.99,True
327,12,Plus,19.99,paid,19.99,True
328,12,Basic,9.99,failed,0.0,False
329,12,Plus,19.99,failed,0.0,False
330,12,Basic,9.99,paid,9.99,True
331,12,Plus,19.99,failed,0.0,False
332,12,Basic,9.99,failed,0.0,False
333,12,Plus,19.99,failed,0.0,False
334,12,Premium,29.99,paid,29.99,True
335,12,Basic,9.99,paid,9.99,True
336,12,Plus,19.99,paid,19.99,True
337,12,Basic,9.99,failed,0.0,False
338,12,Plus,19.99,failed,0.0,False
339,12,Basic,9.99,failed,0.0,False
340,12,Premium,29.99,failed,0.0,False
341,12,Basic,9.99,failed,0.0,False
342,12,Premium,29.99,paid,29.99,True
343,12,Plus,19.99,paid,19.99,True
344,12,Plus,19.99,paid,19.99,True
345,12,Plus,19.99,failed,0.0,False
346,12,Plus,19.99,paid,19.99,True
347,12,Premium,29.99,failed,0.0,False
348,12,Basic,9.99,failed,0.0,False
349,12,Plus,19.99,failed,0.0,False
350,12,Basic,9.99,failed,0.0,False
351,12,Plus,19.99,failed,0.0,False
352,12,Basic,9.99,paid,9.99,True
353,12,Plus,19.99,paid,19.99,True
354,12,Plus,19.99,failed,0.0,False
355,12,Basic,9.99,failed,0.0,False
356,12,Basic,9.99,failed,0.0,False
357,12,Plus,19.99,paid,19.99,True
358,12,Plus,19.99,failed,0.0,False
359,12,Basic,9.99,failed,0.0,False
360,12,Plus,19.99,failed,0.0,False
361,12,Premium,29.99,paid,29.99,True
362,12,Basic,9.99,paid,9.99,True
363,12,Basic,9.99,paid,9.99,True
364,12,Basic,9.99,paid,9.99,True
365,12,Plus,19.99,failed,0.0,False
366,12,Basic,9.99,paid,9.99,True
367,12,Plus,19.99,failed,0.0,False
368,12,Plus,19.99,failed,0.0,False
369,12,Basic,9.99,paid,9.99,True
370,12,Premium,29.99,paid,29.99,True
371,12,Plus,19.99,failed,0.0,False
372,12,Basic,9.99,failed,0.0,False
373,12,Basic,9.99,failed,0.0,False
374,12,Basic,9.99,paid,9.99,True
375,12,Basic,9.99,paid,9.99,True
376,12,Basic,9.99,paid,9.99,True
377,12,Premium,29.99,paid,29.99,True
378,12,Basic,9.99,failed,0.0,False
379,12,Basic,9.99,failed,0.0,False
380,12,Plus,19.99,failed,0.0,False
381,12,Plus,19.99,failed,0.0,False
382,12,Premium,29.99,paid,29.99,True
383,12,Plus,19.99,paid,19.99,True
384,12,Basic,9.99,failed,0.0,False
385,12,Basic,9.99,failed,0.0,False
386,12,Premium,29.99,paid,29.99,True
387,12,Plus,19.99,paid,19.99,True
388,12,Premium,29.99,failed,0.0,False
389,12,Basic,9.99,failed,0.0,False
390,12,Premium,29.99,failed,0.0,False
391,12,Plus,19.99,failed,0.0,False
392,12,Basic,9.99,failed,0.0,False
393,12,Plus,19.99,failed,0.0,False
394,12,Plus,19.99,failed,0.0,False
395,12,Basic,9.99,failed,0.0,False
396,12,Basic,9.99,paid,9.99,True
397,12,Plus,19.99,failed,0.0,False
398,12,Basic,9.99,failed,0.0,False
399,12,Basic,9.99,failed,0.0,False
400,12,Basic,9.99,paid,9.99,True
401,12,Basic,9.99,failed,0.0,False
402,12,Premium,29.99,failed,0.0,False
403,12,Plus,19.99,failed,0.0,False
404,12,Basic,9.99,failed,0.0,False
405,12,Premium,29.99,paid,29.99,True
406,12,Premium,29.99,paid,29.99,True
407,12,Basic,9.99,failed,0.0,False
408,12,Plus,19.99,failed,0.0,False
409,12,Basic,9.99,paid,9.99,True
410,12,Premium,29.99,failed,0.0,False
411,12,Plus,19.99,failed,0.0,False
412,12,Plus,19.99,failed,0.0,False
413,12,Basic,9.99,failed,0.0,False
414,12,Premium,29.99,paid,29.99,True
415,12,Basic,9.99,failed,0.0,False
416,12,Basic,9.99,failed,0.0,False
417,12,Basic,9.99,failed,0.0,False
418,12,Plus,19.99,paid,19.99,True
419,12,Basic,9.99,paid,9.99,True
420,12,Premium,29.99,failed,0.0,False
421,12,Plus,19.99,failed,0.0,False
422,12,Basic,9.99,failed,0.0,True
423,12,Basic,9.99,failed,0.0,False
424,12,Basic,9.99,paid,9.99,True
425,12,Plus,19.99,failed,0.0,False
426,12,Plus,19.99,paid,19.99,True
427,12,Basic,9.99,paid,9.99,True
428,12,Plus,19.99,paid,19.99,True
429,12,Basic,9.99,failed,0.0,False
430,12,Plus,19.99,failed,0.0,False
431,12,Premium,29.99,failed,0.0,False
432,12,Plus,19.99,failed,0.0,False
433,12,Plus,19.99,paid,19.99,True
434,12,Plus,19.99,failed,0.0,False
435,12,Basic,9.99,paid,9.99,True
436,12,Basic,9.99,paid,9.99,True
437,12,Basic,9.99,paid,9.99,True
438,12,Basic,9.99,failed,0.0,False
439,12,Plus,19.99,failed,0.0,False
440,12,Plus,19.99,paid,19.99,True
441,12,Premium,29.99,paid,29.99,True
442,12,Basic,9.99,paid,9.99,True
443,12,Plus,19.99,failed,0.0,False
444,12,Basic,9.99,failed,0.0,False
445,12,Basic,9.99,failed,0.0,False
446,12,Plus,19.99,failed,0.0,False
447,12,Premium,29.99,paid,29.99,True
448,12,Plus,19.99,failed,0.0,False
449,12,Basic,9.99,failed,0.0,False
450,12,Plus,19.99,paid,19.99,True
451,12,Basic,9.99,paid,9.99,True
452,12,Premium,29.99,failed,0.0,False
453,12,Plus,19.99,paid,19.99,True
454,12,Basic,9.99,paid,9.99,True
455,12,Basic,9.99,failed,0.0,False
456,12,Basic,9.99,failed,0.0,False
457,12,Premium,29.99,failed,0.0,False
458,12,Basic,9.99,paid,9.99,True
459,12,Plus,19.99,paid,19.99,True
460,12,Plus,19.99,failed,0.0,False
461,12,Plus,19.99,failed,0.0,False
462,12,Basic,9.99,failed,0.0,False
463,12,Premium,29.99,failed,0.0,False
464,12,Basic,9.99,failed,0.0,False
465,12,Plus,19.99,paid,19.99,True
466,12,Plus,19.99,paid,19.99,True
467,12,Plus,19.99,failed,0.0,False
468,12,Premium,29.99,paid,29.99,True
469,12,Basic,9.99,paid,9.99,True
470,12,Basic,9.99,failed,0.0,False
471,12,Basic,9.99,failed,0.0,False
472,12,Basic,9.99,paid,9.99,True
473,12,Basic,9.99,failed,0.0,False
474,12,Basic,9.99,paid,9.99,True
475,12,Basic,9.99,paid,9.99,True
476,12,Basic,9.99,failed,0.0,False
477,12,Basic,9.99,failed,0.0,False
478,12,Plus,19.99,failed,0.0,False
479,12,Plus,19.99,failed,0.0,False
480,12,Basic,9.99,paid,9.99,True
481,12,Basic,9.99,failed,0.0,False
482,12,Basic,9.99,paid,9.99,True
483,12,Plus,19.99,paid,19.99,True
484,12,Basic,9.99,failed,0.0,False
485,12,Basic,9.99,paid,9.99,True
486,12,Basic,9.99,failed,0.0,False
487,12,Basic,9.99,failed,0.0,False
488,12,Basic,9.99,failed,0.0,False
489,12,Plus,19.99,paid,19.99,True
490,12,Plus,19.99,paid,19.99,True
491,12,Plus,19.99,paid,19.99,True
492,12,Plus,19.99,paid,19.99,True
493,12,Plus,19.99,failed,0.0,False
494,12,Basic,9.99,paid,9.99,True
495,12,Plus,19.99,failed,0.0,False
496,12,Basic,9.99,paid,9.99,True
497,12,Basic,9.99,failed,0.0,False
498,12,Plus,19.99,paid,19.99,True
499,12,Basic,9.99,failed,0.0,False
500,12,Basic,9.99,failed,0.0,False
501,12,Plus,19.99,failed,0.0,False
502,12,Premium,29.99,failed,0.0,False
503,12,Premium,29.99,failed,0.0,False
504,12,Basic,9.99,failed,0.0,False
505,12,Basic,9.99,paid,9.99,True
506,12,Plus,19.99,failed,0.0,False
507,12,Basic,9.99,failed,0.0,False
508,12,Plus,19.99,failed,0.0,False
509,12,Basic,9.99,paid,9.99,True
510,12,Basic,9.99,failed,0.0,False
511,12,Basic,9.99,paid,9.99,True
512,12,Plus,19.99,failed,0.0,False
513,12,Basic,9.99,failed,0.0,False
514,12,Basic,9.99,failed,0.0,False
515,12,Basic,9.99,paid,9.99,True
516,12,Basic,9.99,paid,9.99,True
517,12,Basic,9.99,failed,0.0,False
518,12,Plus,19.99,failed,0.0,False
519,12,Basic,9.99,failed,0.0,True
520,12,Plus,19.99,paid,19.99,True
521,12,Premium,29.99,paid,29.99,True
522,12,Basic,9.99,failed,0.0,False
523,12,Basic,9.99,failed,0.0,False
524,12,Plus,19.99,paid,19.99,True
525,12,Basic,9.99,paid,9.99,True
526,12,Basic,9.99,failed,0.0,False
527,12,Premium,29.99,paid,29.99,True
528,12,Premium,29.99,failed,0.0,False
529,12,Plus,19.99,paid,19.99,True
530,12,Basic,9.99,failed,0.0,False
531,12,Plus,19.99,failed,0.0,False
532,12,Plus,19.99,failed,0.0,False
533,12,Basic,9.99,failed,0.0,False
534,12,Plus,19.99,failed,0.0,False
535,12,Basic,9.99,paid,9.99,True
536,12,Basic,9.99,paid,9.99,True
537,12,Basic,9.99,failed,0.0,False
538,12,Basic,9.99,failed,0.0,False
539,12,Basic,9.99,failed,0.0,False
540,12,Plus,19.99,paid,19.99,True
541,12,Premium,29.99,paid,29.99,True
542,12,Plus,19.99,failed,0.0,False
543,12,Plus,19.99,paid,19.99,True
544,12,Premium,29.99,failed,0.0,False
545,12,Basic,9.99,failed,0.0,False
546,12,Basic,9.99,paid,9.99,True
547,12,Basic,9.99,paid,9.99,True
548,12,Basic,9.99,paid,9.99,True
549,12,Plus,19.99,paid,19.99,True
550,12,Basic,9.99,paid,9.99,True
551,12,Basic,9.99,failed,0.0,False
552,12,Basic,9.99,failed,0.0,False
553,12,Basic,9.99,paid,9.99,True
554,12,Premium,29.99,failed,0.0,False
555,12,Basic,9.99,failed,0.0,True
556,12,Basic,9.99,failed,0.0,False
557,12,Basic,9.99,failed,0.0,False
558,12,Basic,9.99,paid,9.99,True
559,12,Plus,19.99,paid,19.99,True
560,12,Basic,9.99,failed,0.0,False
561,12,Basic,9.99,failed,0.0,False
562,12,Basic,9.99,failed,0.0,False
563,12,Plus,19.99,failed,0.0,False
564,12,Plus,19.99,failed,0.0,False
565,12,Plus,19.99,paid,19.99,True
566,12,Plus,19.99,failed,0.0,False
567,12,Plus,19.99,paid,19.99,True
568,12,Basic,9.99,paid,9.99,True
569,12,Basic,9.99,paid,9.99,True
570,12,Basic,9.99,paid,9.99,True
571,12,Basic,9.99,failed,0.0,False
572,12,Plus,19.99,failed,0.0,False
573,12,Basic,9.99,failed,0.0,False
574,12,Plus,19.99,failed,0.0,False
575,12,Premium,29.99,failed,0.0,False
576,12,Basic,9.99,paid,9.99,True
577,12,Premium,29.99,failed,0.0,False
578,12,Plus,19.99,paid,19.99,True
579,12,Premium,29.99,paid,29.99,True
580,12,Basic,9.99,paid,9.99,True
581,12,Basic,9.99,failed,0.0,False
582,12,Basic,9.99,paid,9.99,True
583,12,Basic,9.99,paid,9.99,True
584,12,Basic,9.99,paid,9.99,True
585,12,Premium,29.99,failed,0.0,False
586,12,Plus,19.99,paid,19.99,True
587,12,Basic,9.99,failed,0.0,False
588,12,Basic,9.99,paid,9.99,True
589,12,Basic,9.99,failed,0.0,False
590,12,Basic,9.99,failed,0.0,False
591,12,Premium,29.99,paid,29.99,True
592,12,Basic,9.99,failed,0.0,False
593,12,Basic,9.99,failed,0.0,False
594,12,Plus,19.99,failed,0.0,False
595,12,Basic,9.99,failed,0.0,False
596,12,Basic,9.99,failed,0.0,False
597,12,Plus,19.99,failed,0.0,False
598,12,Plus,19.99,failed,0.0,False
599,12,Premium,29.99,paid,29.99,True
600,12,Plus,19.99,failed,0.0,False
601,12,Basic,9.99,paid,9.99,True
602,12,Plus,19.99,failed,0.0,False
603,12,Premium,29.99,failed,0.0,False
604,12,Plus,19.99,failed,0.0,False
605,12,Premium,29.99,failed,0.0,False
606,12,Plus,19.99,failed,0.0,False
607,12,Premium,29.99,failed,0.0,False
608,12,Basic,9.99,failed,0.0,False
609,12,Plus,19.99,paid,19.99,True
610,12,Basic,9.99,paid,9.99,True
611,12,Plus,19.99,failed,0.0,False
612,12,Plus,19.99,paid,19.99,True
613,12,Premium,29.99,failed,0.0,False
614,12,Premium,29.99,failed,0.0,False
615,12,Basic,9.99,failed,0.0,False
616,12,Plus,19.99,failed,0.0,False
617,12,Plus,19.99,failed,0.0,False
618,12,Basic,9.99,paid,9.99,True
619,12,Basic,9.99,failed,0.0,False
620,12,Basic,9.99,paid,9.99,True
621,12,Plus,19.99,failed,0.0,False
622,12,Basic,9.99,failed,0.0,False
623,12,Premium,29.99,paid,29.99,True
624,12,Basic,9.99,failed,0.0,False
625,12,Premium,29.99,failed,0.0,False
626,12,Basic,9.99,paid,9.99,True
627,12,Plus,19.99,failed,0.0,False
628,12,Basic,9.99,paid,9.99,True
629,12,Plus,19.99,failed,0.0,False
630,12,Plus,19.99,paid,19.99,True
631,12,Premium,29.99,paid,29.99,True
632,12,Plus,19.99,failed,0.0,False
633,12,Basic,9.99,failed,0.0,False
634,12,Basic,9.99,failed,0.0,False
635,12,Basic,9.99,failed,0.0,False
636,12,Basic,9.99,failed,0.0,False
637,12,Plus,19.99,paid,19.99,True
638,12,Plus,19.99,failed,0.0,False
639,12,Plus,19.99,paid,19.99,True
640,12,Premium,29.99,failed,0.0,False
641,12,Plus,19.99,paid,19.99,True
642,12,Plus,19.99,paid,19.99,True
643,12,Basic,9.99,paid,9.99,True
644,12,Basic,9.99,failed,0.0,False
645,12,Plus,19.99,failed,0.0,False
646,12,Premium,29.99,failed,0.0,False
647,12,Basic,9.99,paid,9.99,True
648,12,Basic,9.99,failed,0.0,False
649,12,Plus,19.99,paid,19.99,True
650,12,Basic,9.99,failed,0.0,False
651,12,Basic,9.99,failed,0.0,False
652,12,Premium,29.99,paid,29.99,True
653,12,Plus,19.99,paid,19.99,True
654,12,Basic,9.99,paid,9.99,True
655,12,Premium,29.99,failed,0.0,False
656,12,Basic,9.99,failed,0.0,False
657,12,Premium,29.99,paid,29.99,True
658,12,Basic,9.99,paid,9.99,True
659,12,Plus,19.99,failed,0.0,False
660,12,Basic,9.99,paid,9.99,True
661,12,Basic,9.99,failed,0.0,False
662,12,Premium,29.99,failed,0.0,False
663,12,Basic,9.99,failed,0.0,False
664,12,Basic,9.99,paid,9.99,True
665,12,Basic,9.99,failed,0.0,False
666,12,Plus,19.99,paid,19.99,True
667,12,Plus,19.99,failed,0.0,False
668,12,Premium,29.99,paid,29.99,True
669,12,Basic,9.99,failed,0.0,False
670,12,Basic,9.99,paid,9.99,True
671,12,Basic,9.99,paid,9.99,True
672,12,Plus,19.99,paid,19.99,True
673,12,Premium,29.99,paid,29.99,True
674,12,Plus,19.99,failed,0.0,False
675,12,Plus,19.99,failed,0.0,False
676,12,Basic,9.99,failed,0.0,False
677,12,Premium,29.99,failed,0.0,False
678,12,Basic,9.99,paid,9.99,True
679,12,Basic,9.99,failed,0.0,False
680,12,Basic,9.99,paid,9.99,True
681,12,Basic,9.99,failed,0.0,False
682,12,Basic,9.99,paid,9.99,True
683,12,Basic,9.99,paid,9.99,True
684,12,Basic,9.99,failed,0.0,False
685,12,Plus,19.99,failed,0.0,False
686,12,Basic,9.99,paid,9.99,True
687,12,Basic,9.99,failed,0.0,False
688,12,Premium,29.99,paid,29.99,True
689,12,Plus,19.99,failed,0.0,False
690,12,Basic,9.99,paid,9.99,True
691,12,Basic,9.99,failed,0.0,False
692,12,Premium,29.99,failed,0.0,False
693,12,Basic,9.99,paid,9.99,True
694,12,Basic,9.99,paid,9.99,True
695,12,Premium,29.99,failed,0.0,False
696,12,Basic,9.99,paid,9.99,True
697,12,Plus,19.99,failed,0.0,False
698,12,Plus,19.99,failed,0.0,False
699,12,Plus,19.99,paid,19.99,True
700,12,Basic,9.99,failed,0.0,False
701,12,Basic,9.99,paid,9.99,True
702,12,Basic,9.99,paid,9.99,True
703,12,Basic,9.99,failed,0.0,False
704,12,Premium,29.99,failed,0.0,False
705,12,Basic,9.99,paid,9.99,True
706,12,Plus,19.99,paid,19.99,True
707,12,Plus,19.99,paid,19.99,True
708,12,Plus,19.99,failed,0.0,False
709,12,Basic,9.99,failed,0.0,False
710,12,Basic,9.99,paid,9.99,True
711,12,Premium,29.99,paid,29.99,True
712,12,Plus,19.99,paid,19.99,True
713,12,Plus,19.99,failed,0.0,False
714,12,Premium,29.99,failed,0.0,False
715,12,Plus,19.99,failed,0.0,False
716,12,Basic,9.99,failed,0.0,False
717,12,Plus,19.99,failed,0.0,False
718,12,Basic,9.99,failed,0.0,False
719,12,Plus,19.99,failed,0.0,False
720,12,Premium,29.99,paid,29.99,True
721,12,Basic,9.99,paid,9.99,True
722,12,Basic,9.99,failed,0.0,False
723,12,Basic,9.99,failed,0.0,False
724,12,Premium,29.99,paid,29.99,True
725,12,Basic,9.99,failed,0.0,False
726,12,Basic,9.99,failed,0.0,False
727,12,Basic,9.99,paid,9.99,True
728,12,Basic,9.99,paid,9.99,True
729,12,Basic,9.99,failed,0.0,False
730,12,Basic,9.99,failed,0.0,False
731,12,Basic,9.99,failed,0.0,False
732,12,Basic,9.99,failed,0.0,False
733,12,Basic,9.99,paid,9.99,True
734,12,Basic,9.99,failed,0.0,False
735,12,Basic,9.99,paid,9.99,True
736,12,Plus,19.99,paid,19.99,True
737,12,Basic,9.99,paid,9.99,True
738,12,Basic,9.99,failed,0.0,False
739,12,Basic,9.99,paid,9.99,True
740,12,Basic,9.99,failed,0.0,False
741,12,Basic,9.99,failed,0.0,False
742,12,Basic,9.99,paid,9.99,True
743,12,Premium,29.99,paid,29.99,True
744,12,Basic,9.99,paid,9.99,True
745,12,Basic,9.99,failed,0.0,False
746,12,Basic,9.99,failed,0.0,False
747,12,Basic,9.99,paid,9.99,True
748,12,Basic,9.99,paid,9.99,True
749,12,Plus,19.99,failed,0.0,False
750,12,Plus,19.99,failed,0.0,False
751,12,Basic,9.99,failed,0.0,False
752,12,Basic,9.99,failed,0.0,False
753,12,Basic,9.99,failed,0.0,False
754,12,Basic,9.99,failed,0.0,False
755,12,Plus,19.99,failed,0.0,False
756,12,Basic,9.99,failed,0.0,False
757,12,Basic,9.99,paid,9.99,True
758,12,Premium,29.99,paid,29.99,True
759,12,Basic,9.99,paid,9.99,True
760,12,Basic,9.99,failed,0.0,False
761,12,Plus,19.99,failed,0.0,False
762,12,Basic,9.99,paid,9.99,True
763,12,Basic,9.99,failed,0.0,False
764,12,Basic,9.99,failed,0.0,False
765,12,Premium,29.99,failed,0.0,True
766,12,Basic,9.99,paid,9.99,True
767,12,Basic,9.99,failed,0.0,False
768,12,Basic,9.99,paid,9.99,True
769,12,Basic,9.99,failed,0.0,False
770,12,Plus,19.99,failed,0.0,False
771,12,Basic,9.99,paid,9.99,True
772,12,Plus,19.99,failed,0.0,False
773,12,Plus,19.99,failed,0.0,False
774,12,Plus,19.99,paid,19.99,True
775,12,Basic,9.99,failed,0.0,False
776,12,Premium,29.99,failed,0.0,False
777,12,Plus,19.99,failed,0.0,False
778,12,Basic,9.99,failed,0.0,False
779,12,Plus,19.99,failed,0.0,False
780,12,Premium,29.99,failed,0.0,False
781,12,Basic,9.99,failed,0.0,False
782,12,Premium,29.99,paid,29.99,True
783,12,Basic,9.99,failed,0.0,False
784,12,Plus,19.99,paid,19.99,True
785,12,Premium,29.99,paid,29.99,True
786,12,Basic,9.99,paid,9.99,True
787,12,Plus,19.99,paid,19.99,True
788,12,Basic,9.99,paid,9.99,True
789,12,Plus,19.99,failed,0.0,False
790,12,Plus,19.99,failed,0.0,False
791,12,Basic,9.99,paid,9.99,True
792,12,Basic,9.99,failed,0.0,False
793,12,Basic,9.99,failed,0.0,False
794,12,Basic,9.99,paid,9.99,True
795,12,Basic,9.99,paid,9.99,True
796,12,Basic,9.99,failed,0.0,False
797,12,Basic,9.99,paid,9.99,True
798,12,Basic,9.99,paid,9.99,True
799,12,Plus,19.99,paid,19.99,True
800,12,Plus,19.99,failed,0.0,False
801,12,Plus,19.99,failed,0.0,False
802,12,Basic,9.99,failed,0.0,False
803,12,Premium,29.99,failed,0.0,False
804,12,Plus,19.99,failed,0.0,False
805,12,Basic,9.99,paid,9.99,True
806,12,Basic,9.99,paid,9.99,True
807,12,Plus,19.99,failed,0.0,False
808,12,Basic,9.99,failed,0.0,False
809,12,Basic,9.99,failed,0.0,False
810,12,Premium,29.99,paid,29.99,True
811,12,Basic,9.99,failed,0.0,False
812,12,Basic,9.99,failed,0.0,False
813,12,Premium,29.99,failed,0.0,False
814,12,Plus,19.99,failed,0.0,False
815,12,Basic,9.99,failed,0.0,False
816,12,Premium,29.99,failed,0.0,False
817,12,Premium,29.99,paid,29.99,True
818,12,Basic,9.99,failed,0.0,False
819,12,Plus,19.99,paid,19.99,True
820,12,Basic,9.99,failed,0.0,False
821,12,Basic,9.99,paid,9.99,True
822,12,Plus,19.99,failed,0.0,False
823,12,Basic,9.99,paid,9.99,True
824,12,Plus,19.99,failed,0.0,False
825,12,Plus,19.99,paid,19.99,True
826,12,Basic,9.99,failed,0.0,False
827,12,Plus,19.99,paid,19.99,True
828,12,Basic,9.99,failed,0.0,False
829,12,Premium,29.99,failed,0.0,False
830,12,Basic,9.99,failed,0.0,False
831,12,Plus,19.99,paid,19.99,True
832,12,Plus,19.99,paid,19.99,True
833,12,Basic,9.99,failed,0.0,False
834,12,Plus,19.99,paid,19.99,True
835,12,Plus,19.99,failed,0.0,False
836,12,Plus,19.99,paid,19.99,True
837,12,Plus,19.99,paid,19.99,True
838,12,Premium,29.99,failed,0.0,False
839,12,Basic,9.99,paid,9.99,True
840,12,Basic,9.99,paid,9.99,True
841,12,Basic,9.99,failed,0.0,False
842,12,Plus,19.99,paid,19.99,True
843,12,Basic,9.99,paid,9.99,True
844,12,Basic,9.99,failed,0.0,False
845,12,Basic,9.99,paid,9.99,True
846,12,Premium,29.99,failed,0.0,False
847,12,Basic,9.99,failed,0.0,False
848,12,Plus,19.99,failed,0.0,True
849,12,Basic,9.99,failed,0.0,False
850,12,Premium,29.99,paid,29.99,True
851,12,Basic,9.99,paid,9.99,True
852,12,Basic,9.99,paid,9.99,True
853,12,Premium,29.99,paid,29.99,True
854,12,Premium,29.99,paid,29.99,True
855,12,Basic,9.99,failed,0.0,False
856,12,Basic,9.99,failed,0.0,False
857,12,Plus,19.99,paid,19.99,True
858,12,Premium,29.99,failed,0.0,False
859,12,Basic,9.99,failed,0.0,False
860,12,Basic,9.99,paid,9.99,True
861,12,Plus,19.99,paid,19.99,True
862,12,Plus,19.99,paid,19.99,True
863,12,Plus,19.99,failed,0.0,False
864,12,Plus,19.99,failed,0.0,False
865,12,Basic,9.99,failed,0.0,False
866,12,Premium,29.99,failed,0.0,False
867,12,Premium,29.99,paid,29.99,True
868,12,Plus,19.99,failed,0.0,False
869,12,Basic,9.99,failed,0.0,False
870,12,Basic,9.99,failed,0.0,False
871,12,Plus,19.99,paid,19.99,True
872,12,Basic,9.99,failed,0.0,False
873,12,Premium,29.99,failed,0.0,False
874,12,Basic,9.99,failed,0.0,False
875,12,Plus,19.99,failed,0.0,False
876,12,Premium,29.99,paid,29.99,True
877,12,Basic,9.99,failed,0.0,False
878,12,Basic,9.99,failed,0.0,False
879,12,Plus,19.99,failed,0.0,False
880,12,Plus,19.99,failed,0.0,False
881,12,Basic,9.99,failed,0.0,False
882,12,Plus,19.99,paid,19.99,True
883,12,Premium,29.99,failed,0.0,False
884,12,Basic,9.99,failed,0.0,True
885,12,Basic,9.99,failed,0.0,False
886,12,Basic,9.99,failed,0.0,False
887,12,Basic,9.99,failed,0.0,False
888,12,Basic,9.99,failed,0.0,False
889,12,Basic,9.99,failed,0.0,False
890,12,Plus,19.99,failed,0.0,False
891,12,Basic,9.99,failed,0.0,False
892,12,Premium,29.99,failed,0.0,False
893,12,Basic,9.99,paid,9.99,True
894,12,Basic,9.99,paid,9.99,True
895,12,Plus,19.99,failed,0.0,False
896,12,Premium,29.99,paid,29.99,True
897,12,Basic,9.99,failed,0.0,False
898,12,Basic,9.99,failed,0.0,False
899,12,Basic,9.99,paid,9.99,True
900,12,Basic,9.99,paid,9.99,True
901,12,Basic,9.99,paid,9.99,True
902,12,Basic,9.99,failed,0.0,False
903,12,Basic,9.99,paid,9.99,True
904,12,Basic,9.99,failed,0.0,False
905,12,Premium,29.99,failed,0.0,False
906,12,Plus,19.99,failed,0.0,False
907,12,Basic,9.99,paid,9.99,True
908,12,Basic,9.99,paid,9.99,True
909,12,Basic,9.99,paid,9.99,True
910,12,Basic,9.99,paid,9.99,True
911,12,Plus,19.99,paid,19.99,True
912,12,Premium,29.99,failed,0.0,False
913,12,Premium,29.99,paid,29.99,True
914,12,Premium,29.99,paid,29.99,True
915,12,Premium,29.99,failed,0.0,False
916,12,Premium,29.99,paid,29.99,True
917,12,Basic,9.99,failed,0.0,False
918,12,Basic,9.99,paid,9.99,True
919,12,Basic,9.99,failed,0.0,False
920,12,Plus,19.99,failed,0.0,False
921,12,Basic,9.99,failed,0.0,False
922,12,Plus,19.99,failed,0.0,False
923,12,Plus,19.99,failed,0.0,False
924,12,Basic,9.99,failed,0.0,False
925,12,Basic,9.99,failed,0.0,False
926,12,Basic,9.99,paid,9.99,True
927,12,Basic,9.99,failed,0.0,False
928,12,Premium,29.99,failed,0.0,False
929,12,Plus,19.99,failed,0.0,False
930,12,Plus,19.99,paid,19.99,True
931,12,Basic,9.99,failed,0.0,False
932,12,Basic,9.99,paid,9.99,True
933,12,Basic,9.99,failed,0.0,False
934,12,Plus,19.99,failed,0.0,False
935,12,Plus,19.99,paid,19.99,True
936,12,Basic,9.99,paid,9.99,True
937,12,Premium,29.99,paid,29.99,True
938,12,Basic,9.99,paid,9.99,True
939,12,Premium,29.99,failed,0.0,False
940,12,Basic,9.99,failed,0.0,False
941,12,Basic,9.99,paid,9.99,True
942,12,Plus,19.99,failed,0.0,False
943,12,Basic,9.99,paid,9.99,True
944,12,Basic,9.99,paid,9.99,True
945,12,Basic,9.99,failed,0.0,False
946,12,Basic,9.99,paid,9.99,True
947,12,Plus,19.99,paid,19.99,True
948,12,Premium,29.99,failed,0.0,False
949,12,Premium,29.99,failed,0.0,False
950,12,Basic,9.99,failed,0.0,False
951,12,Basic,9.99,failed,0.0,False
952,12,Basic,9.99,failed,0.0,False
953,12,Basic,9.99,failed,0.0,False
954,12,Basic,9.99,failed,0.0,False
955,12,Premium,29.99,failed,0.0,False
956,12,Premium,29.99,failed,0.0,True
957,12,Plus,19.99,failed,0.0,False
958,12,Basic,9.99,failed,0.0,False
959,12,Basic,9.99,paid,9.99,True
960,12,Basic,9.99,paid,9.99,True
961,12,Basic,9.99,failed,0.0,False
962,12,Basic,9.99,failed,0.0,False
963,12,Basic,9.99,paid,9.99,True
964,12,Basic,9.99,failed,0.0,False
965,12,Premium,29.99,failed,0.0,False
966,12,Basic,9.99,failed,0.0,False
967,12,Premium,29.99,paid,29.99,True
968,12,Basic,9.99,failed,0.0,False
969,12,Plus,19.99,paid,19.99,True
970,12,Basic,9.99,failed,0.0,False
971,12,Basic,9.99,failed,0.0,False
972,12,Basic,9.99,paid,9.99,True
973,12,Basic,9.99,paid,9.99,True
974,12,Premium,29.99,failed,0.0,False
975,12,Basic,9.99,failed,0.0,False
976,12,Plus,19.99,failed,0.0,False
977,12,Basic,9.99,failed,0.0,False
978,12,Basic,9.99,failed,0.0,False
979,12,Basic,9.99,paid,9.99,True
980,12,Basic,9.99,failed,0.0,False
981,12,Premium,29.99,failed,0.0,False
982,12,Plus,19.99,paid,19.99,True
983,12,Plus,19.99,failed,0.0,False
984,12,Basic,9.99,failed,0.0,False
985,12,Basic,9.99,failed,0.0,False
986,12,Premium,29.99,failed,0.0,False
987,12,Basic,9.99,failed,0.0,False
988,12,Basic,9.99,failed,0.0,False
989,12,Basic,9.99,failed,0.0,False
990,12,Plus,19.99,failed,0.0,False
991,12,Plus,19.99,failed,0.0,False
992,12,Plus,19.99,failed,0.0,False
993,12,Plus,19.99,failed,0.0,False
994,12,Basic,9.99,failed,0.0,False
995,12,Premium,29.99,failed,0.0,False
996,12,Basic,9.99,failed,0.0,False
997,12,Plus,19.99,paid,19.99,True
998,12,Basic,9.99,failed,0.0,False
999,12,Premium,29.99,paid,29.99,True
1000,12,Basic,9.99,paid,9.99,True
